{
  "slug": "understand-2-security_4-your-sources-journo",
  "type": "unit",
  "title": "Your Sources",
  "parentTitle": "Understand Security",
  "locale": "en",
  "categories": [],
  "updatedAt": "2016-05-23T16:26:10.945Z",
  "cards": [
    {
      "stack": "1-intro",
      "title": "Introduction",
      "type": "card",
      "subtype": "intro",
      "category": [],
      "contents": "<p>This unit will describe things you should consider in terms of your safety and the safety of your sources."
    }
  ,
    {
      "stack": "1-intro",
      "title": "Introduction",
      "type": "card",
      "subtype": "intro",
      "category": [],
      "contents": "Much of the information for this unit is drawn from the Committee for the Protection of Journalists <a href=\"https://cpj.org/reports/2012/04/journalist-security-guide.php\">Journalist Security Guide.</a></p>"
    }
  ,
    {
      "stack": "2-scenario",
      "title": "Scenario",
      "type": "card",
      "subtype": "scenario",
      "category": [],
      "contents": "<p>Scenario text...</p>"
    }
  ,
    {
      "stack": "3-learn",
      "title": "Learn",
      "type": "card",
      "subtype": "learn",
      "category": [],
      "contents": "<p>Protecting sources is a cornerstone of journalism. This is especially important when covering topics such as violent crime, national security, and armed conflict, in which sources could be put at legal or physical risk."
    }
  ,
    {
      "stack": "3-learn",
      "title": "Learn",
      "type": "card",
      "subtype": "learn",
      "category": [],
      "contents": "Citizen journalists and freelance journalists, in particular, need to know that this burden rests primarily with them, although in some countries, journalists working for established media houses also face risks."
    }
  ,
    {
      "stack": "3-learn",
      "title": "Learn",
      "type": "card",
      "subtype": "learn",
      "category": [],
      "contents": "You should never promise a source that you can keep their identity confidential until you weight posible consequences of doing so. Oftentimes, media houses require journalists to provide the editor with the name of sources, however this is not always the case."
    }
  ,
    {
      "stack": "3-learn",
      "title": "Learn",
      "type": "card",
      "subtype": "learn",
      "category": [],
      "contents": "In some nations, local journalists covering organized crime, national security, or armed conflict are especially vulnerable to imprisonment, torture, coercion, or attack related to the use of confidential information."
    }
  ,
    {
      "stack": "3-learn",
      "title": "Learn",
      "type": "card",
      "subtype": "learn",
      "category": [],
      "contents": "In order to protect both you and your sources, it is important consider when and how to contact your sources, whether to call them on a landline or cell phone, whether to visit them in their office or home, and whether to use open or secure email or chat message."
    }
  ,
    {
      "stack": "3-learn",
      "title": "Learn",
      "type": "card",
      "subtype": "learn",
      "category": [],
      "contents": "Consider using simple code or pseudonyms to hide your source’s identity in written or electronic files. Instructions on physically securing written files, securing electronic files through encryption and other methods are described in other sections of this toolkt.</p>"
    }
  ,
    {
      "stack": "4-test",
      "title": "Test",
      "type": "activity",
      "subtype": "test",
      "category": [],
      "contents": "<quiz name=\"Gitbook Quiz\">\n    <question multiple>\n        <p>What is gitbook used for?</p>\n        <answer correct>To read books</answer>\n        <answer>To book hotel named git</answer>\n        <answer correct>To write and publish beautiful books</answer>\n        <explanation>GitBook.com lets you write, publish and manage your books online as a service.</explanation>\n    </question>\n    <question>\n        <p>Is it quiz?</p>\n        <answer correct>Yes</answer>\n        <answer>No</answer>\n    </question>\n</quiz>"
    }
  ,
    {
      "stack": "5-next",
      "title": "Next",
      "type": "card",
      "subtype": "next",
      "category": [],
      "contents": "<p>If you found this unit helpful, you might be interested in the following units:</p>\n<ul>\n<li><a href=\"en/topics/understand-2-security/1-your-security/1-intro.md\">Your security</a></li>\n<li><a href=\"en/topics/understand-2-security/2-your-well-being/1-intro.md\">Your well-being</a></li>\n<li><a href=\"en/topics/understand-2-security/3-your-mission-hrd/1-intro.md\">Your mission</a></li>\n<li><a href=\"en/topics/understand-2-security/3-your-story-journo/1-intro.md\">Your story</a></li>\n<li><a href=\"en/topics/understand-2-security/5-your-colleagues/1-intro.md\">Your colleagues</a></li>\n</ul>"
    }
  ]
}
  