{
  "slug": "practice-4-safe-social-networks_2-access-personal-details",
  "type": "unit",
  "title": "How to control access to your personal details?",
  "parentTitle": "Safe Social Networks",
  "locale": "en",
  "categories": [],
  "updatedAt": "2016-05-09T12:44:50.929Z",
  "cards": [
    {
      "stack": "1-intro",
      "title": "Introduction",
      "type": "card",
      "subtype": "intro",
      "category": [],
      "contents": "<p>Social networking sites ask you for a good deal of data about yourself to make it easier for other users to find and connect to you. Perhaps the biggest vulnerability this creates for users of these sites is the possibility of identity fraud, which is increasingly common. In addition, the more information about yourself you reveal online, the easier it becomes for the authorities to identify you and monitor your activities. The online activities of diaspora activists from some countries have led to the targeting of their family members by the authorities in their homelands.</p>"
    }
  ,
    {
      "stack": "2-scenario",
      "title": "Scenario",
      "type": "card",
      "subtype": "scenario",
      "category": [],
      "contents": "<p>Mansour and Magda are human rights defenders from north Africa. They are organising a march, to take place in the middle of a large city. They want to use Facebook to publicise the event. They are worried that the authorities could be tipped off and that anyone who shows an interest could be traced. They plan to use Twitter during the march to give updates on the progress of the march. But what if the police could monitor the tweets, and deploy squads to intercept marchers? Mansour and Magda plan how to share photos and videos of the march without revealing people&#39;s identities, because they worry that participants could face persecution.</p>"
    }
  ,
    {
      "stack": "3-learn",
      "title": "Learn",
      "type": "card",
      "subtype": "learn",
      "category": [],
      "contents": "<p>Ask yourself: is it necessary to post the following information online?</p>\n<ul>\n<li>birth dates</li>\n<li>contact phone numbers</li>\n<li>addresses</li>\n<li>details of family members</li>\n<li>sexual orientation</li>\n<li>education and employment history</li>\n</ul>"
    }
  ,
    {
      "stack": "4-howto",
      "title": "How-to",
      "type": "howto",
      "subtype": "howto",
      "category": [],
      "contents": "<p>You can control who can see various elements of your profile. This doesn&#39;t happen in the main privacy settings but directly when editing your profile.</p>\n<p>For instance going to About &gt; Contact &amp; Basic Info you can see your date of birth:</p>\n<p><img src=\"Screen Shot 2015-11-20 at 16.54.51.png\" alt=\"Screen Shot 2015-11-20 at 16.54.51.png\"></p>\n<p>If you place your mouse cursor over it, you will see an icon which can be a globe (public), a group (friends of friends), a lock (only me) or possibly other images.</p>\n<p><img src=\"Screen Shot 2015-11-20 at 16.54.57.png\" alt=\"Screen Shot 2015-11-20 at 16.54.57.png\"></p>\n<p>Clicking on this icon will bring up a menu where you can change this setting:</p>\n<p><img src=\"Screen Shot 2015-11-20 at 17.00.25.png\" alt=\"Screen Shot 2015-11-20 at 17.00.25.png\"></p>"
    }
  ,
    {
      "stack": "6-next",
      "title": "Next",
      "type": "card",
      "subtype": "next",
      "category": [],
      "contents": "<ul>\n<li><a href=\"safe-social-networks-who-can-access\">Who can access the information I am putting online?</a></li>\n<li><a href=\"safe-social-networks-who-controls\">Who controls and owns the information I put into a social networking site?</a></li>\n<li><a href=\"safe-social-networks-what-is-shared\">What information about me are my contacts passing on to other people?</a></li>\n<li><a href=\"safe-social-networks-consent\">Will my contacts mind if I share information about them with other people?</a></li>\n<li><a href=\"safe-social-networks-establishing-trust\">Do I trust everyone with whom I&#39;m connected?</a></li>\n</ul>"
    }
  ]
}
  