{
  "slug": "practice-3-safe-phones_0-getting-started",
  "type": "unit",
  "title": "Getting Started",
  "parentTitle": "Safe Phones",
  "locale": "en",
  "categories": [],
  "updatedAt": "2016-07-01T12:04:34.182Z",
  "cards": [
    {
      "stack": "1-1-intro",
      "title": "Safe phones",
      "unit": "0-getting-started",
      "images": [],
      "type": "card",
      "subtype": "intro",
      "category": [],
      "contents": "<p>Learn the basics of using mobile phones security.</p>"
    }
  ,
    {
      "stack": "1-2-takeaways",
      "title": "Learn about",
      "unit": "0-getting-started",
      "images": [],
      "type": "card",
      "subtype": "takeaways",
      "category": [],
      "contents": "<ul>\n<li><a href=\"en/topics/practice-3-safe-phones/0-getting-started/3-learn.md\">Basics of communicating securely on smart phones</a></li>\n</ul>"
    }
  ,
    {
      "stack": "2-scenario",
      "title": "Scenario",
      "unit": "0-getting-started",
      "images": [],
      "type": "card",
      "subtype": "scenario",
      "category": [],
      "contents": "<p>Scenario text...</p>"
    }
  ,
    {
      "stack": "3-learn",
      "title": "Safer communication on a smart phone",
      "unit": "0-getting-started",
      "images": [],
      "type": "card",
      "subtype": "learn",
      "category": [],
      "contents": "<h1 id=\"your-phone-can-reveal-your-identity\">Your phone can reveal your identity</h1>\n<p>Be aware that your smart phone is generally tied to your identity. This happens through billing, account services or SIM card registration. Your phone can also reveal your location."
    }
  ,
    {
      "stack": "3-learn",
      "title": "Safer communication on a smart phone",
      "unit": "0-getting-started",
      "images": [],
      "type": "card",
      "subtype": "learn",
      "category": [],
      "contents": "</p>\n<h1 id=\"encryption-does-not-hide-your-identity\">Encryption does not hide your identity</h1>\n<p>Encrypted messaging tools do not protect you from sharing this, but they do help protect the content of your communication."
    }
  ,
    {
      "stack": "3-learn",
      "title": "Safer communication on a smart phone",
      "unit": "0-getting-started",
      "images": [],
      "type": "card",
      "subtype": "learn",
      "category": [],
      "contents": "</p>\n<h1 id=\"secure-android-messaging-apps-\">Secure Android messaging apps:</h1>\n<p>ChatSecure by The Guardian Project integrates with desktop chat Clients like Jitsi and Pidgin (using Gchat or Jabber/XMPP) and adds end-to-end encryption and the ability to send encrypted files, photos and audio."
    }
  ,
    {
      "stack": "3-learn",
      "title": "Safer communication on a smart phone",
      "unit": "0-getting-started",
      "images": [],
      "type": "card",
      "subtype": "learn",
      "category": [],
      "contents": "</p>\n<h1 id=\"secure-android-messaging-apps-\">Secure Android messaging apps:</h1>\n<p>With csipsimple you can also make secure calls (such as from Ostel)."
    }
  ,
    {
      "stack": "3-learn",
      "title": "Safer communication on a smart phone",
      "unit": "0-getting-started",
      "images": [],
      "type": "card",
      "subtype": "learn",
      "category": [],
      "contents": "</p>\n<h1 id=\"secure-android-messaging-apps-\">Secure Android messaging apps:</h1>\n<p>RedPhone (for voice) and TextSecure (for SMS) by WhisperSystems are good, but both you and the person you are communicating with must be on Android (with these tools installed) in order for these tools to work."
    }
  ,
    {
      "stack": "3-learn",
      "title": "Safer communication on a smart phone",
      "unit": "0-getting-started",
      "images": [],
      "type": "card",
      "subtype": "learn",
      "category": [],
      "contents": "</p>\n<h1 id=\"secure-android-messaging-apps-\">Secure Android messaging apps:</h1>\n<p>Orbot by The Guardian Project and the Tor Project allows you to access the web, instant messaging and email without being monitored or blocked by their mobile internet service provider. For more information, refer to the <a href=\"en/topics/tool-10-orbot/0-getting-started/1-1-intro.md\">Orbot lesson</a></p>"
    }
  ,
    {
      "stack": "4-test",
      "title": "Test",
      "unit": "0-getting-started",
      "images": [],
      "type": "activity",
      "subtype": "test",
      "category": [],
      "contents": "<quiz name=\"Gitbook Quiz\">\n    <question multiple>\n        <p>What is gitbook used for?</p>\n        <answer correct>To read books</answer>\n        <answer>To book hotel named git</answer>\n        <answer correct>To write and publish beautiful books</answer>\n        <explanation>GitBook.com lets you write, publish and manage your books online as a service.</explanation>\n    </question>\n    <question>\n        <p>Is it quiz?</p>\n        <answer correct>Yes</answer>\n        <answer>No</answer>\n    </question>\n</quiz>"
    }
  ,
    {
      "stack": "5-next",
      "title": "Next",
      "unit": "0-getting-started",
      "images": [],
      "type": "card",
      "subtype": "next",
      "category": [],
      "contents": "<ul>\n<li><a href=\"en/topics/_topic/_unit/index.md\">A topic to study next</a></li>\n<li><a href=\"en/topics/_topic/_unit/index.md\">Another topic</a></li>\n<li>...</li>\n</ul>"
    }
  ]
}
  