{
  "slug": "practice-3-safe-phones_0-getting-started",
  "type": "unit",
  "title": "Getting Started",
  "parentTitle": "Safe Phones",
  "locale": "en",
  "categories": [],
  "updatedAt": "2016-05-22T16:59:12.485Z",
  "cards": [
    {
      "stack": "1-intro",
      "title": "Introduction",
      "type": "card",
      "subtype": "intro",
      "category": [],
      "contents": "<p>This topic covers the fundamentals security basics of mobile phones and devices</p>"
    }
  ,
    {
      "stack": "2-scenario",
      "title": "Scenario",
      "type": "card",
      "subtype": "scenario",
      "category": [],
      "contents": "<p>Scenario text...</p>"
    }
  ,
    {
      "stack": "3-learn",
      "title": "Learn",
      "type": "card",
      "subtype": "learn",
      "category": [],
      "contents": "<p>Safer Communication on a smartphone</p>\n<p>If you only have a smartphone, the following tools can protect your communication. Be aware that your phone is generally tied to your identity (through billing, account services or SIM card registration) and can reveal your location. These tools do not protect against this, they only encrypt the content of your communication.\nAndroid"
    }
  ,
    {
      "stack": "3-learn",
      "title": "Learn",
      "type": "card",
      "subtype": "learn",
      "category": [],
      "contents": "These apps are in the Google Play store, the F-Droid repository and available directly from the links above.\n-ChatSecure by The Guardian Project integrates with desktop chat Clients like Jitsi and Pidgin (using Gchat or Jabber/XMPP) and adds end-to-end encryption and the ability to send encrypted files, photos and audio.\n-With csipsimple you can also make secure calls (such as from Ostel).\n-RedPhone (for voice) and TextSecure (for SMS) by WhisperSystems are good, but both parties must be on Android (with these tools installed) in order for these tools to work."
    }
  ,
    {
      "stack": "3-learn",
      "title": "Learn",
      "type": "card",
      "subtype": "learn",
      "category": [],
      "contents": "Orbot by The Guardian Project and the Tor Project is an application that allows mobile phone users to access the web, instant messaging and email without being monitored or blocked by their mobile internet service provider. Orbot brings the features and functionality of Tor to the Android mobile operating system.</p>"
    }
  ,
    {
      "stack": "4-test",
      "title": "Test",
      "type": "activity",
      "subtype": "test",
      "category": [],
      "contents": "<quiz name=\"Gitbook Quiz\">\n    <question multiple>\n        <p>What is gitbook used for?</p>\n        <answer correct>To read books</answer>\n        <answer>To book hotel named git</answer>\n        <answer correct>To write and publish beautiful books</answer>\n        <explanation>GitBook.com lets you write, publish and manage your books online as a service.</explanation>\n    </question>\n    <question>\n        <p>Is it quiz?</p>\n        <answer correct>Yes</answer>\n        <answer>No</answer>\n    </question>\n</quiz>"
    }
  ,
    {
      "stack": "5-next",
      "title": "Next",
      "type": "card",
      "subtype": "next",
      "category": [],
      "contents": "<ul>\n<li><a href=\"en/topics/_topic/_unit/index.md\">A topic to study next</a></li>\n<li><a href=\"en/topics/_topic/_unit/index.md\">Another topic</a></li>\n<li>...</li>\n</ul>"
    }
  ]
}
  