{
  "slug": "practice-1-emergencies_3-seized-devices",
  "type": "unit",
  "title": "Devices Seized",
  "parentTitle": "Dealing with Emergencies",
  "locale": "en",
  "categories": [],
  "updatedAt": "2016-05-23T16:27:26.053Z",
  "cards": [
    {
      "stack": "1-1-intro",
      "title": "Introduction",
      "type": "card",
      "subtype": "intro",
      "category": [],
      "contents": "<p><img src=\"unit.png\" alt=\"\">"
    }
  ,
    {
      "stack": "1-1-intro",
      "title": "Introduction",
      "type": "card",
      "subtype": "intro",
      "category": [],
      "contents": "In this section, you will learn about what steps to take if your digital devices are seized.</p>"
    }
  ,
    {
      "stack": "2-scenario",
      "title": "Scenario",
      "type": "card",
      "subtype": "scenario",
      "category": [],
      "contents": "<p><img src=\"scenario.png\" alt=\"\">\nChris returned to his organisation&#39;s office after attending a lunch meeting, only to find the laptop he was writing his newest article on is now missing."
    }
  ,
    {
      "stack": "2-scenario",
      "title": "Scenario",
      "type": "card",
      "subtype": "scenario",
      "category": [],
      "contents": "<img src=\"scenario.png\" alt=\"\">\nHe is worried that he has not only lost important research, but also put his sources potentially at risk of exposure.</p>"
    }
  ,
    {
      "stack": "3-1-learn",
      "title": "Questions to answer when you first notice a device is missing",
      "type": "card",
      "subtype": "learn",
      "category": [],
      "contents": "<p><img src=\"recap.png\" alt=\"\">\nShould you believe your device is seized, start by answering some simple questions:"
    }
  ,
    {
      "stack": "3-1-learn",
      "title": "Questions to answer when you first notice a device is missing",
      "type": "card",
      "subtype": "learn",
      "category": [],
      "contents": "</p>\n<ul>\n<li>What happened?"
    }
  ,
    {
      "stack": "3-1-learn",
      "title": "Questions to answer when you first notice a device is missing",
      "type": "card",
      "subtype": "learn",
      "category": [],
      "contents": "</li>\n<li>What sort of device are you missing? A computer, mobile phone, tablet or an external hard drive?"
    }
  ,
    {
      "stack": "3-1-learn",
      "title": "Questions to answer when you first notice a device is missing",
      "type": "card",
      "subtype": "learn",
      "category": [],
      "contents": "</li>\n<li>When and where did you lose the device?"
    }
  ,
    {
      "stack": "3-1-learn",
      "title": "Questions to answer when you first notice a device is missing",
      "type": "card",
      "subtype": "learn",
      "category": [],
      "contents": "</li>\n<li>How did you lose the device? Was it stolen by another person, taken by a state authority or did you simply lose track of it?"
    }
  ,
    {
      "stack": "3-1-learn",
      "title": "Questions to answer when you first notice a device is missing",
      "type": "card",
      "subtype": "learn",
      "category": [],
      "contents": "-Is the device still missing?</li>\n</ul>"
    }
  ,
    {
      "stack": "3-2-learn",
      "title": "Identifying security protections the missing device has in place",
      "type": "card",
      "subtype": "learn",
      "category": [],
      "contents": "<p><img src=\"recap.png\" alt=\"\">\nThink about the kinds of security protections the device had in place:"
    }
  ,
    {
      "stack": "3-2-learn",
      "title": "Identifying security protections the missing device has in place",
      "type": "card",
      "subtype": "learn",
      "category": [],
      "contents": "</p>\n<ul>\n<li>Was the device protected by a password or other security measures?"
    }
  ,
    {
      "stack": "3-2-learn",
      "title": "Identifying security protections the missing device has in place",
      "type": "card",
      "subtype": "learn",
      "category": [],
      "contents": "</li>\n<li>Which operating system was running on the device? Was this a legal version, or was it an illegal, jailbroken or rooted version?"
    }
  ,
    {
      "stack": "3-2-learn",
      "title": "Identifying security protections the missing device has in place",
      "type": "card",
      "subtype": "learn",
      "category": [],
      "contents": "</li>\n<li>Does the device have full disk encryption turned on?"
    }
  ,
    {
      "stack": "3-2-learn",
      "title": "Identifying security protections the missing device has in place",
      "type": "card",
      "subtype": "learn",
      "category": [],
      "contents": "</li>\n<li>What state was your device in when it was lost? Were you logged in? Was the device on but password-locked? Was it sleeping or hibernating? Completely turned off?"
    }
  ,
    {
      "stack": "3-2-learn",
      "title": "Identifying security protections the missing device has in place",
      "type": "card",
      "subtype": "learn",
      "category": [],
      "contents": "</li>\n<li>Do you have remote access to the device?</li>\n</ul>"
    }
  ,
    {
      "stack": "3-3-learn",
      "title": "Identifying what was on the missing device",
      "type": "card",
      "subtype": "learn",
      "category": [],
      "contents": "<p><img src=\"recap.png\" alt=\"\">\nThink about the content of what you had on the device. Make an inventory of the different types of sensitive information that was on your device. Examples include email, chat history, social media, contacts (email, Skype, chat, etc.), files, location data, credit card data and more."
    }
  ,
    {
      "stack": "3-3-learn",
      "title": "Identifying what was on the missing device",
      "type": "card",
      "subtype": "learn",
      "category": [],
      "contents": "What sort of base software was it using, i.e. Windows, OS X, Android, iPhone?"
    }
  ,
    {
      "stack": "3-3-learn",
      "title": "Identifying what was on the missing device",
      "type": "card",
      "subtype": "learn",
      "category": [],
      "contents": "Did you use encryption tools for email or chat (such as PGP and OTR)?"
    }
  ,
    {
      "stack": "3-3-learn",
      "title": "Identifying what was on the missing device",
      "type": "card",
      "subtype": "learn",
      "category": [],
      "contents": "What accounts does this device have access to? This can be email, social media, chat, IM and banking accounts that the device can access, browsers that have saved passwords to account, cookies that show your internet browsing history, authentication tokens such as fingerprint on iPhone 5 and accounts that use the device for secondary authentication."
    }
  ,
    {
      "stack": "3-3-learn",
      "title": "Identifying what was on the missing device",
      "type": "card",
      "subtype": "learn",
      "category": [],
      "contents": "Do your accounts have saved passwords and/or automatically log in? This is common for email, Skype and other chat programs, or if you save your passwords in your web browser instead of a password manager like KeePass."
    }
  ,
    {
      "stack": "3-3-learn",
      "title": "Identifying what was on the missing device",
      "type": "card",
      "subtype": "learn",
      "category": [],
      "contents": "After answering these questions, take the following steps to mitigate the problem:"
    }
  ,
    {
      "stack": "3-3-learn",
      "title": "Identifying what was on the missing device",
      "type": "card",
      "subtype": "learn",
      "category": [],
      "contents": "</p>"
    }
  ,
    {
      "stack": "3-4-learn",
      "title": "Mitigating the problem",
      "type": "card",
      "subtype": "learn",
      "category": [],
      "contents": "<p><img src=\"recap.png\" alt=\"\">\nIf your device is still missing take the following four steps:"
    }
  ,
    {
      "stack": "3-4-learn",
      "title": "Mitigating the problem",
      "type": "card",
      "subtype": "learn",
      "category": [],
      "contents": "</p>\n<ul>\n<li>Step 1: When your device has access to accounts (email, social media or web account) remove the authorization for this device for all accounts. This can be done by going to your accounts online and changing the account permissions."
    }
  ,
    {
      "stack": "3-4-learn",
      "title": "Mitigating the problem",
      "type": "card",
      "subtype": "learn",
      "category": [],
      "contents": "</li>\n<li>Step 2: Change the passwords for all accounts that are accessible by this device. To learn more about doing this, refer to the Account Hijacked section."
    }
  ,
    {
      "stack": "3-4-learn",
      "title": "Mitigating the problem",
      "type": "card",
      "subtype": "learn",
      "category": [],
      "contents": "</li>\n<li>Step 3: Turn on 2-factor authentication for all accounts that were accessible by this device. Please note that not all accounts support 2-factor authentication."
    }
  ,
    {
      "stack": "3-4-learn",
      "title": "Mitigating the problem",
      "type": "card",
      "subtype": "learn",
      "category": [],
      "contents": "</li>\n<li>Step 4: If you have a tool installed on your lost devices that allows you to erase the data and the history of your device, use it."
    }
  ,
    {
      "stack": "3-4-learn",
      "title": "Mitigating the problem",
      "type": "card",
      "subtype": "learn",
      "category": [],
      "contents": "If you get your device back, take the following steps:"
    }
  ,
    {
      "stack": "3-4-learn",
      "title": "Mitigating the problem",
      "type": "card",
      "subtype": "learn",
      "category": [],
      "contents": "</li>\n<li>Be careful as you do not know who has had access to your device."
    }
  ,
    {
      "stack": "3-4-learn",
      "title": "Mitigating the problem",
      "type": "card",
      "subtype": "learn",
      "category": [],
      "contents": "</li>\n<li>Depending on the level of risk you’re facing, you may want to treat the device as if it is now untrusted or compromised. Ask yourself the following questions and assess the risk that your device has been compromised:"
    }
  ,
    {
      "stack": "3-4-learn",
      "title": "Mitigating the problem",
      "type": "card",
      "subtype": "learn",
      "category": [],
      "contents": "</li>\n<li>How long was the device out of your sight?</li>\n<li>Who potentially could have had access to it?"
    }
  ,
    {
      "stack": "3-4-learn",
      "title": "Mitigating the problem",
      "type": "card",
      "subtype": "learn",
      "category": [],
      "contents": "</li>\n<li>Why would they want access to it?</li>\n<li>Are there signs that the device has been physically tampered with?"
    }
  ,
    {
      "stack": "3-4-learn",
      "title": "Mitigating the problem",
      "type": "card",
      "subtype": "learn",
      "category": [],
      "contents": "If you have lost contact with your device for an extended period of time and you feel there is a chance that something has been installed on it, please consider the following:</li>\n<li>Computer: reinstall the OS from scratch and recover all documents from the last backup and scan all your documents and files with antivirus software. For more guidance on this, see cleaning up your device in the malware section."
    }
  ,
    {
      "stack": "3-4-learn",
      "title": "Mitigating the problem",
      "type": "card",
      "subtype": "learn",
      "category": [],
      "contents": "</li>\n<li>Phones and tablets: Depending on your level of risk and the circumstances under which your mobile phone or tablet was taken, it may be advisable to not use it again. If possible, migrate all of the data off of your phone or tables and purchase a new one."
    }
  ,
    {
      "stack": "3-4-learn",
      "title": "Mitigating the problem",
      "type": "card",
      "subtype": "learn",
      "category": [],
      "contents": "</li>\n<li>If you cannot change devices but you suspect it might be compromised, take precautions and do not use your phone or tablet for sensitive communication or opening sensitive files. Do not take it with you when going to sensitive meetings or have it with you when discussing sensitive topics."
    }
  ,
    {
      "stack": "3-4-learn",
      "title": "Mitigating the problem",
      "type": "card",
      "subtype": "learn",
      "category": [],
      "contents": "For more extensive threat modeling assistance see the Electronic Frontier Foundations&#39;s Surveillance Self Defense Guide <a href=\"!--https://ssd.eff.org/en--\">!--https://ssd.eff.org/en--</a>.</li>\n</ul>"
    }
  ,
    {
      "stack": "4-test",
      "title": "Test",
      "type": "activity",
      "subtype": "test",
      "category": [],
      "contents": "<quiz name=\"Gitbook Quiz\">\n    <question multiple>\n        <p>What is gitbook used for?</p>\n        <answer correct>To read books</answer>\n        <answer>To book hotel named git</answer>\n        <answer correct>To write and publish beautiful books</answer>\n        <explanation>GitBook.com lets you write, publish and manage your books online as a service.</explanation>\n    </question>\n    <question>\n        <p>Is it quiz?</p>\n        <answer correct>Yes</answer>\n        <answer>No</answer>\n    </question>\n</quiz>"
    }
  ,
    {
      "stack": "5-next",
      "title": "Next",
      "type": "card",
      "subtype": "next",
      "category": [],
      "contents": "<p> If you found this useful, you might be interested in the following related sections:</p>\n<ul>\n<li><a href=\"topics/practice-1-emergencies/1-seeking-help\">How to get help!</a> (Read this section first on how to communicate securely with others, and <em>where you can get help</em>)</li>\n<li><a href=\"topics/practice-1-emergencies/2-account-hijacked\">Has your account been hijacked?</a> (Are you locked out of your account? Seeing unusual activity?)</li>\n<li><a href=\"topics/practice-1-emergencies/4-malware.md\">Does your computer have malware?</a> (Is your computer acting suspicious?)"
    }
  ,
    {
      "stack": "5-next",
      "title": "Next",
      "type": "card",
      "subtype": "next",
      "category": [],
      "contents": "</li>\n<li><a href=\"topics/practice-1-emergencies/ddos.md\">Is your website under attack?</a> (Is your site down? Has it been defaced?)</li>\n<li><a href=\"topics/practice-1-emergencies/after.md\">What to do after the emergency is past</a> (What to do when the dust settles? Time to prepare so that you&#39;re ready for the next time.)"
    }
  ,
    {
      "stack": "5-next",
      "title": "Next",
      "type": "card",
      "subtype": "next",
      "category": [],
      "contents": "See also:</li>\n<li><a href=\"resources/glossary.md\">Glossary of terms</a></li>\n<li><a href=\"resources\">Further Reading and Resources</a></li>\n</ul>"
    }
  ]
}
  