{
  "slug": "practice-1-emergencies_3-seized-devices",
  "type": "unit",
  "title": "Devices Seized",
  "parentTitle": "Dealing with Emergencies",
  "locale": "en",
  "categories": [],
  "updatedAt": "2016-06-07T09:10:13.897Z",
  "cards": [
    {
      "stack": "1-1-intro",
      "title": "Introduction",
      "type": "card",
      "subtype": "intro",
      "category": [],
      "contents": "<p><img src=\"unit.png\" alt=\"\"></p>\n<p>Learn what to do if your digital devices are taken.</p>"
    }
  ,
    {
      "stack": "2-scenario",
      "title": "Scenario",
      "type": "card",
      "subtype": "scenario",
      "category": [],
      "contents": "<p><img src=\"scenario.png\" alt=\"\"></p>\n<p>Brenda returned to her office, only to find her laptop missing. She is worried that her laptop contains information that could put her sources at risk."
    }
  ,
    {
      "stack": "2-scenario",
      "title": "Scenario",
      "type": "card",
      "subtype": "scenario",
      "category": [],
      "contents": "<img src=\"scenario.png\" alt=\"\"></p>\n<p>She needs to know what was on the device before it went missing and what security protections were in place. Brenda is worried that if she doesn&#39;t have a clear view of the damage done, she isn&#39;t able to start recovering.</p>"
    }
  ,
    {
      "stack": "3-1-learn",
      "title": "Assess the situation",
      "type": "card",
      "subtype": "learn",
      "category": [],
      "contents": "<p><img src=\"recap.png\" alt=\"\"></p>\n<h1 id=\"appropriate-response\">Appropriate response</h1>\n<p>How did you lose your device? Was it stolen by another person, taken by a state authority, or did you simply lose track of it? If this is an adversary you need to develop <a href=\"en/topics/practice-2-planning/1-threats/1-1-intro.md\">an appropriate response</a>."
    }
  ,
    {
      "stack": "3-1-learn",
      "title": "Assess the situation",
      "type": "card",
      "subtype": "learn",
      "category": [],
      "contents": "</p>\n<h1 id=\"security-protections\">Security protections</h1>\n<p>Were there any <a href=\"en/topics/understand-4-digisec/0-getting-started/1-intro.md\">strong security protections</a> in place, such as full disk encryption or password protections? This will help you to learn if files on your computer containing sensitive information are secure or not."
    }
  ,
    {
      "stack": "3-1-learn",
      "title": "Assess the situation",
      "type": "card",
      "subtype": "learn",
      "category": [],
      "contents": "</p>\n<h1 id=\"content-and-contacts\">Content and contacts</h1>\n<p><a href=\"en/topics/practice-1-emergencies/3-seized-devices/3-3-learn.md\">What information  was on your device</a>, and what might harm your <a href=\"(en/topics/practice-1-emergencies/3-seized-devices/3-3-learn.md\">networks and  sources</a> if it gets into the wrong hands? <a href=\"en/topics/understand-4-digisec/4-secure-communications\">Securely Communicate</a> with your networks to let them know."
    }
  ,
    {
      "stack": "3-1-learn",
      "title": "Assess the situation",
      "type": "card",
      "subtype": "learn",
      "category": [],
      "contents": "</p>\n<h1 id=\"device-missing-or-returned\">Device missing or returned</h1>\n<p>Is the device <a href=\"(en/topics/practice-1-emergencies/3-seized-devices/3-5-learn.md\">still missing</a>) or <a href=\"en/topics/practice-1-emergencies/3-seized-devices/3-6-learn.md\">has it been returned</a>? Be careful as you do not know who has had access to your device. Possibly treat it as if it is now untrusted or compromised.</p>"
    }
  ,
    {
      "stack": "3-3-learn",
      "title": "Content and documents",
      "type": "card",
      "subtype": "learn",
      "category": [],
      "contents": "<h1 id=\"what-s-missing-\">What&#39;s missing?</h1>\n<p>Make an inventory of <em>what information</em> was on your seized device. Examples may include files, location data, credit card data and more. This will help you learn about what may have been exposed or stolen."
    }
  ,
    {
      "stack": "3-3-learn",
      "title": "Content and documents",
      "type": "card",
      "subtype": "learn",
      "category": [],
      "contents": "</p>\n<h1 id=\"is-your-missing-information-encrypted-\">Is your missing information encrypted?</h1>\n<p>If you had some of your information encrypted, think about where your encryption keys are and what content you encrypted. This will help you know more about who potentially could read the content of your files and documents."
    }
  ,
    {
      "stack": "3-3-learn",
      "title": "Content and documents",
      "type": "card",
      "subtype": "learn",
      "category": [],
      "contents": "Did you use encryption tools for email or chat (such as PGP and OTR)? This will help you learn if the content of your communications are secure or not."
    }
  ,
    {
      "stack": "3-3-learn",
      "title": "Content and documents",
      "type": "card",
      "subtype": "learn",
      "category": [],
      "contents": "</p>\n<h1 id=\"reviewing-your-passwords\">Reviewing your passwords</h1>\n<p>Do your accounts have saved passwords or automatically log in when you turn your device on? Are your passwords saved in your web browser instead of a password manager like KeePassX? If you do, be sure to change you passwords immediately and refer to the <a href=\"en/topics/understand-4-digisec/2-passwords/1-intro.md\">Passwords</a> lesson."
    }
  ,
    {
      "stack": "3-3-learn",
      "title": "Content and documents",
      "type": "card",
      "subtype": "learn",
      "category": [],
      "contents": "<img src=\"recap.png\" alt=\"\"></p>"
    }
  ,
    {
      "stack": "3-4-learn",
      "title": "Contacts and linked accounts",
      "type": "card",
      "subtype": "learn",
      "category": [],
      "contents": "<h1 id=\"who-is-at-risk-\">Who is at risk?</h1>\n<p>Make an inventory of <em>who was mentioned</em> in the documents on your missing device. Was your address book encrypted? This will help you learn what contacts or networks may be at risk."
    }
  ,
    {
      "stack": "3-4-learn",
      "title": "Contacts and linked accounts",
      "type": "card",
      "subtype": "learn",
      "category": [],
      "contents": "</p>\n<h1 id=\"removing-linked-accounts\">Removing linked accounts</h1>\n<p>What accounts does your device have access to? Examples include email, social media, and messaging services that the device can access. Was your device used for secondary authentication? This will help you determine which accounts you need to change account settings for."
    }
  ,
    {
      "stack": "3-4-learn",
      "title": "Contacts and linked accounts",
      "type": "card",
      "subtype": "learn",
      "category": [],
      "contents": "Even if you use encryption tools for email or chat, the <a href=\"en/topics/understand-4-digisec/3-metadata/1-intro.md\">metadata</a> of who and when you were communicating exposed. <a href=\"en/topics/understand-4-digisec/4-secure-communications\">Securely Communicate</a> with your networks to let them know."
    }
  ,
    {
      "stack": "3-4-learn",
      "title": "Contacts and linked accounts",
      "type": "card",
      "subtype": "learn",
      "category": [],
      "contents": "<img src=\"recap.png\" alt=\"\"></p>"
    }
  ,
    {
      "stack": "3-5-learn",
      "title": "If your device is still missing",
      "type": "card",
      "subtype": "learn",
      "category": [],
      "contents": "<blockquote>\n<p>Step 1</p>\n<h1 id=\"remove-authorization\">Remove authorization</h1>\n</blockquote>\n<p>When your device has access to accounts (email, social media or web account) remove the authorization for this device for all accounts. This can be done by going to your accounts online and changing the account permissions."
    }
  ,
    {
      "stack": "3-5-learn",
      "title": "If your device is still missing",
      "type": "card",
      "subtype": "learn",
      "category": [],
      "contents": "</p>\n<blockquote>\n<p>Step 2</p>\n<h1 id=\"change-passwords\">Change passwords</h1>\n</blockquote>\n<p>Change the passwords for all accounts that are accessible by this device. To learn more about doing this, refer to the <a href=\"en/topics/practice-1-emergencies/2-account-hijacked/1-1-intro.md\">Account Hijacked</a> and the <a href=\"en/topics/understand-4-digisec/2-passwords/1-intro.md\">Passwords</a> lessons."
    }
  ,
    {
      "stack": "3-5-learn",
      "title": "If your device is still missing",
      "type": "card",
      "subtype": "learn",
      "category": [],
      "contents": "</p>\n<blockquote>\n<p>Step 3</p>\n<h1 id=\"turn-on-2-factor-authentication\">Turn on 2-factor authentication</h1>\n</blockquote>\n<p>Turn on 2-factor authentication for all accounts that were accessible by this device. Please note that not all accounts support 2-factor authentication."
    }
  ,
    {
      "stack": "3-5-learn",
      "title": "If your device is still missing",
      "type": "card",
      "subtype": "learn",
      "category": [],
      "contents": "</p>\n<blockquote>\n<p>Step 4</p>\n<h1 id=\"erase-data-from-device\">Erase data from device</h1>\n</blockquote>\n<p>If you have a tool installed on your lost devices that allows you to erase the data and the history of your device, use it."
    }
  ,
    {
      "stack": "3-5-learn",
      "title": "If your device is still missing",
      "type": "card",
      "subtype": "learn",
      "category": [],
      "contents": "<img src=\"recap.png\" alt=\"\"></p>"
    }
  ,
    {
      "stack": "3-6-learn",
      "title": "If you get the device back",
      "type": "card",
      "subtype": "learn",
      "category": [],
      "contents": "<p>Ask yourself the following 4 questions and <a href=\"en/topics/practice-2-planning/2-assess-risk/1-1-intro.md\">assess the risk</a> that your device has been compromised:"
    }
  ,
    {
      "stack": "3-6-learn",
      "title": "If you get the device back",
      "type": "card",
      "subtype": "learn",
      "category": [],
      "contents": "&gt;</p>\n<h1 id=\"1-time-device-was-gone\">1. Time device was gone</h1>\n<p>How long was the device out of your sight? If you have lost contact with your device for a long time and you feel there is a chance that something has been installed on it, consider the following:"
    }
  ,
    {
      "stack": "3-6-learn",
      "title": "If you get the device back",
      "type": "card",
      "subtype": "learn",
      "category": [],
      "contents": "<em>Computer:</em> reinstall the OS from scratch and recover all documents from the last backup and scan all your documents and files with antivirus software. For more guidance on this, see the the <a href=\"en/topics/practice-1-emergencies/4-malware/1-1-intro.md\">malware section</a>."
    }
  ,
    {
      "stack": "3-6-learn",
      "title": "If you get the device back",
      "type": "card",
      "subtype": "learn",
      "category": [],
      "contents": "<em>Phones and tablets:</em> Depending on your level of risk and how your device was taken, you may not want to use it again. If possible, move all of the data off of your phone or tables and purchase a new one."
    }
  ,
    {
      "stack": "3-6-learn",
      "title": "If you get the device back",
      "type": "card",
      "subtype": "learn",
      "category": [],
      "contents": "If you cannot change devices but suspect it might be compromised, do not use your phone or tablet for sensitive communication or opening sensitive files. Do not take it to sensitive meetings or have it with you when discussing sensitive topics."
    }
  ,
    {
      "stack": "3-6-learn",
      "title": "If you get the device back",
      "type": "card",
      "subtype": "learn",
      "category": [],
      "contents": "</p>\n<blockquote>\n<h1 id=\"2-who-had-it-\">2. Who had it?</h1>\n</blockquote>\n<p>Who potentially could have had access to your device? This will help you know whether it was simply lost or if it was taken by an adversary the <a href=\"en/topics/practice-2-planning/1-threats/1-1-intro.md\">appropriate response.</a> to take."
    }
  ,
    {
      "stack": "3-6-learn",
      "title": "If you get the device back",
      "type": "card",
      "subtype": "learn",
      "category": [],
      "contents": "&gt;</p>\n<h1 id=\"3-what-did-they-want-\">3. What did they want?</h1>\n<p>Why would they want access to it? This will help you know whether the information on your device and your networks might be at risk."
    }
  ,
    {
      "stack": "3-6-learn",
      "title": "If you get the device back",
      "type": "card",
      "subtype": "learn",
      "category": [],
      "contents": "&gt;</p>\n<h1 id=\"4-was-it-tampered-\">4. Was it tampered?</h1>\n<p>Are there signs that the device has been physically tampered with? This will help you know whether <a href=\"en/topics/practice-1-emergencies/4-malware/1-1-intro.md\">malware</a> might have been installed on the device and whether or not you should us it again."
    }
  ,
    {
      "stack": "3-6-learn",
      "title": "If you get the device back",
      "type": "card",
      "subtype": "learn",
      "category": [],
      "contents": "<img src=\"recap.png\" alt=\"\"></p>"
    }
  ,
    {
      "stack": "4-test",
      "title": "Test",
      "type": "activity",
      "subtype": "test",
      "category": [],
      "contents": "<quiz name=\"Gitbook Quiz\">\n    <question multiple>\n        <p>What is gitbook used for?</p>\n        <answer correct>To read books</answer>\n        <answer>To book hotel named git</answer>\n        <answer correct>To write and publish beautiful books</answer>\n        <explanation>GitBook.com lets you write, publish and manage your books online as a service.</explanation>\n    </question>\n    <question>\n        <p>Is it quiz?</p>\n        <answer correct>Yes</answer>\n        <answer>No</answer>\n    </question>\n</quiz>"
    }
  ,
    {
      "stack": "5-next",
      "title": "Next",
      "type": "card",
      "subtype": "next",
      "category": [],
      "contents": "<ul>\n<li><a href=\"topics/practice-1-emergencies/2-account-hijacked\">Has your account been hijacked?</a> (Are you locked out of your account? Seeing unusual activity?)</li>\n<li><a href=\"topics/practice-1-emergencies/4-malware.md\">Does your computer have malware?</a> (Is your computer acting suspicious?)"
    }
  ,
    {
      "stack": "5-next",
      "title": "Next",
      "type": "card",
      "subtype": "next",
      "category": [],
      "contents": "See also:</li>\n<li>Digital Defenders Partnership: <a href=\"https://www.digitaldefenders.org/digitalfirstaid/\">Digital First Aid Kit</a></li>\n<li>Electronic Frontier Foundations: <a href=\"https://ssd.eff.org/en\">Surveillance Self Defense Guide</a></li>\n</ul>"
    }
  ]
}
  