{
  "slug": "understand-2-security_2-your-well-being",
  "type": "unit",
  "title": "Your Well Being",
  "parentTitle": "Understand Security",
  "locale": "en",
  "categories": [],
  "updatedAt": "2016-06-02T11:19:00.715Z",
  "cards": [
    {
      "stack": "1-1-intro",
      "title": "Introduction",
      "type": "card",
      "subtype": "intro",
      "category": [],
      "contents": "<p>Learn about ensuring your short and long term well-being.</p>"
    }
  ,
    {
      "stack": "2-scenario",
      "title": "Scenario",
      "type": "card",
      "subtype": "scenario",
      "category": [],
      "contents": "<p>Scenario text...</p>"
    }
  ,
    {
      "stack": "3-1-learn",
      "title": "Learn",
      "type": "card",
      "subtype": "learn",
      "category": [],
      "contents": "<p>Our survival response as humans is hardwired into special structures within our brains designed to drive our reactions to danger. We can call these special structures the “survival brain,” and the start-up mechanism for the survival brain is fear."
    }
  ,
    {
      "stack": "3-1-learn",
      "title": "Learn",
      "type": "card",
      "subtype": "learn",
      "category": [],
      "contents": "When our &quot;fear buttons&quot; are pressed, our bodies are preparing to enact our instinctual responses to danger. Your body will react in one of seven ways:</p>\n<blockquote>\n<p>1.</p>\n<h1 id=\"freeze\">Freeze</h1>\n</blockquote>\n<p>This response involves a person becoming utterly still—although highly alert—and ready for action. The strategy is to escape notice until the danger has passed."
    }
  ,
    {
      "stack": "3-1-learn",
      "title": "Learn",
      "type": "card",
      "subtype": "learn",
      "category": [],
      "contents": "A great example would be of a bank robbery in which a customer stands quietly in the corner, thereby managing to avoid the robbers’ unwanted attention."
    }
  ,
    {
      "stack": "3-1-learn",
      "title": "Learn",
      "type": "card",
      "subtype": "learn",
      "category": [],
      "contents": "<img src=\"recap.png\" alt=\"\"></p>\n<blockquote>\n<p>2.</p>\n<h1 id=\"flight\">Flight</h1>\n</blockquote>\n<p>This response is the strategy that puts as much distance as possible between us and danger. In the bank robbery example, we might imagine a customer who leaps over a desk and breaks down a door to get away."
    }
  ,
    {
      "stack": "3-1-learn",
      "title": "Learn",
      "type": "card",
      "subtype": "learn",
      "category": [],
      "contents": "You might experience this in your work when sources or colleagues stop listening to you, evading or changing the subject, talking to a neighbor, or crack inappropriate jokes."
    }
  ,
    {
      "stack": "3-1-learn",
      "title": "Learn",
      "type": "card",
      "subtype": "learn",
      "category": [],
      "contents": "<img src=\"recap.png\" alt=\"\"></p>\n<blockquote>\n<p>3.</p>\n<h1 id=\"comply\">Comply</h1>\n</blockquote>\n<p>This response involves completely submitting to the aggressor in the hopes that cooperation will result in the attack ending quickly and without injury."
    }
  ,
    {
      "stack": "3-1-learn",
      "title": "Learn",
      "type": "card",
      "subtype": "learn",
      "category": [],
      "contents": "In the bank robbery example, this could be an employee who assists the robbers in opening the safe, packing up the money, and escaping."
    }
  ,
    {
      "stack": "3-1-learn",
      "title": "Learn",
      "type": "card",
      "subtype": "learn",
      "category": [],
      "contents": "In your work, you may see this with people participating in something they find particularly uncomfortable. They do this in the mindset that if they just cooperate they will get through it quickly and will then be able to move on to less distressing work."
    }
  ,
    {
      "stack": "3-1-learn",
      "title": "Learn",
      "type": "card",
      "subtype": "learn",
      "category": [],
      "contents": "<img src=\"recap.png\" alt=\"\"></p>\n<blockquote>\n<p>4.</p>\n<h1 id=\"tend-and-befriend\">Tend and Befriend</h1>\n</blockquote>\n<p>This response aims to ensure survival by getting closer to other human beings. We protect and care for those who are injured and more vulnerable, and we try to build relationships with those who are stronger and can protect and care for us."
    }
  ,
    {
      "stack": "3-1-learn",
      "title": "Learn",
      "type": "card",
      "subtype": "learn",
      "category": [],
      "contents": "In extreme cases we might even try to befriend an aggressor—commonly referred to as Stockholm Syndrome."
    }
  ,
    {
      "stack": "3-1-learn",
      "title": "Learn",
      "type": "card",
      "subtype": "learn",
      "category": [],
      "contents": "In the bank robbery situation, an instance where a customer draws children together, comforts and quiets them so as to reduce the danger is perfect example of this response method."
    }
  ,
    {
      "stack": "3-1-learn",
      "title": "Learn",
      "type": "card",
      "subtype": "learn",
      "category": [],
      "contents": "In doing so, she gains the respect and gratitude of the parents in the room. Should violence ensue, it is more likely those parents will act to protect and care for her. At the heart of this response is the fact that human beings are social creatures and we draw together in times of danger."
    }
  ,
    {
      "stack": "3-1-learn",
      "title": "Learn",
      "type": "card",
      "subtype": "learn",
      "category": [],
      "contents": "In your work, you may see this with colleagues becoming overly concerned for each other’s well-being—a sign that they themselves might be experiencing distress."
    }
  ,
    {
      "stack": "3-1-learn",
      "title": "Learn",
      "type": "card",
      "subtype": "learn",
      "category": [],
      "contents": "<img src=\"recap.png\" alt=\"\"></p>\n<blockquote>\n<p>5.</p>\n<h1 id=\"posture\">Posture</h1>\n</blockquote>\n<p>This response is an attempt to drive off the danger by pretending to have greater physical strength than one actually does."
    }
  ,
    {
      "stack": "3-1-learn",
      "title": "Learn",
      "type": "card",
      "subtype": "learn",
      "category": [],
      "contents": "Going back to the bank robbery, a manager may confront the robbers with the lie that a silent alarm has been activated and the police are on their way."
    }
  ,
    {
      "stack": "3-1-learn",
      "title": "Learn",
      "type": "card",
      "subtype": "learn",
      "category": [],
      "contents": "In your work, you may see this with colleagues becoming argumentative and obstructive in order to undermine the authority of the trainer."
    }
  ,
    {
      "stack": "3-1-learn",
      "title": "Learn",
      "type": "card",
      "subtype": "learn",
      "category": [],
      "contents": "<img src=\"recap.png\" alt=\"\"></p>\n<blockquote>\n<p>6.</p>\n<h1 id=\"fight\">Fight</h1>\n</blockquote>\n<p>This response is the strategy of destroying or driving off the threat by attacking."
    }
  ,
    {
      "stack": "3-1-learn",
      "title": "Learn",
      "type": "card",
      "subtype": "learn",
      "category": [],
      "contents": "In the bank robbery situation, this would involve one or more people physically attacking the robbers, with or without weapons."
    }
  ,
    {
      "stack": "3-1-learn",
      "title": "Learn",
      "type": "card",
      "subtype": "learn",
      "category": [],
      "contents": "In your work, you might see this by a colleague being blamed for or even insulting another colleague for distress they are experiencing."
    }
  ,
    {
      "stack": "3-1-learn",
      "title": "Learn",
      "type": "card",
      "subtype": "learn",
      "category": [],
      "contents": "<img src=\"recap.png\" alt=\"\"></p>\n<blockquote>\n<p>7.</p>\n<h1 id=\"dissociation\">Dissociation</h1>\n</blockquote>\n<p>The Dissociation Response is characterized by the slowing of heart rate and breathing, a drop in blood pressure, and the person feeling calm and disconnected from the frightening reality in which they find themselves."
    }
  ,
    {
      "stack": "3-1-learn",
      "title": "Learn",
      "type": "card",
      "subtype": "learn",
      "category": [],
      "contents": "In the situation of the bank robbery, we might imagine a customer starting to giggle inappropriately or merely drifting off into a dreamlike state."
    }
  ,
    {
      "stack": "3-1-learn",
      "title": "Learn",
      "type": "card",
      "subtype": "learn",
      "category": [],
      "contents": "You might see this in your work if someone experiencing great distress becomes emotionally disconnected or inappropriate. Uncontrollable laughter when nothing is funny or daydreaming may both be signs of dissociation."
    }
  ,
    {
      "stack": "3-1-learn",
      "title": "Learn",
      "type": "card",
      "subtype": "learn",
      "category": [],
      "contents": "Dissociation is a sign of serious traumatization.\n<img src=\"recap.png\" alt=\"\"></p>"
    }
  ,
    {
      "stack": "3-2-learn",
      "title": "Chronic stress",
      "type": "card",
      "subtype": "learn",
      "category": [],
      "contents": "<h1 id=\"identifying-chronic-stress\">Identifying chronic stress</h1>\n<p>Chronic stress occurs regularly among journalists and human rights defenders, yet often goes unrecognised or unreported."
    }
  ,
    {
      "stack": "3-2-learn",
      "title": "Chronic stress",
      "type": "card",
      "subtype": "learn",
      "category": [],
      "contents": "With healthy levels of stress, symptoms are generally mild and temporary - people return to functioning when the stress factor is removed."
    }
  ,
    {
      "stack": "3-2-learn",
      "title": "Chronic stress",
      "type": "card",
      "subtype": "learn",
      "category": [],
      "contents": "If exposure to stress is excessive or long-term however, symptoms can persist and multiply, resulting in chronic or cumulative stress."
    }
  ,
    {
      "stack": "3-2-learn",
      "title": "Chronic stress",
      "type": "card",
      "subtype": "learn",
      "category": [],
      "contents": "Not only is this worse for the body physically and mentally, but chronic stress can also erode coping mechanisms."
    }
  ,
    {
      "stack": "3-2-learn",
      "title": "Chronic stress",
      "type": "card",
      "subtype": "learn",
      "category": [],
      "contents": "Chronic stress builds slowly and may be hard to notice in yourself or others. If not properly managed, chronic stress can lead to burnout.\n<img src=\"recap.png\" alt=\"\">"
    }
  ,
    {
      "stack": "3-2-learn",
      "title": "Chronic stress",
      "type": "card",
      "subtype": "learn",
      "category": [],
      "contents": "</p>\n<h1 id=\"effects-of-chronic-stress\">Effects of Chronic stress</h1>\n<p><strong>Physical symptoms:</strong>\n-Exhaustion\n-Hyperactivity\n-Sleeping difficulties or excessive sleep"
    }
  ,
    {
      "stack": "3-2-learn",
      "title": "Chronic stress",
      "type": "card",
      "subtype": "learn",
      "category": [],
      "contents": "-Slight flu-like symptoms\n-Headaches\n-Heightened blood pressure and heart rate\n-Nausia or vomiting."
    }
  ,
    {
      "stack": "3-2-learn",
      "title": "Chronic stress",
      "type": "card",
      "subtype": "learn",
      "category": [],
      "contents": "<strong>Behavioural symptoms:</strong>\n-Avoiding genuine social contact and relationships\n-Substance abuse (caffeine/alcohol/drugs)\n-A series of short and casual romantic/sexual relationships\n-Risk taking\n-Withdrawal\n-Irritability or a constant tendency to pick quarrels\n-Aggression"
    }
  ,
    {
      "stack": "3-2-learn",
      "title": "Chronic stress",
      "type": "card",
      "subtype": "learn",
      "category": [],
      "contents": "<strong>Work-related symptoms:</strong>\n-Working very long hours\n-Lateness/not coming in to work\n-Poor work performance"
    }
  ,
    {
      "stack": "3-2-learn",
      "title": "Chronic stress",
      "type": "card",
      "subtype": "learn",
      "category": [],
      "contents": "-Loss of perspective\n-Pre-occupation with an idea, even if it is old or ineffective\n-Deterioration in judgment and logical thinking\n-Reduced creativity\n-Deteriorating communication"
    }
  ,
    {
      "stack": "3-2-learn",
      "title": "Chronic stress",
      "type": "card",
      "subtype": "learn",
      "category": [],
      "contents": "<strong>Emotional effects:</strong>\n-Low morale\n-Pessimism and cynicism\n-Anxiety"
    }
  ,
    {
      "stack": "3-2-learn",
      "title": "Chronic stress",
      "type": "card",
      "subtype": "learn",
      "category": [],
      "contents": "-Guilt\n-Depression\n-Excitement/hyper-activity"
    }
  ,
    {
      "stack": "3-2-learn",
      "title": "Chronic stress",
      "type": "card",
      "subtype": "learn",
      "category": [],
      "contents": "-A feeling of power and invulnerability\n-Intense identification with, OR lack of compassion for those you work with\n-Nightmares or flashbacks"
    }
  ,
    {
      "stack": "3-2-learn",
      "title": "Chronic stress",
      "type": "card",
      "subtype": "learn",
      "category": [],
      "contents": "-Tendency to avoid/repress intense thoughts or feelings\n-Questioning of major life areas"
    }
  ,
    {
      "stack": "3-2-learn",
      "title": "Chronic stress",
      "type": "card",
      "subtype": "learn",
      "category": [],
      "contents": "<strong>Consequences:</strong>\nEngaging in some of these types of behaviours are security risks in and of themselves, so it is very important to both the individual affected and your organisation that it is dealt with properly."
    }
  ,
    {
      "stack": "3-2-learn",
      "title": "Chronic stress",
      "type": "card",
      "subtype": "learn",
      "category": [],
      "contents": "</p>\n<h1 id=\"dealing-with-chronic-stress\">Dealing with Chronic Stress</h1>\n<p>Stress management is an individual process. There is no one best set of techniques. For stress management to be effective, it must be include techniques that work best for each person."
    }
  ,
    {
      "stack": "3-2-learn",
      "title": "Chronic stress",
      "type": "card",
      "subtype": "learn",
      "category": [],
      "contents": "It is important to recognise that is it is impossible to take care of others if you do not take care of yourself."
    }
  ,
    {
      "stack": "3-2-learn",
      "title": "Chronic stress",
      "type": "card",
      "subtype": "learn",
      "category": [],
      "contents": "<strong>Learn about stress.</strong>\nBe aware of the <a href=\"en/topics/understand-2-security/2-your-well-being/3-2-learn.md\">signs and symptoms</a> of stress."
    }
  ,
    {
      "stack": "3-2-learn",
      "title": "Chronic stress",
      "type": "card",
      "subtype": "learn",
      "category": [],
      "contents": "<strong>Know yourself</strong>\nLearn to <a href=\"en/topics/understand-2-security/2-your-well-being/3-3-learn.md\">observe your feelings</a> and attitudes before trying to control your behaviour."
    }
  ,
    {
      "stack": "3-2-learn",
      "title": "Chronic stress",
      "type": "card",
      "subtype": "learn",
      "category": [],
      "contents": "<strong>Eat well and exercise</strong>\nEstablish a regular exercise program and stick to it. Beneficial exercise includes deep breathing and muscle relaxation exercises. Keep a healthy diet and eat regularly."
    }
  ,
    {
      "stack": "3-2-learn",
      "title": "Chronic stress",
      "type": "card",
      "subtype": "learn",
      "category": [],
      "contents": "<strong>Get rest and relaxation</strong>\nGet adequate, regular sleep. Maintain your normal routines for relaxation, such as hobbies, reading, etc."
    }
  ,
    {
      "stack": "3-2-learn",
      "title": "Chronic stress",
      "type": "card",
      "subtype": "learn",
      "category": [],
      "contents": "<strong>Practice belief systems</strong>\nMaintain spiritual health consistent with your personal beliefs."
    }
  ,
    {
      "stack": "3-2-learn",
      "title": "Chronic stress",
      "type": "card",
      "subtype": "learn",
      "category": [],
      "contents": "<strong>Maintain a sense of humour</strong>\nTry to have contact with others outside of the work environment to maintain perspective"
    }
  ,
    {
      "stack": "3-2-learn",
      "title": "Chronic stress",
      "type": "card",
      "subtype": "learn",
      "category": [],
      "contents": "<strong>Be informed</strong>\nKnowledge of the work situation and environment provides an effective way of checking rumours and immediately addressing concerns."
    }
  ,
    {
      "stack": "3-2-learn",
      "title": "Chronic stress",
      "type": "card",
      "subtype": "learn",
      "category": [],
      "contents": "<strong>Talk to others</strong>\nSharing a problem with others may help you find a solution and will make you feel less isolated. If unable to talk to others about your feelings, keep a journal or diary or write letters."
    }
  ,
    {
      "stack": "3-2-learn",
      "title": "Chronic stress",
      "type": "card",
      "subtype": "learn",
      "category": [],
      "contents": "<strong>Change a stressful environment as much as possible</strong>\nRefuse to see yourself as a helpless victim of circumstance. When faced with a difficult situation, identify the problem, think of alternative, evaluate the alternatives, and finally select and implement the best alternative."
    }
  ,
    {
      "stack": "3-2-learn",
      "title": "Chronic stress",
      "type": "card",
      "subtype": "learn",
      "category": [],
      "contents": "<strong>Think positive!</strong>"
    }
  ,
    {
      "stack": "3-2-learn",
      "title": "Chronic stress",
      "type": "card",
      "subtype": "learn",
      "category": [],
      "contents": "<img src=\"recap.png\" alt=\"\"></p>"
    }
  ,
    {
      "stack": "3-3-learn",
      "title": "Traumatic stress",
      "type": "card",
      "subtype": "learn",
      "category": [],
      "contents": "<h1 id=\"identifying-traumatic-stress\">Identifying traumatic stress</h1>\n<p>Journalists and human rights defenders do difficult and challenging work, and see a good deal of human misery. We may even be fearful for our lives at times."
    }
  ,
    {
      "stack": "3-3-learn",
      "title": "Traumatic stress",
      "type": "card",
      "subtype": "learn",
      "category": [],
      "contents": "It is therefore important to know how to react following a traumatic event, and how to recognise the symptoms of traumatic stress."
    }
  ,
    {
      "stack": "3-3-learn",
      "title": "Traumatic stress",
      "type": "card",
      "subtype": "learn",
      "category": [],
      "contents": "Any event which is very distressing and outside of the realm of normal human experience can result in traumatic stress. Such a response is a normal reaction to an abnormal situation."
    }
  ,
    {
      "stack": "3-3-learn",
      "title": "Traumatic stress",
      "type": "card",
      "subtype": "learn",
      "category": [],
      "contents": "Traumatic stress usually produces a very intense response, including fear and/or helplessness, which may overwhelm the individual’s coping mechanisms."
    }
  ,
    {
      "stack": "3-3-learn",
      "title": "Traumatic stress",
      "type": "card",
      "subtype": "learn",
      "category": [],
      "contents": "<img src=\"recap.png\" alt=\"\">"
    }
  ,
    {
      "stack": "3-3-learn",
      "title": "Traumatic stress",
      "type": "card",
      "subtype": "learn",
      "category": [],
      "contents": "</p>\n<h1 id=\"effects-of-traumatic-stress\">Effects of traumatic stress</h1>\n<p>At the time of a traumatic event, the person experiencing the event might feel numb and unable to respond."
    }
  ,
    {
      "stack": "3-3-learn",
      "title": "Traumatic stress",
      "type": "card",
      "subtype": "learn",
      "category": [],
      "contents": "Immediately after a traumatic event, it is common for people to feel shocked, or dazed, or unable to process their own feelings."
    }
  ,
    {
      "stack": "3-3-learn",
      "title": "Traumatic stress",
      "type": "card",
      "subtype": "learn",
      "category": [],
      "contents": "Over several hours or days, the feelings of shock and denial gradually fade, and other thoughts and feelings take their place."
    }
  ,
    {
      "stack": "3-3-learn",
      "title": "Traumatic stress",
      "type": "card",
      "subtype": "learn",
      "category": [],
      "contents": "People react differently and take different amounts of time to come to terms with a traumatic event. Even so, you may be surprised by the strength of your feelings."
    }
  ,
    {
      "stack": "3-3-learn",
      "title": "Traumatic stress",
      "type": "card",
      "subtype": "learn",
      "category": [],
      "contents": "<strong>Emotional effects of traumatic event</strong>\n<em>Frightened</em> — that the same thing will happen again, or that you might lose control of your feelings and break down"
    }
  ,
    {
      "stack": "3-3-learn",
      "title": "Traumatic stress",
      "type": "card",
      "subtype": "learn",
      "category": [],
      "contents": "<em>Helpless</em> - that something really bad happened and you could do nothing about it."
    }
  ,
    {
      "stack": "3-3-learn",
      "title": "Traumatic stress",
      "type": "card",
      "subtype": "learn",
      "category": [],
      "contents": "<em>Angry</em> — about what has happened and with whoever was responsible"
    }
  ,
    {
      "stack": "3-3-learn",
      "title": "Traumatic stress",
      "type": "card",
      "subtype": "learn",
      "category": [],
      "contents": "<em>Guilty</em> — that you have survived when others have suffered or died"
    }
  ,
    {
      "stack": "3-3-learn",
      "title": "Traumatic stress",
      "type": "card",
      "subtype": "learn",
      "category": [],
      "contents": "<em>Sad</em> - particularly if people were injured or killed, especially someone you knew."
    }
  ,
    {
      "stack": "3-3-learn",
      "title": "Traumatic stress",
      "type": "card",
      "subtype": "learn",
      "category": [],
      "contents": "<em>Ashamed or embarrassed</em> — that you have these strong feelings you can’t control, especially if you need others to support you"
    }
  ,
    {
      "stack": "3-3-learn",
      "title": "Traumatic stress",
      "type": "card",
      "subtype": "learn",
      "category": [],
      "contents": "<em>Relieved</em> - that danger is over and that the danger has gone."
    }
  ,
    {
      "stack": "3-3-learn",
      "title": "Traumatic stress",
      "type": "card",
      "subtype": "learn",
      "category": [],
      "contents": "<em>Hopeful</em> - that your life will return to normal. People can start to feel more positive about things quite soon after a trauma."
    }
  ,
    {
      "stack": "3-3-learn",
      "title": "Traumatic stress",
      "type": "card",
      "subtype": "learn",
      "category": [],
      "contents": "<strong>Physical effects of traumatic stress</strong>\nStrong feelings affect your physical health. In the weeks after a trauma, you may find that you:"
    }
  ,
    {
      "stack": "3-3-learn",
      "title": "Traumatic stress",
      "type": "card",
      "subtype": "learn",
      "category": [],
      "contents": "</p>\n<ul>\n<li>Cannot sleep</li>\n<li>Feel very tired</li>\n<li>Dream a lot and have nightmares"
    }
  ,
    {
      "stack": "3-3-learn",
      "title": "Traumatic stress",
      "type": "card",
      "subtype": "learn",
      "category": [],
      "contents": "</li>\n<li>Have poor concentration</li>\n<li>Have memory problems</li>\n<li>Have difficulty thinking clearly</li>\n<li>Suffer from headaches"
    }
  ,
    {
      "stack": "3-3-learn",
      "title": "Traumatic stress",
      "type": "card",
      "subtype": "learn",
      "category": [],
      "contents": "</li>\n<li>Experiences change in appetite</li>\n<li>Experiences changes in sex-drive or libido</li>\n<li>Have aches and pains</li>\n<li>Feel that your heart is beating faster."
    }
  ,
    {
      "stack": "3-3-learn",
      "title": "Traumatic stress",
      "type": "card",
      "subtype": "learn",
      "category": [],
      "contents": "It may take weeks for some of these feelings and symptoms to pass. Remember that these are normal reactions to extreme circumstances. They are not signs that you are weak or sick."
    }
  ,
    {
      "stack": "3-3-learn",
      "title": "Traumatic stress",
      "type": "card",
      "subtype": "learn",
      "category": [],
      "contents": "<img src=\"recap.png\" alt=\"\">"
    }
  ,
    {
      "stack": "3-3-learn",
      "title": "Traumatic stress",
      "type": "card",
      "subtype": "learn",
      "category": [],
      "contents": "<h1 id=\"dealing-with-traumatic-stress\">Dealing with traumatic stress</h1>\n</li>\n</ul>\n<p>Everyone has natural ways of coping. Encourage people to use their own positive coping strategies. This will help them feel stronger and regain a sense of control."
    }
  ,
    {
      "stack": "3-3-learn",
      "title": "Traumatic stress",
      "type": "card",
      "subtype": "learn",
      "category": [],
      "contents": "Adapt the following suggestions to take account of the person and what is possible after the crisis."
    }
  ,
    {
      "stack": "3-3-learn",
      "title": "Traumatic stress",
      "type": "card",
      "subtype": "learn",
      "category": [],
      "contents": "<strong>Encourage positive coping strategies</strong></p>\n<ul>\n<li>Get enough rest</li>\n<li>Eat as regularly as possible and drink water</li>\n<li>Talk and spend time with family and friends."
    }
  ,
    {
      "stack": "3-3-learn",
      "title": "Traumatic stress",
      "type": "card",
      "subtype": "learn",
      "category": [],
      "contents": "</li>\n<li>Discuss problems with someone you trust.</li>\n<li>Do activities that help you relax (walk, sing, pray, play with children).</li>\n<li>Do physical exercise</li>\n<li>Find safe ways to help others in the crisis and get involved in community activities."
    }
  ,
    {
      "stack": "3-3-learn",
      "title": "Traumatic stress",
      "type": "card",
      "subtype": "learn",
      "category": [],
      "contents": "<strong>Discourage negative coping strategies</strong></li>\n<li>Don’t take drugs, smoke or drink alcohol</li>\n<li>Don’t sleep all day</li>\n<li>Don’t work all the time without any rest or relation"
    }
  ,
    {
      "stack": "3-3-learn",
      "title": "Traumatic stress",
      "type": "card",
      "subtype": "learn",
      "category": [],
      "contents": "</li>\n<li>Don&#39;t isolate yourself from friends and loved ones.</li>\n<li>Don’t neglect basic personal hygiene</li>\n<li>Don’t be violent"
    }
  ,
    {
      "stack": "3-3-learn",
      "title": "Traumatic stress",
      "type": "card",
      "subtype": "learn",
      "category": [],
      "contents": "<strong>Weeks and months after</strong>\nKeep an eye out for changes in personal attitude (depression, frustration, etc.) as these may be signs of longer-term <a href=\"en/topics/understand-2-security/2-your-well-being/3-7-learn.md\">post-traumatic stress disorder (PTSD)</a>."
    }
  ,
    {
      "stack": "3-3-learn",
      "title": "Traumatic stress",
      "type": "card",
      "subtype": "learn",
      "category": [],
      "contents": "</li>\n</ul>"
    }
  ,
    {
      "stack": "3-5-learn",
      "title": "Post-traumatic stress disorder",
      "type": "card",
      "subtype": "learn",
      "category": [],
      "contents": "<h1 id=\"identifying-ptsd\">Identifying PTSD</h1>\n<p>Post-Traumatic Stress Disorder (PTSD) develops in about 1 in 3 people who experience severe trauma."
    }
  ,
    {
      "stack": "3-5-learn",
      "title": "Post-traumatic stress disorder",
      "type": "card",
      "subtype": "learn",
      "category": [],
      "contents": "Certain factors can make you more susceptible to developing PTSD after a traumatic event. These include if you or your family have had depression or anxiety in the past, or if you don’t receive much support from family or friends."
    }
  ,
    {
      "stack": "3-5-learn",
      "title": "Post-traumatic stress disorder",
      "type": "card",
      "subtype": "learn",
      "category": [],
      "contents": "In most cases, PTSD develops during the first month after a traumatic event. However, in a minority of cases, there may be a delay of months or even years before symptoms start to appear."
    }
  ,
    {
      "stack": "3-5-learn",
      "title": "Post-traumatic stress disorder",
      "type": "card",
      "subtype": "learn",
      "category": [],
      "contents": "<img src=\"recap.png\" alt=\"\">"
    }
  ,
    {
      "stack": "3-5-learn",
      "title": "Post-traumatic stress disorder",
      "type": "card",
      "subtype": "learn",
      "category": [],
      "contents": "</p>\n<h1 id=\"effects-of-ptsd\">Effects of PTSD</h1>\n<p>The specific symptoms of PTSD can vary widely between individuals, but generally fall into the categories described in the following cards."
    }
  ,
    {
      "stack": "3-5-learn",
      "title": "Post-traumatic stress disorder",
      "type": "card",
      "subtype": "learn",
      "category": [],
      "contents": "These symptoms are often severe and persistent and enough to have a significant impact on the person’s day-to-day life."
    }
  ,
    {
      "stack": "3-5-learn",
      "title": "Post-traumatic stress disorder",
      "type": "card",
      "subtype": "learn",
      "category": [],
      "contents": "<strong>Re-experiencing</strong>\nRe-experiencing is the most typical symptom of PTSD. This is when a person involuntarily and vividly re-lives the traumatic event in the form of flashbacks, nightmares or repetitive and distressing images or sensations."
    }
  ,
    {
      "stack": "3-5-learn",
      "title": "Post-traumatic stress disorder",
      "type": "card",
      "subtype": "learn",
      "category": [],
      "contents": "This can even include physical sensations such s pain, sweating and trembling or negative thoughts about their experience."
    }
  ,
    {
      "stack": "3-5-learn",
      "title": "Post-traumatic stress disorder",
      "type": "card",
      "subtype": "learn",
      "category": [],
      "contents": "<strong>Avoidance</strong>\nTrying to avoid being reminded of the traumatic event is another key symptom of PTSD."
    }
  ,
    {
      "stack": "3-5-learn",
      "title": "Post-traumatic stress disorder",
      "type": "card",
      "subtype": "learn",
      "category": [],
      "contents": "This usually means avoiding certain people or places that remind you of the trauma, or avoiding talking to anyone about your experience. Many people with PTSD try distraction themselves with work or hobbies."
    }
  ,
    {
      "stack": "3-5-learn",
      "title": "Post-traumatic stress disorder",
      "type": "card",
      "subtype": "learn",
      "category": [],
      "contents": "Some people attempt to deal with their feelings by trying not to feel anything at all, which can lead to the person becoming isolated and withdrawn."
    }
  ,
    {
      "stack": "3-5-learn",
      "title": "Post-traumatic stress disorder",
      "type": "card",
      "subtype": "learn",
      "category": [],
      "contents": "<strong>Feeling on edge</strong>\nSomeone with PTSD may be very anxious and find it difficult to relax. They may be constantly aware of threats and easily startled."
    }
  ,
    {
      "stack": "3-5-learn",
      "title": "Post-traumatic stress disorder",
      "type": "card",
      "subtype": "learn",
      "category": [],
      "contents": "This state of mind is known s hyper-arousal. Hyper-arousal often leads to irritability, angry outburst, sleeping problems (insomnia) and difficulty concentrating."
    }
  ,
    {
      "stack": "3-5-learn",
      "title": "Post-traumatic stress disorder",
      "type": "card",
      "subtype": "learn",
      "category": [],
      "contents": "<strong>Other problems</strong></p>\n<ul>\n<li>depression, anxiety and phobias</li>\n<li>drug misuse or alcohol misuse</li>\n<li>headaches, dizziness, chest pains and stomach aches</li>\n<li>PTSD sometimes leads to work-related problems and the breakdown of relationships."
    }
  ,
    {
      "stack": "3-5-learn",
      "title": "Post-traumatic stress disorder",
      "type": "card",
      "subtype": "learn",
      "category": [],
      "contents": "<img src=\"recap.png\" alt=\"\">"
    }
  ,
    {
      "stack": "3-5-learn",
      "title": "Post-traumatic stress disorder",
      "type": "card",
      "subtype": "learn",
      "category": [],
      "contents": "<h1 id=\"dealing-with-ptsd\">Dealing with PTSD</h1>\nIt is normal to experience upsetting and confusing thoughts after a traumatic event, but in most people these will improve naturally over a few weeks."
    }
  ,
    {
      "stack": "3-5-learn",
      "title": "Post-traumatic stress disorder",
      "type": "card",
      "subtype": "learn",
      "category": [],
      "contents": "If you are still having problems for weeks after the traumatic experience, or if symptoms are particularly troublesome, you should visit a doctor."
    }
  ,
    {
      "stack": "3-5-learn",
      "title": "Post-traumatic stress disorder",
      "type": "card",
      "subtype": "learn",
      "category": [],
      "contents": "Your doctor may refer you to mental health specialists if they feel you would benefit from this treatment."
    }
  ,
    {
      "stack": "3-5-learn",
      "title": "Post-traumatic stress disorder",
      "type": "card",
      "subtype": "learn",
      "category": [],
      "contents": "PTSD can be successfully treated, even when it develops many years after a traumatic event. Treatment depends on the severity of symptoms and how soon they occur after the traumatic event."
    }
  ,
    {
      "stack": "3-5-learn",
      "title": "Post-traumatic stress disorder",
      "type": "card",
      "subtype": "learn",
      "category": [],
      "contents": "<strong>Treatment options</strong></li>\n<li>Watchful waiting — waiting to see whether the symptoms improve without treatment</li>\n<li>Psychological treatment — such as psychotherapy or trauma-focused cognitive behavioural therapy (CPT)</li>\n<li>Antidepressant medication"
    }
  ,
    {
      "stack": "3-5-learn",
      "title": "Post-traumatic stress disorder",
      "type": "card",
      "subtype": "learn",
      "category": [],
      "contents": "<img src=\"recap.png\" alt=\"\">"
    }
  ,
    {
      "stack": "3-5-learn",
      "title": "Post-traumatic stress disorder",
      "type": "card",
      "subtype": "learn",
      "category": [],
      "contents": "</li>\n</ul>"
    }
  ,
    {
      "stack": "3-6-learn",
      "title": "Build your emotional resilience",
      "type": "card",
      "subtype": "learn",
      "category": [],
      "contents": "<p>Any person whose work exposes them to many stories and pictures of traumatic events is at an increased risk of indirect exposure to traumatic stress.\n<br.\nThis includes psychologists, counselors, journalists, nurses, paramedics, as well as police officers and other emergency personnel."
    }
  ,
    {
      "stack": "3-6-learn",
      "title": "Build your emotional resilience",
      "type": "card",
      "subtype": "learn",
      "category": [],
      "contents": "The emotional risk is two-pronged: burnout and vicarious traumatization."
    }
  ,
    {
      "stack": "3-6-learn",
      "title": "Build your emotional resilience",
      "type": "card",
      "subtype": "learn",
      "category": [],
      "contents": "</p>\n<h1 id=\"burnout\">Burnout</h1>\n<p>Burnout refers to long-term exhaustion caused by working too hard, for too long, and without sufficient support. It has been linked to a range of emotional and physical health problems, as well as poor performance in the workplace."
    }
  ,
    {
      "stack": "3-6-learn",
      "title": "Build your emotional resilience",
      "type": "card",
      "subtype": "learn",
      "category": [],
      "contents": "While exposure to threats or trauma is not a necessary feature of burnout, more emotionally demanding responsibilities place workers at greater risk."
    }
  ,
    {
      "stack": "3-6-learn",
      "title": "Build your emotional resilience",
      "type": "card",
      "subtype": "learn",
      "category": [],
      "contents": "The prevention of burnout requires a two-part strategy. The prevention of burnout is a shared responsibility between you and your employer."
    }
  ,
    {
      "stack": "3-6-learn",
      "title": "Build your emotional resilience",
      "type": "card",
      "subtype": "learn",
      "category": [],
      "contents": "</p>\n<ol>\n<li>Organizations must ensure a healthy work environment; appropriate levels of training, supervision, and support; reachable expectations and targets; as well as regular vacation time."
    }
  ,
    {
      "stack": "3-6-learn",
      "title": "Build your emotional resilience",
      "type": "card",
      "subtype": "learn",
      "category": [],
      "contents": "</li>\n<li>You should educate yourself of the risks of burnout, monitor your own emotional health, and actively sustain your own emotional health."
    }
  ,
    {
      "stack": "3-6-learn",
      "title": "Build your emotional resilience",
      "type": "card",
      "subtype": "learn",
      "category": [],
      "contents": "If you are suffering from burnout , the key to recovery is rest. It is essential that the you take time away from work to recover their emotional health."
    }
  ,
    {
      "stack": "3-6-learn",
      "title": "Build your emotional resilience",
      "type": "card",
      "subtype": "learn",
      "category": [],
      "contents": "During this period, it is important to examine and redesign the work situation that led to the problem in the first place. In addition, stress management training might help prevent future recurrence."
    }
  ,
    {
      "stack": "3-6-learn",
      "title": "Build your emotional resilience",
      "type": "card",
      "subtype": "learn",
      "category": [],
      "contents": "<img src=\"recap.png\" alt=\"\">"
    }
  ,
    {
      "stack": "3-6-learn",
      "title": "Build your emotional resilience",
      "type": "card",
      "subtype": "learn",
      "category": [],
      "contents": "<h1 id=\"vicarious-traumatization\">Vicarious Traumatization</h1>\nVicarious traumatization refers to traumatic stress arising from exposure to the frightening experiences of others."
    }
  ,
    {
      "stack": "3-6-learn",
      "title": "Build your emotional resilience",
      "type": "card",
      "subtype": "learn",
      "category": [],
      "contents": "In most cases, vicarious traumatization shares the features of the <a href=\"en/topics/understand-2-security/2-your-well-being/3-4-learn.md\">traumatic stress reaction</a> relating to the stories that they have heard or the work they do."
    }
  ,
    {
      "stack": "3-6-learn",
      "title": "Build your emotional resilience",
      "type": "card",
      "subtype": "learn",
      "category": [],
      "contents": "In some cases, vicarious traumatization takes the form of a loss of faith in the essential goodness of others and a growing sense that one’s work is meaningless."
    }
  ,
    {
      "stack": "3-6-learn",
      "title": "Build your emotional resilience",
      "type": "card",
      "subtype": "learn",
      "category": [],
      "contents": "The prevention of vicarious traumatization requires limiting exposure to distressing stories or increasing the capacity to process traumatic material."
    }
  ,
    {
      "stack": "3-6-learn",
      "title": "Build your emotional resilience",
      "type": "card",
      "subtype": "learn",
      "category": [],
      "contents": "While the former may be difficult for many people due to the demands of their jobs, regular supervision and ongoing support is helpful for the latter."
    }
  ,
    {
      "stack": "3-6-learn",
      "title": "Build your emotional resilience",
      "type": "card",
      "subtype": "learn",
      "category": [],
      "contents": "If you are suffering from vicarious traumatization, counseling is recommended. If you do not seek counseling, you might not make the most of your time off, resolve the vicarious trauma, or rest."
    }
  ,
    {
      "stack": "3-6-learn",
      "title": "Build your emotional resilience",
      "type": "card",
      "subtype": "learn",
      "category": [],
      "contents": "<img src=\"recap.png\" alt=\"\">"
    }
  ,
    {
      "stack": "3-6-learn",
      "title": "Build your emotional resilience",
      "type": "card",
      "subtype": "learn",
      "category": [],
      "contents": "</li>\n</ol>"
    }
  ,
    {
      "stack": "4-test",
      "title": "Test",
      "type": "activity",
      "subtype": "test",
      "category": [],
      "contents": "<quiz name=\"Gitbook Quiz\">\n    <question multiple>\n        <p>What is gitbook used for?</p>\n        <answer correct>To read books</answer>\n        <answer>To book hotel named git</answer>\n        <answer correct>To write and publish beautiful books</answer>\n        <explanation>GitBook.com lets you write, publish and manage your books online as a service.</explanation>\n    </question>\n    <question>\n        <p>Is it quiz?</p>\n        <answer correct>Yes</answer>\n        <answer>No</answer>\n    </question>\n</quiz>"
    }
  ,
    {
      "stack": "5-next",
      "title": "Next",
      "type": "card",
      "subtype": "next",
      "category": [],
      "contents": "<hr>\n<ul>\n<li>(en/topics/understand-2-security/1-your-security/1-intro.md): Learn more about your security</li>\n<li>(en/topics/understand-2-security/3-your-mission-hrd/1-intro.md): Learn about your mission as a Human Rights Defender</li>\n<li>(en/topics/understand-2-security/3-your-story-journo/1-intro.md): Things to consider when writing your story</li>\n<li>(en/topics/understand-2-security/4-your-sources-journo/1-intro.md): How to protect your sources</li>\n<li>(en/topics/understand-2-security/5-your-colleagues/1-intro.md): How to protect your colleagues</li>\n</ul>\n<hr>\n<p>See also:</p>\n<ul>\n<li>Security First: <a href=\"https://secfirst.org/index.html\">Umbrella</a></li>\n<li>De Becker, G. (1997). The Gift of Fear and Other Survival Signals that Protect us from Violence, New York: Dell Publishing.</li>\n<li>Level-up: <a href=\"https://www.level-up.cc/resources-for-trainers/holistic/psychological-underpinnings-security-training\">Psychological underpinnings of security training</a></li>\n<li><a href=\"http://www.integratedsecuritymanual.org/\">Integrated Security Manual</a></li>\n</ul>"
    }
  ]
}
  