{
  "slug": "understand-2-security_2-your-well-being",
  "type": "unit",
  "title": "Your Well Being",
  "parentTitle": "Understand Security",
  "locale": "en",
  "categories": [],
  "updatedAt": "2016-05-22T17:12:17.291Z",
  "cards": [
    {
      "stack": "1-intro",
      "title": "Introduction",
      "type": "card",
      "subtype": "intro",
      "category": [],
      "contents": "<p>This unit will address issues related to your well-being. Much of the information for this unit draws from Security First&#39;s <a href=\"https://secfirst.org/index.html\">Umbrella project</a>, available on <a href=\"https://play.google.com/store/apps/details?id=org.secfirst.umbrella\">Google Play</a>, <a href=\"https://github.com/securityfirst/Umbrella_android\">Github</a>, and <a href=\"https://secfirst.org/fdroid/repo\">F-Droid</a>.</p>"
    }
  ,
    {
      "stack": "2-scenario",
      "title": "Scenario",
      "type": "card",
      "subtype": "scenario",
      "category": [],
      "contents": "<p>Scenario text...</p>"
    }
  ,
    {
      "stack": "3-1-learn",
      "title": "Learn",
      "type": "card",
      "subtype": "learn",
      "category": [],
      "contents": "<p>##Effects of chronic stress\nThere is a wide range of possible symptoms of negative stress, and people differ in terms of the symptoms they exhibit."
    }
  ,
    {
      "stack": "3-1-learn",
      "title": "Learn",
      "type": "card",
      "subtype": "learn",
      "category": [],
      "contents": "Physical symptoms may include:\n-Exhaustion\n-Hyperactivity\n-Sleeping difficulties or excessive sleep</p>\n<p><Br>\n-Slight flu-like symptoms\n-Headaches\n-Heightened blood pressure and heart rate\n-Nausia or vomiting."
    }
  ,
    {
      "stack": "3-1-learn",
      "title": "Learn",
      "type": "card",
      "subtype": "learn",
      "category": [],
      "contents": "Behavioural symptoms may include:\n-Avoiding genuine social contact and relationships\n-Substance abuse (caffeine/alcohol/drugs)\n-A series of short and casual romatic/sexual relationships"
    }
  ,
    {
      "stack": "3-1-learn",
      "title": "Learn",
      "type": "card",
      "subtype": "learn",
      "category": [],
      "contents": "-Risk taking\n-Withdrawal\n-Irritability or a constant tendency to pick quarrels\n-Aggression"
    }
  ,
    {
      "stack": "3-1-learn",
      "title": "Learn",
      "type": "card",
      "subtype": "learn",
      "category": [],
      "contents": "Work-related symptoms may include\n-Working very long hours\n-Lateness/not coming in to work\n-Poor work performance"
    }
  ,
    {
      "stack": "3-1-learn",
      "title": "Learn",
      "type": "card",
      "subtype": "learn",
      "category": [],
      "contents": "-Loss of perspective\n-Pre-occupation with an idea, even if it is old or ineffective"
    }
  ,
    {
      "stack": "3-1-learn",
      "title": "Learn",
      "type": "card",
      "subtype": "learn",
      "category": [],
      "contents": "-Deterioration in judgment and logical thinking\n-Reduced creativity\n-Deteriorating communication"
    }
  ,
    {
      "stack": "3-1-learn",
      "title": "Learn",
      "type": "card",
      "subtype": "learn",
      "category": [],
      "contents": "Emotional effects may include\n-Low morale\n-Pessimism and cynicism"
    }
  ,
    {
      "stack": "3-1-learn",
      "title": "Learn",
      "type": "card",
      "subtype": "learn",
      "category": [],
      "contents": "-Anxiety\n-Guilt\n-Depression\n-Excitement/hyper-activity"
    }
  ,
    {
      "stack": "3-1-learn",
      "title": "Learn",
      "type": "card",
      "subtype": "learn",
      "category": [],
      "contents": "-A feeling of pwoer and invulnerability\n-Intense identificaiton with, OR lack of compassion for those you work with\n-Nightmares or flashbacks"
    }
  ,
    {
      "stack": "3-1-learn",
      "title": "Learn",
      "type": "card",
      "subtype": "learn",
      "category": [],
      "contents": "-Tendency to avoid/repress intense thoughts or feelings\n-Questioning of major life areas"
    }
  ,
    {
      "stack": "3-1-learn",
      "title": "Learn",
      "type": "card",
      "subtype": "learn",
      "category": [],
      "contents": "Engaging in some of these types of behaviours are security risks in and of themrselves, so it is very important to both the individual affected and your organisation that it is dealt with properly. </p>"
    }
  ,
    {
      "stack": "3-2-learn",
      "title": "Learn",
      "type": "card",
      "subtype": "learn",
      "category": [],
      "contents": "<p>##Dealing with chronic stress\nStress management is an individual process. There is no one best set of techniques. For stress management to be effective, it must be consignee and comprise the techniques that work best for each person."
    }
  ,
    {
      "stack": "3-2-learn",
      "title": "Learn",
      "type": "card",
      "subtype": "learn",
      "category": [],
      "contents": "It is important to recognise that is it is impossible to take care of others if you do not take care of yourself."
    }
  ,
    {
      "stack": "3-2-learn",
      "title": "Learn",
      "type": "card",
      "subtype": "learn",
      "category": [],
      "contents": "<strong>Learn about stress.</strong> Be aware of the signs and symptoms of stress."
    }
  ,
    {
      "stack": "3-2-learn",
      "title": "Learn",
      "type": "card",
      "subtype": "learn",
      "category": [],
      "contents": "<strong>Know yourself.</strong> Learn to observe your feelings and attitudes before trying to control your behaviour."
    }
  ,
    {
      "stack": "3-2-learn",
      "title": "Learn",
      "type": "card",
      "subtype": "learn",
      "category": [],
      "contents": "<strong>Eat well and exercise. </strong>Establish a regular exercise program and stick to it. Beneficial exercise for stress reduction includes deep breathing and muscle relaxation exercises. Keep a healthy diet and eat regularly."
    }
  ,
    {
      "stack": "3-2-learn",
      "title": "Learn",
      "type": "card",
      "subtype": "learn",
      "category": [],
      "contents": "<strong>Get rest and relaxation. </strong>Get adequate, regular sleep. Maintain your normal routines for relaxation, such as hobbies, reading, etc."
    }
  ,
    {
      "stack": "3-2-learn",
      "title": "Learn",
      "type": "card",
      "subtype": "learn",
      "category": [],
      "contents": "<strong>Practice belief systems.</strong> Maintain spiritual health consistent with your personal beliefs."
    }
  ,
    {
      "stack": "3-2-learn",
      "title": "Learn",
      "type": "card",
      "subtype": "learn",
      "category": [],
      "contents": "<strong>Maintain a sense of humour and perspective.</strong> Try to have contact with others outside of the work environment."
    }
  ,
    {
      "stack": "3-2-learn",
      "title": "Learn",
      "type": "card",
      "subtype": "learn",
      "category": [],
      "contents": "<strong>Be informed. </strong>Knowledge of the work situation and environment provides an effective way of checking rumours and immediately addressing concerns."
    }
  ,
    {
      "stack": "3-2-learn",
      "title": "Learn",
      "type": "card",
      "subtype": "learn",
      "category": [],
      "contents": "<strong>Talk to people. </strong>Sharing a problem with others may help you find a solution and will make you feel less isolated. If unable to talk to others about your feelings, keep a journal or diary or write letters."
    }
  ,
    {
      "stack": "3-2-learn",
      "title": "Learn",
      "type": "card",
      "subtype": "learn",
      "category": [],
      "contents": "<strong>Change a stressful environment as much as possible.</strong> Refuse to see yourself as a helpless victim of circumstance. When faced with a difficult situation, identify the problem, think of alternative, evaluate the alternatives, and finally select and implement the best alternative."
    }
  ,
    {
      "stack": "3-2-learn",
      "title": "Learn",
      "type": "card",
      "subtype": "learn",
      "category": [],
      "contents": "<strong>Think positive!</strong></p>"
    }
  ,
    {
      "stack": "3-3-learn",
      "title": "Learn",
      "type": "card",
      "subtype": "learn",
      "category": [],
      "contents": "<p>##What is traumatic stress\nJournalists and human rights defenders do difficult and challenging work ,and see a good deal of human misery. We may even be fearful for our lives at times. It is therefore imprint to know how to react following a traumatic event, and how to recognise the symptoms of traumatic stress."
    }
  ,
    {
      "stack": "3-3-learn",
      "title": "Learn",
      "type": "card",
      "subtype": "learn",
      "category": [],
      "contents": "Any event which is very distressing and outside of the realm of normal human experience can result in traumatic stress. Traumatic stress usually produces a very intense response, including fear and/or helplessness, which may overwhelm the individual’s coping mechanisms."
    }
  ,
    {
      "stack": "3-3-learn",
      "title": "Learn",
      "type": "card",
      "subtype": "learn",
      "category": [],
      "contents": "Such a response is a normal reaction to an abnormal situation.</p>"
    }
  ,
    {
      "stack": "3-4-learn",
      "title": "Learn",
      "type": "card",
      "subtype": "learn",
      "category": [],
      "contents": "<p>##Effects\nAt the time of a traumatic event, the person experiencing the event might feel numb and unable to respond."
    }
  ,
    {
      "stack": "3-4-learn",
      "title": "Learn",
      "type": "card",
      "subtype": "learn",
      "category": [],
      "contents": "Immediately after a traumatic event, it is common for people to feel shocked, or dazed, or unable to process their own feelings."
    }
  ,
    {
      "stack": "3-4-learn",
      "title": "Learn",
      "type": "card",
      "subtype": "learn",
      "category": [],
      "contents": "Over several hours or days, the feelings of shock and denial gradually fade, and other thoughts and feelings take their place."
    }
  ,
    {
      "stack": "3-4-learn",
      "title": "Learn",
      "type": "card",
      "subtype": "learn",
      "category": [],
      "contents": "People react differently and take different amounts of time to come to terms with a traumatic event. Even so, you may be surprised by the strength of your feelings."
    }
  ,
    {
      "stack": "3-4-learn",
      "title": "Learn",
      "type": "card",
      "subtype": "learn",
      "category": [],
      "contents": "</p>\n<p>##Feelings you might have after a traumatic event\nAfter an emergency or traumatic event, you may feel:"
    }
  ,
    {
      "stack": "3-4-learn",
      "title": "Learn",
      "type": "card",
      "subtype": "learn",
      "category": [],
      "contents": "Frightened — that the same thing will happen again, or that you might lose control of your feelings and break down"
    }
  ,
    {
      "stack": "3-4-learn",
      "title": "Learn",
      "type": "card",
      "subtype": "learn",
      "category": [],
      "contents": "Helpless - that something really bad happened and you could do nothing about it."
    }
  ,
    {
      "stack": "3-4-learn",
      "title": "Learn",
      "type": "card",
      "subtype": "learn",
      "category": [],
      "contents": "Angry — about what has happened and with whoever was responsible"
    }
  ,
    {
      "stack": "3-4-learn",
      "title": "Learn",
      "type": "card",
      "subtype": "learn",
      "category": [],
      "contents": "Guilty — that you have survived when others have suffered or died"
    }
  ,
    {
      "stack": "3-4-learn",
      "title": "Learn",
      "type": "card",
      "subtype": "learn",
      "category": [],
      "contents": "Sad - particularly if people were injured or killed, especially someone you knew."
    }
  ,
    {
      "stack": "3-4-learn",
      "title": "Learn",
      "type": "card",
      "subtype": "learn",
      "category": [],
      "contents": "Ashamed or embarrassed — that you have these strong feelings you can’t control, especially if you need others to support you"
    }
  ,
    {
      "stack": "3-4-learn",
      "title": "Learn",
      "type": "card",
      "subtype": "learn",
      "category": [],
      "contents": "Relieved - that danger is over and that the danger has gone."
    }
  ,
    {
      "stack": "3-4-learn",
      "title": "Learn",
      "type": "card",
      "subtype": "learn",
      "category": [],
      "contents": "Hopeful - that your life will return to normal. People can start to feel more positive about things quite soon after a trauma."
    }
  ,
    {
      "stack": "3-4-learn",
      "title": "Learn",
      "type": "card",
      "subtype": "learn",
      "category": [],
      "contents": "Strong feelings affect your physical health. In the weeks after a trauma, you may find that you:\n-Cannot sleep\n-Feel very tired\n-Dream a lot and have nightmares"
    }
  ,
    {
      "stack": "3-4-learn",
      "title": "Learn",
      "type": "card",
      "subtype": "learn",
      "category": [],
      "contents": "-Have poor concentration\n-Have memory problems\n-Have difficulty thinking clearly\n-Suffer from headaches"
    }
  ,
    {
      "stack": "3-4-learn",
      "title": "Learn",
      "type": "card",
      "subtype": "learn",
      "category": [],
      "contents": "-Experiences change in appetite\n-Experiences changes in sex-drive or libido\n-Have aches and pains\n-Feel that your heart is beating faster.</p>\n<p><Br>\nIt may take weeks for some of these feelings and symptoms to pass. Remember that these are normal reactions to extreme circumstances. They are not signs that you are week or sick."
    }
  ,
    {
      "stack": "3-4-learn",
      "title": "Learn",
      "type": "card",
      "subtype": "learn",
      "category": [],
      "contents": "</p>\n<p>##Coping strategies for traumatic stress\nEveryone has natural ways of coping. Encourage people to use their own positive coping strategies."
    }
  ,
    {
      "stack": "3-4-learn",
      "title": "Learn",
      "type": "card",
      "subtype": "learn",
      "category": [],
      "contents": "This will help them feel stronger and regain a sense of control. You will need to adapt the following suggestions to take account of the persons culture and what is possible in the particular crisis situation."
    }
  ,
    {
      "stack": "3-4-learn",
      "title": "Learn",
      "type": "card",
      "subtype": "learn",
      "category": [],
      "contents": "Encourage positive coping strategies</p>\n<ul>\n<li>Get enough rest</li>\n<li>Eat as regularly as possible and drink water</li>\n<li>Talk and spend time with family and friends."
    }
  ,
    {
      "stack": "3-4-learn",
      "title": "Learn",
      "type": "card",
      "subtype": "learn",
      "category": [],
      "contents": "</li>\n<li>Discuss problems with someone you trust. </li>\n<li>Do activities that help you relax (walk, sing, pray, play with children).</li>\n<li>Do physical exercise</li>\n<li>Find safe ways to help others in the crisis and get involved in community activities."
    }
  ,
    {
      "stack": "3-4-learn",
      "title": "Learn",
      "type": "card",
      "subtype": "learn",
      "category": [],
      "contents": "Discourage negative coping strategies:</li>\n<li>Don’t take drugs, smoke or drink alcohol</li>\n<li>Don’t sleep all day"
    }
  ,
    {
      "stack": "3-4-learn",
      "title": "Learn",
      "type": "card",
      "subtype": "learn",
      "category": [],
      "contents": "</li>\n<li>Don’t work all the time without any rest or relation</li>\n<li>Don&#39;t isolate yourself from friends and loved ones.</li>\n<li>Don’t neglect basic personal hygiene</li>\n<li>Don’t be violent"
    }
  ,
    {
      "stack": "3-4-learn",
      "title": "Learn",
      "type": "card",
      "subtype": "learn",
      "category": [],
      "contents": "It is crucial in the weeks and months after a traumatic event to keep an eye out for changes in personal attitude (depression, frustration, etc.) as these may be signs of longer-term post-traumatic stress disorder. PTSD is addressed in the following unit.</li>\n</ul>"
    }
  ,
    {
      "stack": "3-5-learn",
      "title": "Learn",
      "type": "card",
      "subtype": "learn",
      "category": [],
      "contents": "<p>##Coping strategies for traumatic stress\nEveryone has natural ways of coping. Encourage people to use their own positive coping strategies."
    }
  ,
    {
      "stack": "3-5-learn",
      "title": "Learn",
      "type": "card",
      "subtype": "learn",
      "category": [],
      "contents": "This will help them feel stronger and regain a sense of control. You will need to adapt the following suggestions to take account of the persons culture and what is possible in the particular crisis situation."
    }
  ,
    {
      "stack": "3-5-learn",
      "title": "Learn",
      "type": "card",
      "subtype": "learn",
      "category": [],
      "contents": "Encourage positive coping strategies</p>\n<ul>\n<li>Get enough rest</li>\n<li>Eat as regularly as possible and drink water</li>\n<li>Talk and spend time with family and friends."
    }
  ,
    {
      "stack": "3-5-learn",
      "title": "Learn",
      "type": "card",
      "subtype": "learn",
      "category": [],
      "contents": "</li>\n<li>Discuss problems with someone you trust. </li>\n<li>Do activities that help you relax (walk, sing, pray, play with children).</li>\n<li>Do physical exercise</li>\n<li>Find safe ways to help others in the crisis and get involved in community activities."
    }
  ,
    {
      "stack": "3-5-learn",
      "title": "Learn",
      "type": "card",
      "subtype": "learn",
      "category": [],
      "contents": "Discourage negative coping strategies:</li>\n<li>Don’t take drugs, smoke or drink alcohol</li>\n<li>Don’t sleep all day"
    }
  ,
    {
      "stack": "3-5-learn",
      "title": "Learn",
      "type": "card",
      "subtype": "learn",
      "category": [],
      "contents": "</li>\n<li>Don’t work all the time without any rest or relation</li>\n<li>Don&#39;t isolate yourself from friends and loved ones.</li>\n<li>Don’t neglect basic personal hygiene</li>\n<li>Don’t be violent"
    }
  ,
    {
      "stack": "3-5-learn",
      "title": "Learn",
      "type": "card",
      "subtype": "learn",
      "category": [],
      "contents": "It is crucial in the weeks and months after a traumatic event to keep an eye out for changes in personal attitude (depression, frustration, etc.) as these may be signs of longer-term post-traumatic stress disorder. PTSD is addressed in the following unit.</li>\n</ul>"
    }
  ,
    {
      "stack": "3-6-learn",
      "title": "Learn",
      "type": "card",
      "subtype": "learn",
      "category": [],
      "contents": "<p>##What is post-traumatic stress disorder\nPost-Traumatic Stress Disorder (PTSD) develops in about 1 in 3 people who experience severe trauma."
    }
  ,
    {
      "stack": "3-6-learn",
      "title": "Learn",
      "type": "card",
      "subtype": "learn",
      "category": [],
      "contents": "Certain factors such as if you or your family have had depression or anxiety in the past, or you don’t receive much support from family or friends, can make you more susceptible to developing PTSD after a traumatic event."
    }
  ,
    {
      "stack": "3-6-learn",
      "title": "Learn",
      "type": "card",
      "subtype": "learn",
      "category": [],
      "contents": "In most cases, PTSD develops during the first month after a traumatic event. However, in a minority of cases, there may be a delay of months or even years before symptoms start to appear. </p>"
    }
  ,
    {
      "stack": "3-7-learn",
      "title": "Learn",
      "type": "card",
      "subtype": "learn",
      "category": [],
      "contents": "<p>##Effects\nThe specific symptoms of PTSD can vary widely between individuals, but they generally fall into the categories described in the following cards."
    }
  ,
    {
      "stack": "3-7-learn",
      "title": "Learn",
      "type": "card",
      "subtype": "learn",
      "category": [],
      "contents": "These symptoms are often severe and persistent and enough to have a significant impact on the person’s day-to-day life."
    }
  ,
    {
      "stack": "3-7-learn",
      "title": "Learn",
      "type": "card",
      "subtype": "learn",
      "category": [],
      "contents": "<strong>Re-experiencing</strong>\nRe-experiencing is the most typical symptom of PTSD. This is when a person involuntarily and vividly re-lives the traumatic event in the form of flashbacks, nightmares or repetitive and distressing images or sensations."
    }
  ,
    {
      "stack": "3-7-learn",
      "title": "Learn",
      "type": "card",
      "subtype": "learn",
      "category": [],
      "contents": "This can even include physical sensations such s pain, sweating and trembling or negative thoughts about their experience."
    }
  ,
    {
      "stack": "3-7-learn",
      "title": "Learn",
      "type": "card",
      "subtype": "learn",
      "category": [],
      "contents": "<strong>Avoidance</strong>\nTrying to avoid being reminded of the traumatic event is another key symptom of PTSD."
    }
  ,
    {
      "stack": "3-7-learn",
      "title": "Learn",
      "type": "card",
      "subtype": "learn",
      "category": [],
      "contents": "This usually means avoiding certain people or places that remind you of the trauma, or avoiding talking to anyone about your experience. Many people with PTSD try distraction themselves with work or hobbies."
    }
  ,
    {
      "stack": "3-7-learn",
      "title": "Learn",
      "type": "card",
      "subtype": "learn",
      "category": [],
      "contents": "Some people attempt to deal with their feelings by trying not to feel anything at all, which can lead to the person becoming isolated and withdrawn."
    }
  ,
    {
      "stack": "3-7-learn",
      "title": "Learn",
      "type": "card",
      "subtype": "learn",
      "category": [],
      "contents": "<strong>Feeling on edge</strong>\nSomeone with PTSD may be very anxious and find it difficult to relax. They may be constantly aware of threats and easily startled."
    }
  ,
    {
      "stack": "3-7-learn",
      "title": "Learn",
      "type": "card",
      "subtype": "learn",
      "category": [],
      "contents": "This state of mind is known s hyper-arousal. Hyper-arousal often leads to irritability, angry outburst, sleeping problems (insomnia) and difficulty concentrating."
    }
  ,
    {
      "stack": "3-7-learn",
      "title": "Learn",
      "type": "card",
      "subtype": "learn",
      "category": [],
      "contents": "<strong>Other problems</strong>\nMany people with PTSD also have a number of other problems, including:</p>\n<ul>\n<li>depression, anxiety and phobias</li>\n<li>drug misuse or alcohol misuse </li>\n<li>headaches, dizziness, chest pains and stomach aches</li>\n<li>PTSD sometimes leads to work-related problems and the breakdown of relationships."
    }
  ,
    {
      "stack": "3-7-learn",
      "title": "Learn",
      "type": "card",
      "subtype": "learn",
      "category": [],
      "contents": "##Dealing with it\nIt is normal to experience upsetting and confusing thoughts after a traumatic event, but in most people these will improve naturally over a few weeks. \nHowever you should visit your doctor if you are still having problems about for weeks after the traumatic experience, of if the symptoms are particularly troublesome. \nYour doctor may refer you to mental health specialists if they feel you would benefit from this treatment.</li>\n</ul>\n<p>PTSD can be successfully treated, even when it develops many years after a traumatic event. treatment depends on the severity of symptoms and how soon they occur after the traumatic event. any of the following treatment options may be recommended</p>\n<ul>\n<li>watchful waiting — waiting to see whether the symptoms improve without treatment</li>\n<li>psychological treatment — such as psychotherapy or trauma-focused cognitive behavioural therapy (CPT)</li>\n<li>antidepressant medication</li>\n</ul>"
    }
  ,
    {
      "stack": "3-8-learn",
      "title": "Learn",
      "type": "card",
      "subtype": "learn",
      "category": [],
      "contents": "<p>##Dealing with it\nIt is normal to experience upsetting and confusing thoughts after a traumatic event, but in most people these will improve naturally over a few weeks."
    }
  ,
    {
      "stack": "3-8-learn",
      "title": "Learn",
      "type": "card",
      "subtype": "learn",
      "category": [],
      "contents": "However you should visit your doctor if you are still having problems about for weeks after the traumatic experience, of if the symptoms are particularly troublesome."
    }
  ,
    {
      "stack": "3-8-learn",
      "title": "Learn",
      "type": "card",
      "subtype": "learn",
      "category": [],
      "contents": "Your doctor may refer you to mental health specialists if they feel you would benefit from this treatment."
    }
  ,
    {
      "stack": "3-8-learn",
      "title": "Learn",
      "type": "card",
      "subtype": "learn",
      "category": [],
      "contents": "PTSD can be successfully treated, even when it develops many years after a traumatic event. Treatment depends on the severity of symptoms and how soon they occur after the traumatic event."
    }
  ,
    {
      "stack": "3-8-learn",
      "title": "Learn",
      "type": "card",
      "subtype": "learn",
      "category": [],
      "contents": "Any of the following treatment options may be recommended:"
    }
  ,
    {
      "stack": "3-8-learn",
      "title": "Learn",
      "type": "card",
      "subtype": "learn",
      "category": [],
      "contents": "</p>\n<ul>\n<li>Watchful waiting — waiting to see whether the symptoms improve without treatment</li>\n<li>Psychological treatment — such as psychotherapy or trauma-focused cognitive behavioural therapy (CPT)</li>\n<li>Antidepressant medication</li>\n</ul>"
    }
  ,
    {
      "stack": "3-learn",
      "title": "Learn",
      "type": "card",
      "subtype": "learn",
      "category": [],
      "contents": "<p>##What is of chronic stress?\nChronic stress occurs regularly among journalists and human rights defenders, yet often goes unrecognised or unreported."
    }
  ,
    {
      "stack": "3-learn",
      "title": "Learn",
      "type": "card",
      "subtype": "learn",
      "category": [],
      "contents": "With healthy levels of stress, symptoms are generally mild and temporary - people return to functioning when the stress factor is removed."
    }
  ,
    {
      "stack": "3-learn",
      "title": "Learn",
      "type": "card",
      "subtype": "learn",
      "category": [],
      "contents": "If exposure to stress is excessive or long-term however, symptoms can persist and multiply, resulting in chronic or cumulative stress."
    }
  ,
    {
      "stack": "3-learn",
      "title": "Learn",
      "type": "card",
      "subtype": "learn",
      "category": [],
      "contents": "Not only is this worse for the body physically and mentally, but chronic stress can also erode coping mechanisms."
    }
  ,
    {
      "stack": "3-learn",
      "title": "Learn",
      "type": "card",
      "subtype": "learn",
      "category": [],
      "contents": "Chronic stress builds slowly and may be hard to notice in yourself or others. If not properly manged, chronic stress can lead to burnout. </p>"
    }
  ,
    {
      "stack": "4-test",
      "title": "Test",
      "type": "activity",
      "subtype": "test",
      "category": [],
      "contents": "<quiz name=\"Gitbook Quiz\">\n    <question multiple>\n        <p>What is gitbook used for?</p>\n        <answer correct>To read books</answer>\n        <answer>To book hotel named git</answer>\n        <answer correct>To write and publish beautiful books</answer>\n        <explanation>GitBook.com lets you write, publish and manage your books online as a service.</explanation>\n    </question>\n    <question>\n        <p>Is it quiz?</p>\n        <answer correct>Yes</answer>\n        <answer>No</answer>\n    </question>\n</quiz>"
    }
  ,
    {
      "stack": "5-next",
      "title": "Next",
      "type": "card",
      "subtype": "next",
      "category": [],
      "contents": "<p>If you found this unit helpful, you might be interested in the following units:</p>\n<ul>\n<li><a href=\"topics/practice-1-emergencies/1-seeking-help\">How to get help!</a> (Read this section first on how to communicate securely with others, and <em>where you can get help</em>)</li>\n<li><a href=\"topics/practice-1-emergencies/2-account-hijacked\">Has your account been hijacked?</a> (Are you locked out of your account? Seeing unusual activity?)"
    }
  ,
    {
      "stack": "5-next",
      "title": "Next",
      "type": "card",
      "subtype": "next",
      "category": [],
      "contents": "</li>\n<li><a href=\"topics/practice-1-emergencies/3-devices-seized.md\">Has your phone or laptop been taken from you?</a> (Was it taken out of your sight at a security checkpoint? Stolen/siezed? Has it been returned?)</li>\n<li><a href=\"topics/practice-1-emergencies/4-malware.md\">Does your computer have malware?</a> (Is your computer acting suspicious?)"
    }
  ,
    {
      "stack": "5-next",
      "title": "Next",
      "type": "card",
      "subtype": "next",
      "category": [],
      "contents": "</li>\n<li><a href=\"topics/practice-1-emergencies/ddos.md\">Is your website under attack?</a> (Is your site down? Has it been defaced?)</li>\n</ul>"
    }
  ]
}
  