{
  "slug": "tool-10-orbot_0-getting-started",
  "type": "unit",
  "title": "Getting Started",
  "parentTitle": "Orbot",
  "locale": "en",
  "categories": [],
  "updatedAt": "2016-06-22T14:24:42.379Z",
  "cards": [
    {
      "stack": "1-1-intro",
      "title": "Getting started with Orbot",
      "unit": "0-getting-started",
      "images": [],
      "type": "card",
      "subtype": "intro",
      "category": [],
      "contents": "<p>Learn to use Orbot, the Android-platform app created by the Guardian Project, designed to increase the anonymity of your activities on the Internet.</p>"
    }
  ,
    {
      "stack": "3-1-learn",
      "title": "Installing and configuring Orbot",
      "unit": "0-getting-started",
      "images": [],
      "type": "card",
      "subtype": "learn",
      "category": [],
      "contents": "<p>To learn how to install and configure Orbot, refer to the <a href=\"https://securityinabox.org/en/women-hrds/orbot/android\">detailed guide put together</a> by the Tactical Technology Collective.</p>"
    }
  ,
    {
      "stack": "1-2-takeaways",
      "title": "Learn about",
      "unit": "0-getting-started",
      "images": [],
      "type": "card",
      "subtype": "takeaways",
      "category": [],
      "contents": "<ul>\n<li><a href=\"en/topics/tool-10-orbot/0-getting-started/3-1-learn.md\">Installing and configuring Orbot</a>\n-</li>\n</ul>"
    }
  ,
    {
      "stack": "3-2-learn",
      "title": "Use Orbot to remain anonymous online",
      "unit": "0-getting-started",
      "images": [],
      "type": "card",
      "subtype": "learn",
      "category": [],
      "contents": "<h1 id=\"step-1-start-orbot\">Step 1: Start Orbot</h1>\n<p>Touch and hold the grey Orbot icon in the centre of the screen until it turns yellow and says Orbot is starting.\n<img src=\"orbot-and-014.png\" alt=\"orbot-and-014.png\">"
    }
  ,
    {
      "stack": "3-2-learn",
      "title": "Use Orbot to remain anonymous online",
      "unit": "0-getting-started",
      "images": [],
      "type": "card",
      "subtype": "learn",
      "category": [],
      "contents": "</p>\n<h1 id=\"step-2-confirm-you-have-connected\">Step 2: Confirm you have connected</h1>\n<p>The first time you start Orbot a notification will appear to confirm you connected successfully to the Tor network. Tap  <img src=\"orbot-and-016.png\" alt=\"orbot-and-016.png\"> to see the green Orbot indication that Orbot is running.\n<img src=\"orbot-and-018.png\" alt=\"orbot-and-018.png\">"
    }
  ,
    {
      "stack": "3-2-learn",
      "title": "Use Orbot to remain anonymous online",
      "unit": "0-getting-started",
      "images": [],
      "type": "card",
      "subtype": "learn",
      "category": [],
      "contents": "<strong>Note:</strong> You will only see the notification screen the first time you start Orbot after installation."
    }
  ,
    {
      "stack": "3-2-learn",
      "title": "Use Orbot to remain anonymous online",
      "unit": "0-getting-started",
      "images": [],
      "type": "card",
      "subtype": "learn",
      "category": [],
      "contents": "</p>\n<h1 id=\"step-3-disconnect\">Step 3: Disconnect</h1>\n<p>To disconnect Orbot you touch and hold the green Orbot until it turns grey. Or if you want to disconnect and quit Orbot, tap the menu icon (<img src=\"orbot-and-019.png\" alt=\"orbot-and-019.png\">) in the top right of the screen and select <img src=\"orbot-and-020.png\" alt=\"orbot-and-020.png\">.</p>\n<p><img src=\"orbot-and-021.png\" alt=\"orbot-and-021.png\">"
    }
  ,
    {
      "stack": "3-2-learn",
      "title": "Use Orbot to remain anonymous online",
      "unit": "0-getting-started",
      "images": [],
      "type": "card",
      "subtype": "learn",
      "category": [],
      "contents": "</p>\n<h1 id=\"route-your-communication-through-orbot\">Route your communication through Orbot</h1>\n<p>In order to browse or chat on the internet anonymously, you need to install an app (browser or chat) which can route your communication through a proxy in conjunction with Orbot."
    }
  ,
    {
      "stack": "3-2-learn",
      "title": "Use Orbot to remain anonymous online",
      "unit": "0-getting-started",
      "images": [],
      "type": "card",
      "subtype": "learn",
      "category": [],
      "contents": "Refer to the related guides Tactical Technology Collective has put together for using <a href=\"https://securityinabox.org/en/women-hrds/orweb/android\">Orweb</a> and <a href=\"https://securityinabox.org/en/women-hrds/chatsecure/android\">ChatSecure</a> with Orbot."
    }
  ,
    {
      "stack": "3-2-learn",
      "title": "Use Orbot to remain anonymous online",
      "unit": "0-getting-started",
      "images": [],
      "type": "card",
      "subtype": "learn",
      "category": [],
      "contents": "</p>\n<h1 id=\"step-4-create-a-new-orbot-identity\">Step 4: Create a new Orbot identity</h1>\n<p>If at any stage you want to appear to come from a new location, you can get a new identity from Orbot by swiping left or right on the green Orbot image."
    }
  ,
    {
      "stack": "3-2-learn",
      "title": "Use Orbot to remain anonymous online",
      "unit": "0-getting-started",
      "images": [],
      "type": "card",
      "subtype": "learn",
      "category": [],
      "contents": "</p>\n<h1 id=\"recieve-confirmation\">Recieve confirmation</h1>\n<p>The image will briefly spin and then display You&#39;ve switched to a new Tor Identity.\n<img src=\"orbot-and-022.png\" alt=\"orbot-and-022.png\"></p>"
    }
  ,
    {
      "stack": "4-test",
      "title": "Test",
      "unit": "0-getting-started",
      "images": [],
      "type": "activity",
      "subtype": "test",
      "category": [],
      "contents": "<quiz name=\"Gitbook Quiz\">\n    <question multiple>\n        <p>What is gitbook used for?</p>\n        <answer correct>To read books</answer>\n        <answer>To book hotel named git</answer>\n        <answer correct>To write and publish beautiful books</answer>\n        <explanation>GitBook.com lets you write, publish and manage your books online as a service.</explanation>\n    </question>\n    <question>\n        <p>Is it quiz?</p>\n        <answer correct>Yes</answer>\n        <answer>No</answer>\n    </question>\n</quiz>"
    }
  ,
    {
      "stack": "5-next",
      "title": "Next",
      "unit": "0-getting-started",
      "images": [],
      "type": "card",
      "subtype": "next",
      "category": [],
      "contents": "<hr>\n<ul>\n<li>en/topics/understand-2-security/0-getting-started/1-1-intro.md: Getting started with your Security\n-/en/topics/understand-4-digisec/0-getting-started/1-1-intro.md: Getting started with Digital Security\n-/en/topics/practice-6-managing-website/1-down-site/1-1-intro.md: Reasons your website might be down</li>\n</ul>\n<hr>\n<p>See also:</p>\n<ul>\n<li>Electronic Frontier Foundation: <a href=\"https://ssd.eff.org/en/\">Security Self-Defence</a></li>\n<li>Tactical Technology Collective: <a href=\"https://securityinabox.org/en/\">Security in a Box</a></li>\n</ul>"
    }
  ]
}
  