{
  "slug": "practice-5-internet-anonymity_0-getting-started",
  "type": "unit",
  "title": "Getting Started",
  "parentTitle": "Using the Internet Anonymously",
  "locale": "en",
  "categories": [],
  "updatedAt": "2016-05-03T10:06:16.921Z",
  "cards": [
    {
      "stack": "1-intro",
      "title": "Introduction",
      "type": "card",
      "subtype": "intro",
      "category": [],
      "contents": "<p>In this chapter you are going to learn how to be anonymous while using internet using a software tool called Tor.</p>\n<p>"
    }
  ,
    {
      "stack": "1-intro",
      "title": "Introduction",
      "type": "card",
      "subtype": "intro",
      "category": [],
      "contents": "</p>\n<p>Your government and hackers around the world are increasingly interested in knowing exactly what you’re up to when you browse the web.</p>\n<p>"
    }
  ,
    {
      "stack": "1-intro",
      "title": "Introduction",
      "type": "card",
      "subtype": "intro",
      "category": [],
      "contents": "</p>\n<p>If you want to keep yourself safe in this digital age you can use Tor browser software which hide or disguise your identity and keep prying eyes off of your traffic.</p>"
    }
  ,
    {
      "stack": "2-scenario",
      "title": "Scenario",
      "type": "card",
      "subtype": "scenario",
      "category": [],
      "contents": "<p>Henry and Grace are journalists in a Kampala suburb who mantain a blog on which they anonymously publicise corruption practices and campaign for political change. </p>\n<p>"
    }
  ,
    {
      "stack": "2-scenario",
      "title": "Scenario",
      "type": "card",
      "subtype": "scenario",
      "category": [],
      "contents": "</p>\n<p>The authorities in Uganda have not been able to shut down their website, because it is hosted in another country, but they have often tried to learn the identity of the blog&#39;s administrators from other journalists.</p>\n<p>"
    }
  ,
    {
      "stack": "2-scenario",
      "title": "Scenario",
      "type": "card",
      "subtype": "scenario",
      "category": [],
      "contents": "</p>\n<p>Henry and Grace are concerned that the authorities may be able to monitor their updates and learn who they are.</p>\n<p>"
    }
  ,
    {
      "stack": "2-scenario",
      "title": "Scenario",
      "type": "card",
      "subtype": "scenario",
      "category": [],
      "contents": "</p>\n<p>In addition,they want to prepare for when the government eventually filters their website so that they can continue updating it and also provide good circumvention advice to readers all over the country who would otherwise lose access to the blog.</p>"
    }
  ,
    {
      "stack": "3-learn",
      "title": "Learn",
      "type": "card",
      "subtype": "learn",
      "category": [],
      "contents": "<p>Learning text...</p>"
    }
  ,
    {
      "stack": "4-test",
      "title": "Test",
      "type": "activity",
      "subtype": "test",
      "category": [],
      "contents": "<quiz name=\"Gitbook Quiz\">\n    <question multiple>\n        <p>What is gitbook used for?</p>\n        <answer correct>To read books</answer>\n        <answer>To book hotel named git</answer>\n        <answer correct>To write and publish beautiful books</answer>\n        <explanation>GitBook.com lets you write, publish and manage your books online as a service.</explanation>\n    </question>\n    <question>\n        <p>Is it quiz?</p>\n        <answer correct>Yes</answer>\n        <answer>No</answer>\n    </question>\n</quiz>"
    }
  ,
    {
      "stack": "5-next",
      "title": "Next",
      "type": "card",
      "subtype": "next",
      "category": [],
      "contents": "<ul>\n<li><a href=\"en/topics/_topic/_unit/index.md\">A topic to study next</a></li>\n<li><a href=\"en/topics/_topic/_unit/index.md\">Another topic</a></li>\n<li>...</li>\n</ul>"
    }
  ]
}
  