{
  "slug": "understand-1-how-it-works_5-down-site",
  "type": "unit",
  "title": "Getting Started",
  "parentTitle": "How does it work?",
  "locale": "en",
  "categories": [],
  "updatedAt": "2016-06-01T14:56:58.393Z",
  "cards": [
    {
      "stack": "1-1-intro",
      "title": "Introduction",
      "type": "card",
      "subtype": "intro",
      "category": [],
      "contents": "<p>Learn why your website might be down</p>"
    }
  ,
    {
      "stack": "3-1-learn",
      "title": "Questions for your webmaster",
      "type": "card",
      "subtype": "learn",
      "category": [],
      "contents": "<p><img src=\"recap.png\" alt=\"\"></p>\n<p>Who built your website? Are they available to help?"
    }
  ,
    {
      "stack": "3-1-learn",
      "title": "Questions for your webmaster",
      "type": "card",
      "subtype": "learn",
      "category": [],
      "contents": "Who is your web hosting provider? This is the company that provides the server where your website lives."
    }
  ,
    {
      "stack": "3-1-learn",
      "title": "Questions for your webmaster",
      "type": "card",
      "subtype": "learn",
      "category": [],
      "contents": "Do you have your account log in details for this hosting provider?"
    }
  ,
    {
      "stack": "3-1-learn",
      "title": "Questions for your webmaster",
      "type": "card",
      "subtype": "learn",
      "category": [],
      "contents": "Where did you purchase your domain name? In some cases this is also your website host, but it could also be another company."
    }
  ,
    {
      "stack": "3-1-learn",
      "title": "Questions for your webmaster",
      "type": "card",
      "subtype": "learn",
      "category": [],
      "contents": "Do you have the log in details for the domain name service? If not, finding these is your first step to recovering your site"
    }
  ,
    {
      "stack": "3-1-learn",
      "title": "Questions for your webmaster",
      "type": "card",
      "subtype": "learn",
      "category": [],
      "contents": "Who else knows or may have access to these account details?</p>"
    }
  ,
    {
      "stack": "3-10-learn",
      "title": "Poor site performance",
      "type": "card",
      "subtype": "learn",
      "category": [],
      "contents": "<p><img src=\"recap.png\" alt=\"\"></p>\n<p>Does your site load slowly or only sometimes? Your site may be overwhelmed by the number and speed of requests for pages it is receiving – this is a performance problem."
    }
  ,
    {
      "stack": "3-10-learn",
      "title": "Poor site performance",
      "type": "card",
      "subtype": "learn",
      "category": [],
      "contents": "This could be ‘good’ if your site has become more popular and simply needs some improvements to respond to more readers. Check your site analytics for a long-term pattern in growth.</p>"
    }
  ,
    {
      "stack": "3-11-learn",
      "title": "None of these?",
      "type": "card",
      "subtype": "learn",
      "category": [],
      "contents": "<p><img src=\"recap.png\" alt=\"\"></p>\n<p>If you have determined that none of these are at fault, you may be suffering from a denial of service attack. Refer to the <a href=\"en/topics/practice-1-emergencies/5-ddos/1-1-intro.md\">DDoS lesson</a> to learn more. </p>"
    }
  ,
    {
      "stack": "3-3-learn",
      "title": "Network problem",
      "type": "card",
      "subtype": "learn",
      "category": [],
      "contents": "<p><img src=\"recap.png\" alt=\"\"></p>\n<p>To see whether your web host is working but your website is unavailable, visit <a href=\"https://www.isup.me/\">https://www.isup.me/</a>."
    }
  ,
    {
      "stack": "3-3-learn",
      "title": "Network problem",
      "type": "card",
      "subtype": "learn",
      "category": [],
      "contents": "If your site is up but you cant see it, it might be a network problem. It could also be in indication that your account has been disabled.</p>"
    }
  ,
    {
      "stack": "3-4-learn",
      "title": "Billing problem",
      "type": "card",
      "subtype": "learn",
      "category": [],
      "contents": "<p><img src=\"recap.png\" alt=\"\"></p>\n<p>Make sure your billing information is up to date and that there is no outstanding balance on your hosting services or your domain name to ensure your website is not taken down for billing problems.</p>"
    }
  ,
    {
      "stack": "3-5-learn",
      "title": "Legal problem",
      "type": "card",
      "subtype": "learn",
      "category": [],
      "contents": "<p><img src=\"recap.png\" alt=\"\"></p>\n<p>If your website is taken down due to a legal issue, the resources provided by <a href=\"https://ssd.eff.org/\">Electronic Frontier Foundation</a>, while focused on US copyright laws, are a good place to learn more.</p>"
    }
  ,
    {
      "stack": "3-6-learn",
      "title": "Hosting problem",
      "type": "card",
      "subtype": "learn",
      "category": [],
      "contents": "<p><img src=\"recap.png\" alt=\"\"></p>\n<p>If your website is not loading at all, the company that hosts your website may be having problems."
    }
  ,
    {
      "stack": "3-6-learn",
      "title": "Hosting problem",
      "type": "card",
      "subtype": "learn",
      "category": [],
      "contents": "Visit the website of your hosting company and look for a &#39;status&#39; blog. Alternatively, you can search on Twitter.com for other users with the same host who are having the same problem.</p>"
    }
  ,
    {
      "stack": "3-7-learn",
      "title": "Censorship problem",
      "type": "card",
      "subtype": "learn",
      "category": [],
      "contents": "<p><img src=\"recap.png\" alt=\"\"></p>\n<p>Can you visit other sites with similar content to your site? Try visiting websites related to yours or covering similar issues."
    }
  ,
    {
      "stack": "3-7-learn",
      "title": "Censorship problem",
      "type": "card",
      "subtype": "learn",
      "category": [],
      "contents": "Also try using Tor or Psiphon to access your site. If this helps, you have a blocking problem – you are still online for other parts of the world, but are being censored in your own country.</p>"
    }
  ,
    {
      "stack": "3-8-learn",
      "title": "Software problem",
      "type": "card",
      "subtype": "learn",
      "category": [],
      "contents": "<p><img src=\"recap.png\" alt=\"\"></p>\n<p>Are you seeing error messages? This could be a software problem."
    }
  ,
    {
      "stack": "3-8-learn",
      "title": "Software problem",
      "type": "card",
      "subtype": "learn",
      "category": [],
      "contents": "Think about any recent changes you or your team may have made and contact your webmaster."
    }
  ,
    {
      "stack": "3-8-learn",
      "title": "Software problem",
      "type": "card",
      "subtype": "learn",
      "category": [],
      "contents": "Sending your webmaster a screenshot, the link of the page you are having problems with and any error messages you see will help them figure out what might be causing the problem."
    }
  ,
    {
      "stack": "3-8-learn",
      "title": "Software problem",
      "type": "card",
      "subtype": "learn",
      "category": [],
      "contents": "Here are some <a href=\"en/topics/practice-1-emergencies/5-ddos/3-13-learn.md\">helpful questions</a> to ask your webmaster.</p>"
    }
  ,
    {
      "stack": "3-9-learn",
      "title": "Account hijacking",
      "type": "card",
      "subtype": "learn",
      "category": [],
      "contents": "<p><img src=\"recap.png\" alt=\"\"></p>\n<p>Are you seeing a website that is not yours? Are you receiving a warning from your browser about malware on your own site? This could be a defacement problem."
    }
  ,
    {
      "stack": "3-9-learn",
      "title": "Account hijacking",
      "type": "card",
      "subtype": "learn",
      "category": [],
      "contents": "See <a href=\"en/topics/practice-1-emergencies/5-ddos/3-14-learn\">website defacement</a> for next steps. You will need to work with your web hosting provider and review the <a href=\"en/topics/practice-1-emergencies/2-account-hijacked/1-1-intro.md\">Account Hijacking</a> section.</p>"
    }
  ,
    {
      "stack": "4-test",
      "title": "Test",
      "type": "activity",
      "subtype": "test",
      "category": [],
      "contents": "<quiz name=\"Gitbook Quiz\">\n    <question multiple>\n        <p>What is gitbook used for?</p>\n        <answer correct>To read books</answer>\n        <answer>To book hotel named git</answer>\n        <answer correct>To write and publish beautiful books</answer>\n        <explanation>GitBook.com lets you write, publish and manage your books online as a service.</explanation>\n    </question>\n    <question>\n        <p>Is it quiz?</p>\n        <answer correct>Yes</answer>\n        <answer>No</answer>\n    </question>\n</quiz>"
    }
  ,
    {
      "stack": "5-next",
      "title": "Next",
      "type": "card",
      "subtype": "next",
      "category": [],
      "contents": "<hr>\n<ul>\n<li>understand-2-security/0-getting-started</li>\n<li>internal-...</li>\n</ul>\n<hr>\n<p>To learn more about XXX, see also:</p>\n<ul>\n<li><a href=\"en/topics/_topic/_unit/index.md\">An external resource to study next</a></li>\n<li><a href=\"en/topics/_topic/_unit/index.md\">Another resource</a></li>\n<li>...</li>\n</ul>"
    }
  ]
}
  