{
  "slug": "understand-4-digisec_0-get-started",
  "type": "unit",
  "title": "Getting Started",
  "parentTitle": "Understanding Digital Security",
  "locale": "en",
  "categories": [],
  "updatedAt": "2016-07-04T12:03:35.839Z",
  "cards": [
    {
      "stack": "1-1-intro",
      "stack-index": "1",
      "stack-length": "1",
      "title": "Getting started with digital security",
      "unit": "0-get-started",
      "images": [],
      "type": "card",
      "subtype": "intro",
      "category": [],
      "contents": "<p>Learn the basics of digital security in order to start using your devices more safely.</p>"
    }
  ,
    {
      "stack": "1-2-takeaways",
      "stack-index": "1",
      "stack-length": "1",
      "title": "Learn about",
      "unit": "0-get-started",
      "images": [],
      "type": "card",
      "subtype": "takeaways",
      "category": [],
      "contents": "<ul>\n<li><a href=\"topics/understand-4-digisec/0-getting-started/3-1-learn.md\">Seven steps to digital security</a></li>\n<li><a href=\"topics/understand-4-digisec/0-getting-started/3-2-learn.md\">Choosing the right digital security lesson</a></li>\n</ul>"
    }
  ,
    {
      "stack": "3-1-learn",
      "stack-index": "1",
      "stack-length": "18",
      "title": "Seven Steps to Digital security",
      "unit": "0-get-started",
      "images": [],
      "type": "card",
      "subtype": "learn",
      "category": [],
      "contents": "<h1 id=\"1-knowledge-is-power\">1. Knowledge is Power</h1>\n<p>Good security decisions can&#39;t be made without good information. Your security tradeoffs are only as good as the information you have about the value of your assets, the severity of the threats from different adversaries to those assets, and the risk of those attacks actually happening."
    }
  ,
    {
      "stack": "3-1-learn",
      "stack-index": "2",
      "stack-length": "18",
      "title": "Seven Steps to Digital security",
      "unit": "0-get-started",
      "images": [],
      "type": "card",
      "subtype": "learn",
      "category": [],
      "contents": "</p>\n<h1 id=\"you-know-a-lot-\">You know a lot!</h1>\n<p>Some of this knowledge you already have: knowledge of your own situation, who might want to target you, and what resources they have. You already have more power than you think!"
    }
  ,
    {
      "stack": "3-1-learn",
      "stack-index": "3",
      "stack-length": "18",
      "title": "Seven Steps to Digital security",
      "unit": "0-get-started",
      "images": [],
      "type": "card",
      "subtype": "learn",
      "category": [],
      "contents": "</p>\n<h1 id=\"2-the-weakest-link\">2. The Weakest Link</h1>\n<p>The old adage that &quot;a chain is only as strong as its weakest link&quot; applies to security too: The system as a whole is only as strong as the weakest component."
    }
  ,
    {
      "stack": "3-1-learn",
      "stack-index": "4",
      "stack-length": "18",
      "title": "Seven Steps to Digital security",
      "unit": "0-get-started",
      "images": [],
      "type": "card",
      "subtype": "learn",
      "category": [],
      "contents": "</p>\n<h1 id=\"protect-your-information\">Protect your information</h1>\n<p>For example, the best door lock is of no use if you have cheap window latches. Encrypting your email so it won&#39;t get intercepted in transit won&#39;t protect the confidentiality of that email if you store an unencrypted copy on your laptop and your laptop is stolen."
    }
  ,
    {
      "stack": "3-1-learn",
      "stack-index": "5",
      "stack-length": "18",
      "title": "Seven Steps to Digital security",
      "unit": "0-get-started",
      "images": [],
      "type": "card",
      "subtype": "learn",
      "category": [],
      "contents": "</p>\n<h1 id=\"take-small-steps\">Take small steps</h1>\n<p>That doesn&#39;t mean you have to do everything simultaneously, but it does mean that you should spend time thinking about every part of your information and computer use."
    }
  ,
    {
      "stack": "3-1-learn",
      "stack-index": "6",
      "stack-length": "18",
      "title": "Seven Steps to Digital security",
      "unit": "0-get-started",
      "images": [],
      "type": "card",
      "subtype": "learn",
      "category": [],
      "contents": "</p>\n<h1 id=\"3-simpler-is-safer-and-easier\">3. Simpler is Safer and Easier</h1>\n<p>It is generally most cost-effective and most important to protect the weakest component of the system in which an asset is used."
    }
  ,
    {
      "stack": "3-1-learn",
      "stack-index": "7",
      "stack-length": "18",
      "title": "Seven Steps to Digital security",
      "unit": "0-get-started",
      "images": [],
      "type": "card",
      "subtype": "learn",
      "category": [],
      "contents": "</p>\n<h1 id=\"reduce-complexity-of-system\">Reduce complexity of system</h1>\n<p>Since the weak components are much easier to identify and understand in simple systems, you should strive to reduce the number and complexity of components in your information systems."
    }
  ,
    {
      "stack": "3-1-learn",
      "stack-index": "8",
      "stack-length": "18",
      "title": "Seven Steps to Digital security",
      "unit": "0-get-started",
      "images": [],
      "type": "card",
      "subtype": "learn",
      "category": [],
      "contents": "</p>\n<h1 id=\"reduce-number-of-interactions\">Reduce number of interactions</h1>\n<p>A small number of components will also serve to reduce the number of interactions between components, which is another source of complexity, cost, and risk. That also means that the safest solution may be the least technical solution."
    }
  ,
    {
      "stack": "3-1-learn",
      "stack-index": "9",
      "stack-length": "18",
      "title": "Seven Steps to Digital security",
      "unit": "0-get-started",
      "images": [],
      "type": "card",
      "subtype": "learn",
      "category": [],
      "contents": "</p>\n<h1 id=\"non-technical-security-solutions\">Non-technical security solutions</h1>\n<p>Computers may be great for many things, but sometimes the security issues of a simple pen and notepaper can be easier to understand, and therefore easier to manage."
    }
  ,
    {
      "stack": "3-1-learn",
      "stack-index": "10",
      "stack-length": "18",
      "title": "Seven Steps to Digital security",
      "unit": "0-get-started",
      "images": [],
      "type": "card",
      "subtype": "learn",
      "category": [],
      "contents": "</p>\n<h1 id=\"4-more-expensive-doesn-t-mean-more-secure\">4. More Expensive Doesn&#39;t Mean More Secure</h1>\n<p>Don&#39;t assume that the most expensive security solution is the best; especially if it takes away resources needed elsewhere."
    }
  ,
    {
      "stack": "3-1-learn",
      "stack-index": "11",
      "stack-length": "18",
      "title": "Seven Steps to Digital security",
      "unit": "0-get-started",
      "images": [],
      "type": "card",
      "subtype": "learn",
      "category": [],
      "contents": "</p>\n<h1 id=\"low-cost-solutions\">Low-cost solutions</h1>\n<p>Low-cost measures like shredding trash before leaving it on the curb can give you lots of bang for your security buck."
    }
  ,
    {
      "stack": "3-1-learn",
      "stack-index": "12",
      "stack-length": "18",
      "title": "Seven Steps to Digital security",
      "unit": "0-get-started",
      "images": [],
      "type": "card",
      "subtype": "learn",
      "category": [],
      "contents": "</p>\n<h1 id=\"5-it-s-okay-to-trust-someone-but-always-know-who-you-re-trusting-\">5. It&#39;s Okay To Trust Someone (But Always Know Who You&#39;re Trusting)</h1>\n<p>Computer security advice can end up sounding like you should trust absolutely no one but yourself. In the real world, you almost certainly trust plenty of people with at least some of your information, from your close family or companion to your doctor or lawyer.</p>\n<h1 id=\"trusting-someone-in-digital-space\">Trusting someone in digital space</h1>\n<p>What&#39;s tricky in the digital space is understanding who you are trusting, and with what. You might deposit a list of passwords with your lawyers: but you should think about what power that might give them—or how easily they might be maliciously attacked."
    }
  ,
    {
      "stack": "3-1-learn",
      "stack-index": "13",
      "stack-length": "18",
      "title": "Seven Steps to Digital security",
      "unit": "0-get-started",
      "images": [],
      "type": "card",
      "subtype": "learn",
      "category": [],
      "contents": "</p>\n<h1 id=\"trusting-digital-providers\">Trusting digital providers</h1>\n<p>You might write documents in a cloud service like Dropbox or Microsoft OneDrive that are only for you: but you&#39;re also letting Dropbox and Microsoft access them, too."
    }
  ,
    {
      "stack": "3-1-learn",
      "stack-index": "14",
      "stack-length": "18",
      "title": "Seven Steps to Digital security",
      "unit": "0-get-started",
      "images": [],
      "type": "card",
      "subtype": "learn",
      "category": [],
      "contents": "</p>\n<h1 id=\"-loose-lips-sink-ships-\">&quot;Loose lips sink ships&quot;</h1>\n<p>Online or offline, the fewer people you share a secret with, the better chance you have of keeping it secret."
    }
  ,
    {
      "stack": "3-1-learn",
      "stack-index": "15",
      "stack-length": "18",
      "title": "Seven Steps to Digital security",
      "unit": "0-get-started",
      "images": [],
      "type": "card",
      "subtype": "learn",
      "category": [],
      "contents": "</p>\n<h1 id=\"6-there-is-no-perfect-security-there-s-always-a-trade-off\">6. There is No Perfect Security—There’s Always a Trade-Off</h1>\n<p>Set security policies that are reasonable for your lifestyle, for the risks you face, and for the implementation steps you and your colleagues will take."
    }
  ,
    {
      "stack": "3-1-learn",
      "stack-index": "16",
      "stack-length": "18",
      "title": "Seven Steps to Digital security",
      "unit": "0-get-started",
      "images": [],
      "type": "card",
      "subtype": "learn",
      "category": [],
      "contents": "</p>\n<h1 id=\"keep-it-simple\">Keep it simple</h1>\n<p>A perfect security policy on paper won&#39;t work if it&#39;s too difficult to follow day-to-day."
    }
  ,
    {
      "stack": "3-1-learn",
      "stack-index": "17",
      "stack-length": "18",
      "title": "Seven Steps to Digital security",
      "unit": "0-get-started",
      "images": [],
      "type": "card",
      "subtype": "learn",
      "category": [],
      "contents": "</p>\n<h1 id=\"7-what-s-secure-today-may-not-be-secure-tomorrow\">7. What&#39;s Secure Today May Not Be Secure Tomorrow</h1>\n<p>It is also crucially important to continually re-evaluate your security practices. Just because they were secure last year or last week doesn&#39;t mean they&#39;re still secure!"
    }
  ,
    {
      "stack": "3-1-learn",
      "stack-index": "18",
      "stack-length": "18",
      "title": "Seven Steps to Digital security",
      "unit": "0-get-started",
      "images": [],
      "type": "card",
      "subtype": "learn",
      "category": [],
      "contents": "</p>\n<h1 id=\"keep-up-to-date\">Keep up to date</h1>\n<p>Keep checking respected sites advice will be updated to reflect changes in our understanding and the realities of digital security. Security is never a one-off act: it&#39;s a process.</p>"
    }
  ,
    {
      "stack": "3-2-learn",
      "stack-index": "1",
      "stack-length": "4",
      "title": "Choosing the right lesson",
      "unit": "0-get-started",
      "images": [],
      "type": "card",
      "subtype": "learn",
      "category": [],
      "contents": "<p>To learn the basics of encryption and how it can help protect you and your network, choose the Encryption lesson:</p>\n<ul>\n<li><a href=\"topics/understand-4-digisec/1-encryption/1-intro.md\">Encryption</a>"
    }
  ,
    {
      "stack": "3-2-learn",
      "stack-index": "2",
      "stack-length": "4",
      "title": "Choosing the right lesson",
      "unit": "0-get-started",
      "images": [],
      "type": "card",
      "subtype": "learn",
      "category": [],
      "contents": "To understand why strong passwords are important and how to create strong passwords, choose the Passwords lesson:</li>\n<li><a href=\"topics/understand-4-digisec/2-passwords/1-intro.md\">Passwords</a>"
    }
  ,
    {
      "stack": "3-2-learn",
      "stack-index": "3",
      "stack-length": "4",
      "title": "Choosing the right lesson",
      "unit": "0-get-started",
      "images": [],
      "type": "card",
      "subtype": "learn",
      "category": [],
      "contents": "To understand what metadata is and how it can leave you and your network vulnerable, choose the Metadata lesson:</li>\n<li><a href=\"topics/understand-4-digisec/3-metadata/1-intro.md\">Metadata</a>"
    }
  ,
    {
      "stack": "3-2-learn",
      "stack-index": "4",
      "stack-length": "4",
      "title": "Choosing the right lesson",
      "unit": "0-get-started",
      "images": [],
      "type": "card",
      "subtype": "learn",
      "category": [],
      "contents": "To learn about why secure communication is important and tools you should use to communicate safely, choose the Secure communications lesson:</li>\n<li><a href=\"topics/understand-4-digisec/4-secure-communications/1-intro.md\">Secure communications</a></li>\n</ul>"
    }
  ,
    {
      "stack": "4-test",
      "stack-index": "1",
      "stack-length": "1",
      "title": "Test",
      "unit": "0-get-started",
      "images": [],
      "type": "activity",
      "subtype": "test",
      "category": [],
      "contents": "<quiz name=\"Gitbook Quiz\">\n    <question multiple>\n        <p>What is gitbook used for?</p>\n        <answer correct>To read books</answer>\n        <answer>To book hotel named git</answer>\n        <answer correct>To write and publish beautiful books</answer>\n        <explanation>GitBook.com lets you write, publish and manage your books online as a service.</explanation>\n    </question>\n    <question>\n        <p>Is it quiz?</p>\n        <answer correct>Yes</answer>\n        <answer>No</answer>\n    </question>\n</quiz>"
    }
  ,
    {
      "stack": "5-next",
      "stack-index": "1",
      "stack-length": "1",
      "title": "Next",
      "unit": "0-get-started",
      "images": [],
      "type": "card",
      "subtype": "next",
      "category": [],
      "contents": "<hr>\n<ul>\n<li>en/topics/understand-2-security/0-getting-started/1-1-intro.md: Getting started with security</li>\n<li>en/topics/tool-4-keepassx/0-getting-started/1-1-intro.md: Using KeepassX to manage passwords security</li>\n<li>en/topics/tool-2-signal/0-getting-started/1-1-intro.md: Learn to use Signal, the encrypted messaging app</li>\n<li>en/topics/tool-9-tor-browser/0-getting-started/1-1-intro.md: Learn to use Tor, the anonymous browser for avoiding surveillance and getting around censorship</li>\n</ul>\n<hr>\n<p>See also:</p>\n<ul>\n<li>Tactical Technology Collective: <a href=\"https://securityinabox.org/\">Security in a Box</a></li>\n<li>Electronic Frontier Foundation: <a href=\"https://ssd.eff.org/\">Security Self-Defense</a></li>\n<li>Frontline Defenders: <a href=\"https://www.frontlinedefenders.org/en/resource-publication/digital-security-privacy-human-rights-defenders\">Digital Security &amp; Privacy for Human Rights Defenders</a></li>\n</ul>"
    }
  ]
}
  