{
  "slug": "understand-4-digisec_6-trust",
  "type": "unit",
  "title": "Establishing Trust",
  "parentTitle": "Understanding Digital Security",
  "locale": "en",
  "categories": [],
  "updatedAt": "2016-07-04T00:39:55.217Z",
  "cards": [
    {
      "stack": "1-1-intro",
      "stack-index": "1",
      "stack-length": "1",
      "title": "Introduction",
      "unit": "6-trust",
      "images": [],
      "type": "card",
      "subtype": "intro",
      "category": [],
      "contents": "<p>Introduction text...</p>"
    }
  ,
    {
      "stack": "1-2-takeaways",
      "stack-index": "1",
      "stack-length": "1",
      "title": "Key takeaways",
      "unit": "6-trust",
      "images": [],
      "type": "card",
      "subtype": "takeaways",
      "category": [],
      "contents": "<h2 id=\"a-new-post\">A New Post</h2>\n<p>Enter text in <a href=\"http://daringfireball.net/projects/markdown/\">Markdown</a>. Use the toolbar above, or click the <strong>?</strong> button for formatting help.</p>"
    }
  ,
    {
      "stack": "2-scenario",
      "stack-index": "1",
      "stack-length": "1",
      "title": "Scenario",
      "unit": "6-trust",
      "images": [],
      "type": "card",
      "subtype": "scenario",
      "category": [],
      "contents": "<p>Scenario text...</p>"
    }
  ,
    {
      "stack": "3-learn",
      "stack-index": "1",
      "stack-length": "1",
      "title": "Learn",
      "unit": "6-trust",
      "images": [],
      "type": "card",
      "subtype": "learn",
      "category": [],
      "contents": "<p>Learning text...</p>"
    }
  ,
    {
      "stack": "4-test",
      "stack-index": "1",
      "stack-length": "1",
      "title": "Test",
      "unit": "6-trust",
      "images": [],
      "type": "activity",
      "subtype": "test",
      "category": [],
      "contents": "<quiz name=\"Gitbook Quiz\">\n    <question multiple>\n        <p>What is gitbook used for?</p>\n        <answer correct>To read books</answer>\n        <answer>To book hotel named git</answer>\n        <answer correct>To write and publish beautiful books</answer>\n        <explanation>GitBook.com lets you write, publish and manage your books online as a service.</explanation>\n    </question>\n    <question>\n        <p>Is it quiz?</p>\n        <answer correct>Yes</answer>\n        <answer>No</answer>\n    </question>\n</quiz>"
    }
  ,
    {
      "stack": "5-next",
      "stack-index": "1",
      "stack-length": "1",
      "title": "Next",
      "unit": "6-trust",
      "images": [],
      "type": "card",
      "subtype": "next",
      "category": [],
      "contents": "<ul>\n<li><a href=\"en/topics/_topic/_unit/index.md\">A topic to study next</a></li>\n<li><a href=\"en/topics/_topic/_unit/index.md\">Another topic</a></li>\n<li>...</li>\n</ul>"
    }
  ]
}
  