{
  "slug": "understand-4-digisec_1-encryption",
  "type": "unit",
  "title": "Encryption",
  "parentTitle": "Understanding Digital Security",
  "locale": "en",
  "categories": [],
  "updatedAt": "2016-06-14T16:26:15.952Z",
  "cards": [
    {
      "stack": "1-1-intro",
      "title": "Introduction",
      "type": "card",
      "subtype": "intro",
      "category": [],
      "contents": "<p>Learn the basics of encryption and how it can help protect you and your network.</p>"
    }
  ,
    {
      "stack": "2-scenario",
      "title": "Scenario",
      "type": "card",
      "subtype": "scenario",
      "category": [],
      "contents": "<p>Scenario text...</p>"
    }
  ,
    {
      "stack": "3-1-learn",
      "title": "What is encryption",
      "type": "card",
      "subtype": "learn",
      "category": [],
      "contents": "<p>Encryption is the mathematical science of codes, ciphers, and secret messages."
    }
  ,
    {
      "stack": "3-1-learn",
      "title": "What is encryption",
      "type": "card",
      "subtype": "learn",
      "category": [],
      "contents": "</p>\n<h1 id=\"encryption-is-old\">Encryption is old</h1>\n<p>Throughout history, people have used encryption to send messages to each other that (hopefully) couldn&#39;t be read by anyone besides the intended recipient."
    }
  ,
    {
      "stack": "3-1-learn",
      "title": "What is encryption",
      "type": "card",
      "subtype": "learn",
      "category": [],
      "contents": "</p>\n<h1 id=\"encryption-with-computers\">Encryption with computers</h1>\n<p>Today, we have computers that are capable of performing encryption for us. Digital encryption technology has expanded beyond simple secret messages."
    }
  ,
    {
      "stack": "3-1-learn",
      "title": "What is encryption",
      "type": "card",
      "subtype": "learn",
      "category": [],
      "contents": "</p>\n<h1 id=\"current-encryption-uses\">Current encryption uses</h1>\n<p>Today, encryption can be used for more elaborate purposes, for example to verify the author of messages or to browse the Web anonymously with Tor."
    }
  ,
    {
      "stack": "3-1-learn",
      "title": "What is encryption",
      "type": "card",
      "subtype": "learn",
      "category": [],
      "contents": "</p>\n<h1 id=\"understanding-encryption\">Understanding encryption</h1>\n<p>Under some circumstances, encryption can be fairly automatic and simple. But there are ways encryption can go wrong, and the more you understand it, the safer you will be against such situations.</p>"
    }
  ,
    {
      "stack": "3-2-learn",
      "title": "Private and public keys",
      "type": "card",
      "subtype": "learn",
      "category": [],
      "contents": "<h1 id=\"keys\">Keys</h1>\n<p>One of the most important concepts to understand in encryption is a key."
    }
  ,
    {
      "stack": "3-2-learn",
      "title": "Private and public keys",
      "type": "card",
      "subtype": "learn",
      "category": [],
      "contents": "</p>\n<h1 id=\"private-keys\">Private keys</h1>\n<p>Common types of encryption include a private key, which is kept secret on your computer and lets you read messages that are intended only for you."
    }
  ,
    {
      "stack": "3-2-learn",
      "title": "Private and public keys",
      "type": "card",
      "subtype": "learn",
      "category": [],
      "contents": "</p>\n<h1 id=\"key-signatures\">Key signatures</h1>\n<p>A private key also lets you place unforgeable digital signatures on messages you send to other people."
    }
  ,
    {
      "stack": "3-2-learn",
      "title": "Private and public keys",
      "type": "card",
      "subtype": "learn",
      "category": [],
      "contents": "</p>\n<h1 id=\"public-keys\">Public keys</h1>\n<p>A public key is a file that you can give to others or publish that allows people to communicate with you in secret, and check signatures from you."
    }
  ,
    {
      "stack": "3-2-learn",
      "title": "Private and public keys",
      "type": "card",
      "subtype": "learn",
      "category": [],
      "contents": "</p>\n<h1 id=\"matching-keys\">Matching keys</h1>\n<p>Private and public keys come in matched pairs, like the halves of a rock that has been split into two perfectly matching pieces, but they are not the same.</p>"
    }
  ,
    {
      "stack": "3-3-learn",
      "title": "Security certificates",
      "type": "card",
      "subtype": "learn",
      "category": [],
      "contents": "<h1 id=\"encryption-with-https\">Encryption with HTTPS</h1>\n<p>The Web browser on your computer can make encrypted connections to sites using HTTPS. When they do that, they examine certificates to check the public keys of domain names—(like www.google.com, www.amazon.com, or ssd.eff.org)."
    }
  ,
    {
      "stack": "3-3-learn",
      "title": "Security certificates",
      "type": "card",
      "subtype": "learn",
      "category": [],
      "contents": "</p>\n<h1 id=\"verifying-websites\">Verifying websites</h1>\n<p>Certificates are one way of trying to determine if you know the right public key for a person or website, so that you can communicate securely with them."
    }
  ,
    {
      "stack": "3-3-learn",
      "title": "Security certificates",
      "type": "card",
      "subtype": "learn",
      "category": [],
      "contents": "</p>\n<h1 id=\"certificate-errors\">Certificate errors</h1>\n<p>From time to time, you will see certificate-related error messages on the Web. Most commonly, this is because a hotel or cafe network is trying to break your secret communications with the website."
    }
  ,
    {
      "stack": "3-3-learn",
      "title": "Security certificates",
      "type": "card",
      "subtype": "learn",
      "category": [],
      "contents": "</p>\n<h1 id=\"other-certificate-problems\">Other certificate problems</h1>\n<p>It is also common to see an error because of a bureaucratic mistake in the system of certificates."
    }
  ,
    {
      "stack": "3-3-learn",
      "title": "Security certificates",
      "type": "card",
      "subtype": "learn",
      "category": [],
      "contents": "</p>\n<h1 id=\"breaking-your-encrypted-connections\">Breaking your encrypted connections</h1>\n<p>Occasionally, however, it is because a hacker, thief, police agency, or spy agency is breaking the encrypted connection. Unfortunately, it is extremely difficult to tell the difference between these cases."
    }
  ,
    {
      "stack": "3-3-learn",
      "title": "Security certificates",
      "type": "card",
      "subtype": "learn",
      "category": [],
      "contents": "</p>\n<h1 id=\"be-careful-with-sensitive-information\">Be careful with sensitive information</h1>\n<p>This means you should never click past a certificate warning if it relates to a site where you have an account, or are reading any sensitive information.</p>"
    }
  ,
    {
      "stack": "3-4-learn",
      "title": "Key fingerprints",
      "type": "card",
      "subtype": "learn",
      "category": [],
      "contents": "<h1 id=\"verifying-identity\">Verifying identity</h1>\n<p>&quot;Key fingerprints,&quot; are strings of characters like &quot;342e 2309 bd20 0912 ff10 6c63 2192 1928&quot; that allow you to uniquely and securely check that someone on the Internet is using the right private key."
    }
  ,
    {
      "stack": "3-4-learn",
      "title": "Key fingerprints",
      "type": "card",
      "subtype": "learn",
      "category": [],
      "contents": "</p>\n<h1 id=\"checking-fingerprints\">Checking fingerprints</h1>\n<p>If you check that someone&#39;s key fingerprint is correct, that gives you a higher degree of certainty that it&#39;s really them."
    }
  ,
    {
      "stack": "3-4-learn",
      "title": "Key fingerprints",
      "type": "card",
      "subtype": "learn",
      "category": [],
      "contents": "</p>\n<h1 id=\"fingerprints-aren-t-perfect-verifier\">Fingerprints aren&#39;t perfect verifier</h1>\n<p>But it&#39;s not perfect, because if the keys are copied or stolen someone else would be able to use the same fingerprint.</p>"
    }
  ,
    {
      "stack": "4-test",
      "title": "Test",
      "type": "activity",
      "subtype": "test",
      "category": [],
      "contents": "<quiz name=\"Gitbook Quiz\">\n    <question multiple>\n        <p>What is gitbook used for?</p>\n        <answer correct>To read books</answer>\n        <answer>To book hotel named git</answer>\n        <answer correct>To write and publish beautiful books</answer>\n        <explanation>GitBook.com lets you write, publish and manage your books online as a service.</explanation>\n    </question>\n    <question>\n        <p>Is it quiz?</p>\n        <answer correct>Yes</answer>\n        <answer>No</answer>\n    </question>\n</quiz>"
    }
  ,
    {
      "stack": "5-next",
      "title": "Next",
      "type": "card",
      "subtype": "next",
      "category": [],
      "contents": "<hr>\n<ul>\n<li>en/topics/understand-4-digisec/4-secure-communications/1-1-intro.md: Learning about secure communications</li>\n<li>en/topics/tool-3-enigmail/0-getting-started/1-1-intro.md: Using Enigmail for encrypted emailing</li>\n<li>en/topics/practice-4-safe-social-networks/3-facebook-chat/1-1-intro.md: Chatting securely on social networks</li>\n</ul>\n<hr>\n<p>See also:</p>\n<ul>\n<li>Electronic Frontier Foundation: <a href=\"https://ssd.eff.org/en/module/what-encryption\">Security Self-Defence</a></li>\n</ul>"
    }
  ]
}
  