{
  "slug": "practice-1-emergencies_1-seeking-help",
  "type": "unit",
  "title": "Seeking Remote Help",
  "parentTitle": "Dealing with Emergencies",
  "locale": "en",
  "categories": [],
  "updatedAt": "2016-06-01T17:16:42.823Z",
  "cards": [
    {
      "stack": "1-1-intro",
      "title": "Introduction",
      "type": "card",
      "subtype": "intro",
      "category": [],
      "contents": "<p><img src=\"unit.png\" alt=\"\"></p>\n<p>Establish secure communications when reaching out for help.</p>"
    }
  ,
    {
      "stack": "2-scenario",
      "title": "Scenario",
      "type": "card",
      "subtype": "scenario",
      "category": [],
      "contents": "<p><img src=\"scenario.png\" alt=\"\"></p>\n<p>Isaac is worried that his computer might have been hacked into. He wants to reach out to his friend Brenda who he thinks can advise her."
    }
  ,
    {
      "stack": "2-scenario",
      "title": "Scenario",
      "type": "card",
      "subtype": "scenario",
      "category": [],
      "contents": "<img src=\"scenario.png\" alt=\"\"></p>\n<p>But Isaac thinks that he might be at risk if he reveals too much about his situation, or worse, that he could put Brenda herself at risk if he doesn&#39;t use secure communications to reach out to her.</p>"
    }
  ,
    {
      "stack": "3-1-learn",
      "title": "Unencrypted channels",
      "type": "card",
      "subtype": "learn",
      "category": [],
      "contents": "<p>As a general rule, it is important to understand that most ‘normal’ communications tools are not very secure against eavesdropping."
    }
  ,
    {
      "stack": "3-1-learn",
      "title": "Unencrypted channels",
      "type": "card",
      "subtype": "learn",
      "category": [],
      "contents": "Mobile and landline phone communication is not encrypted and can be listened to by governments, law enforcement agencies, or other parties with the necessary technical equipment."
    }
  ,
    {
      "stack": "3-1-learn",
      "title": "Unencrypted channels",
      "type": "card",
      "subtype": "learn",
      "category": [],
      "contents": "Sending unencrypted communication is like sending a postcard, anyone who has access to the postcard can read the message."
    }
  ,
    {
      "stack": "3-1-learn",
      "title": "Unencrypted channels",
      "type": "card",
      "subtype": "learn",
      "category": [],
      "contents": "<img src=\"recap.png\" alt=\"\"></p>"
    }
  ,
    {
      "stack": "3-2-learn",
      "title": "Encrypted channels",
      "type": "card",
      "subtype": "learn",
      "category": [],
      "contents": "<p>Sending encrypted communication is like placing the postcard inside a safe and then sending the safe, which only you and those you trust know the combination to and are able to open and read the message."
    }
  ,
    {
      "stack": "3-2-learn",
      "title": "Encrypted channels",
      "type": "card",
      "subtype": "learn",
      "category": [],
      "contents": "Secure communication is always a trade-off between security and convenience. Choosing the most appropriate form of secure communication will depend on your unique situation and the activities in which you are involved."
    }
  ,
    {
      "stack": "3-2-learn",
      "title": "Encrypted channels",
      "type": "card",
      "subtype": "learn",
      "category": [],
      "contents": "A communication tool that provides end-to-end encryption is recommended. PGP-encrypted email, or chat with OTR or Signal on your phone encrypt messages &quot;all the way&quot; (between you and your recipient)."
    }
  ,
    {
      "stack": "3-2-learn",
      "title": "Encrypted channels",
      "type": "card",
      "subtype": "learn",
      "category": [],
      "contents": "If an end-to-end encrypted tool is not available, use tools that encrypt message only between you and the provider. Such as Gmail, Facebook, or Twitter which all use HTTPS."
    }
  ,
    {
      "stack": "3-2-learn",
      "title": "Encrypted channels",
      "type": "card",
      "subtype": "learn",
      "category": [],
      "contents": "This, in turn, is better than using unencrypted communications (such as a postcard, your phone or text messages). Do the best that you can with the resources and skills available."
    }
  ,
    {
      "stack": "3-2-learn",
      "title": "Encrypted channels",
      "type": "card",
      "subtype": "learn",
      "category": [],
      "contents": "To learn more about communicating safely on a computer, refer to the <a href=\"link needed here!\">Safe Emailing</a> section.\nTo learn more about communicating safely on a smartphone, refer to the <a href=\"en/topics/practice-3-safe-phones/0-getting-started/1-intro.md\">Safe Phones</a>section."
    }
  ,
    {
      "stack": "3-2-learn",
      "title": "Encrypted channels",
      "type": "card",
      "subtype": "learn",
      "category": [],
      "contents": "<img src=\"recap.png\" alt=\"\"></p>\n<blockquote>\n<p>End to end better than end to server better than none.</p>\n</blockquote>"
    }
  ,
    {
      "stack": "3-3-learn",
      "title": "Dealing with insecure channels",
      "type": "card",
      "subtype": "learn",
      "category": [],
      "contents": "<p>Start with the most secure form of communication you can manage and the person you reach out to may be able to help you establish a line of communications that is more secure, if necessary."
    }
  ,
    {
      "stack": "3-3-learn",
      "title": "Dealing with insecure channels",
      "type": "card",
      "subtype": "learn",
      "category": [],
      "contents": "In many cases, it is better to reach out for help insecurely than not to reach out for help at all. You might want to share only limited information or use code words when you know that the channel is insecure."
    }
  ,
    {
      "stack": "3-3-learn",
      "title": "Dealing with insecure channels",
      "type": "card",
      "subtype": "learn",
      "category": [],
      "contents": "If you believe that you cannot trust your computer or device you might want to find an alternate trustworthy device. You might also want to go to the <a href=\"en/topics/practice-1-emergencies/4-malware/1-intro.md\">Malware</a> lesson."
    }
  ,
    {
      "stack": "3-3-learn",
      "title": "Dealing with insecure channels",
      "type": "card",
      "subtype": "learn",
      "category": [],
      "contents": "<img src=\"recap.png\" alt=\"\"></p>\n<blockquote>\n<p>Share only limited information using code words.</p>\n</blockquote>"
    }
  ,
    {
      "stack": "3-4-learn",
      "title": "Establishing trust when reaching out",
      "type": "card",
      "subtype": "learn",
      "category": [],
      "contents": "<p>Whether you are helping someone remotely or seeking help from a third party, establishing trust is very important."
    }
  ,
    {
      "stack": "3-4-learn",
      "title": "Establishing trust when reaching out",
      "type": "card",
      "subtype": "learn",
      "category": [],
      "contents": "It might be safer to presume that an adversary may have access to all your account details as well as your communications when seeking help and might be attempting to provide specific, bad advice."
    }
  ,
    {
      "stack": "3-4-learn",
      "title": "Establishing trust when reaching out",
      "type": "card",
      "subtype": "learn",
      "category": [],
      "contents": "If you know the party you&#39;re reaching out to, using a video call or a phone call will help establish that you&#39;re really in contact with them."
    }
  ,
    {
      "stack": "3-4-learn",
      "title": "Establishing trust when reaching out",
      "type": "card",
      "subtype": "learn",
      "category": [],
      "contents": "When you are initiating contact with third parties you might want to create a new email account from a trusted device. If possible, do not rely on unknown people you find online."
    }
  ,
    {
      "stack": "3-4-learn",
      "title": "Establishing trust when reaching out",
      "type": "card",
      "subtype": "learn",
      "category": [],
      "contents": "<img src=\"recap.png\" alt=\"\"></p>\n<blockquote>\n<p>have a video chat.</p>\n</blockquote>"
    }
  ,
    {
      "stack": "3-5-learn",
      "title": "Organisations you may reach out to",
      "type": "card",
      "subtype": "learn",
      "category": [],
      "contents": "<p>Dealing with digital emergencies:</p>\n<ul>\n<li>Digital Security Helpline (Access Now): help@accessnow.org</li>\n</ul>\n<p>Dealing with emergencies within the first 24 hours:</p>\n<ul>\n<li>Front Line Defenders: info@frontlinedefenders.org</li>\n<li>Rory Peck Trust: www.rorypecktrust.org</li>\n</ul>\n<p>"
    }
  ,
    {
      "stack": "3-5-learn",
      "title": "Organisations you may reach out to",
      "type": "card",
      "subtype": "learn",
      "category": [],
      "contents": "Dealing with emergencies after the first 24 hours:</p>\n<ul>\n<li>Amnesty International: www.amnesty.org</li>\n<li>Committee to Protect Journalists: JournAsst@cpj.org</li>\n<li>Reporters Sans Frontieres: internet@rsf.org</li>\n</ul>\n<p>"
    }
  ,
    {
      "stack": "3-5-learn",
      "title": "Organisations you may reach out to",
      "type": "card",
      "subtype": "learn",
      "category": [],
      "contents": "Providing digital emergency expertise:</p>\n<ul>\n<li>Tactical Technology Collective: ttc@tacticaltech.org</li>\n<li>Digital Defenders Partnership: ddp@hivos.org</li>\n<li>Internews: info@internews.org</li>\n<li>Electronic Frontier Foundation: info@eff.org</li>\n</ul>"
    }
  ,
    {
      "stack": "4-test",
      "title": "Test",
      "type": "activity",
      "subtype": "test",
      "category": [],
      "contents": "<quiz name=\"\">\n    <question>\n        <p>Landlines are not encrypted but mobile phones are</p>\n        <answer correct>Yes</answer>\n        <answer>No</answer>\n        <explanation> Mobile and landline phone communication is not encrypted and can be listened to by governments, law enforcement agencies, or other parties with the necessary technical equipment.</explanation>\n    </question>\n</quiz>"
    }
  ,
    {
      "stack": "6-test",
      "title": "Test",
      "type": "activity",
      "subtype": "test",
      "category": [],
      "contents": "<quiz name=\"\">\n    <question>\n        <p>With end-to-end encryption the company providing the service is able to read my content.</p>\n        <answer>Yes</answer>\n        <answer correct>No</answer>\n        <explanation>End-to-end encryption means that only you and the person you&#39;re communicating with have the encryption keys. If the keys are not available to anyone else, then no one can eavesdrop on your communications.</explanation>\n    </question>\n    <question>\n        <p>With transport layer encryption the company providing the service is able to read my content.</p>\n        <answer correct>Yes</answer>\n        <answer>No</answer>\n        <explanation>With transport-layer encryption (HTTPS), the communication is encrypted between you and the company&#39;s server. In other words, it&#39;s the internet company that is providing the encryption and they have the encryption keys. In the end-to-end case you and the person you&#39;re communicating with are providing the encryption.</explanation>\n    </question>\n</quiz>"
    }
  ,
    {
      "stack": "7-next",
      "title": "Next",
      "type": "card",
      "subtype": "next",
      "category": [],
      "contents": "<hr>\n<ul>\n<li>en/topics/practice-1-emergencies/0-getting-started: Find out about other types of emergencies</li>\n<li>en/topics/understand-2-security/0-getting-started: Dig deeper on various aspects of security</li>\n<li>en/topics/understand-3-opsec/0-getting-started: Find out about what operational security or opsec means</li>\n<li>en/topics/understand-4-digisec/0-getting-started: Learn more about important concepts of digital security</li>\n<li>en/topics/tool-1-signal/0-getting-started: Find out about Signal for your encrypted communications</li>\n</ul>\n<hr>\n<p>To learn more about dealing with emergencies, see also:</p>\n<ul>\n<li>RiseUp <a href=\"https://help.riseup.net/en/security\">Communications Security</a></li>\n<li>Guardian Project <a href=\"https://guardianproject.info/howto/\">How to on Mobile Security</a></li>\n</ul>"
    }
  ]
}
  