{
  "slug": "practice-1-emergencies_1-seeking-help",
  "type": "unit",
  "title": "Seeking Remote Help",
  "parentTitle": "Dealing with Emergencies",
  "locale": "en",
  "categories": [],
  "updatedAt": "2016-05-22T09:23:44.997Z",
  "cards": [
    {
      "stack": "1-intro",
      "title": "Introduction",
      "type": "card",
      "subtype": "intro",
      "category": [],
      "contents": "<p><img src=\"unit.png\" alt=\"\" title=\"Landing image for the unit\">"
    }
  ,
    {
      "stack": "1-intro",
      "title": "Introduction",
      "type": "card",
      "subtype": "intro",
      "category": [],
      "contents": "This section will provide you with guidance on ways to establish secure communication when reaching out for help when confronted with a potential digital attack. Much of the content from this section is adopted from the <a href=\"https://www.eff.org/\">Electronic Frontier Foundation&#39;s</a> <a href=\"https://github.com/RaReNet/DFAK/blob/master/SecureCommunication.md\">Digital First Aid Kit</a>"
    }
  ,
    {
      "stack": "1-intro",
      "title": "Introduction",
      "type": "card",
      "subtype": "intro",
      "category": [],
      "contents": "Key takeaways from this section will include the following:</p>\n<ul>\n<li><a href=\"en/topics/practice-1-emergencies/1-seeking-help/3-1-learn.md\">Basic introduction to encryption and secure communication</a></li>\n<li><a href=\"en/topics/practice-1-emergencies/1-seeking-help/3-2-learn.md\">How to ask for help</a>"
    }
  ,
    {
      "stack": "1-intro",
      "title": "Introduction",
      "type": "card",
      "subtype": "intro",
      "category": [],
      "contents": "</li>\n<li><a href=\"en/topics/practice-1-emergencies/1-seeking-help/3-3-learn.md\">Seeking and providing remote help</a></li>\n<li><a href=\"en/topics/practice-1-emergencies/1-seeking-help/3-4-learn.md\">Who to contact when reaching out for help</a>"
    }
  ,
    {
      "stack": "1-intro",
      "title": "Introduction",
      "type": "card",
      "subtype": "intro",
      "category": [],
      "contents": "</li>\n<li><a href=\"http://prose.io/#iilab/openmentoring-content/edit/master/en/topics/practice-1-emergencies/1-seeking-help/3-5-learn.md\">Establishing trust when reaching out</a></li>\n<li><a href=\"en/topics/practice-1-emergencies/1-seeking-help/7-next.md\">Next steps</a></li>\n</ul>"
    }
  ,
    {
      "stack": "2-scenario",
      "title": "Scenario",
      "type": "card",
      "subtype": "scenario",
      "category": [],
      "contents": "<p><img src=\"scenario.png\" alt=\"\" title=\"Illustrate scenario 1\">\nIsaac is worried that his computer might have been hacked into. He wants to reach out to his friend Brenda who he thinks can advise her."
    }
  ,
    {
      "stack": "2-scenario",
      "title": "Scenario",
      "type": "card",
      "subtype": "scenario",
      "category": [],
      "contents": "<img src=\"scenario.png\" alt=\"\" title=\"Illustrate scenario 2\">\nBut Isaac thinks that he might be at risk if he reveals too much about his situation, or worse, that he could put Brenda herself at risk if he doesn&#39;t use secure communications to reach out to her.</p>"
    }
  ,
    {
      "stack": "3-1-learn",
      "title": "Normal Communication",
      "type": "card",
      "subtype": "learn",
      "category": [],
      "contents": "<p>As a general rule, it is important to understand that most ‘normal’ communications tools are not very secure against eavesdropping."
    }
  ,
    {
      "stack": "3-1-learn",
      "title": "Normal Communication",
      "type": "card",
      "subtype": "learn",
      "category": [],
      "contents": "Mobile and landline phone communication is not encrypted and can be listened to by governments, law enforcement agencies, or other parties with the necessary technical equipment."
    }
  ,
    {
      "stack": "3-1-learn",
      "title": "Normal Communication",
      "type": "card",
      "subtype": "learn",
      "category": [],
      "contents": "Sending unencrypted communication is like sending a postcard, anyone who has access to the postcard can read the message. </p>"
    }
  ,
    {
      "stack": "3-2-learn",
      "title": "Encrypted Communication",
      "type": "card",
      "subtype": "learn",
      "category": [],
      "contents": "<p>Sending encrypted communication is like placing the postcard inside a safe and then sending the safe, which only you and those you trust know the combination to and are able to open and read the message."
    }
  ,
    {
      "stack": "3-2-learn",
      "title": "Encrypted Communication",
      "type": "card",
      "subtype": "learn",
      "category": [],
      "contents": "Secure communication is always a trade-off between security and convenience. Choosing the most appropriate form of secure communication will depend on your unique situation, your threat model and the activities in which you are involved."
    }
  ,
    {
      "stack": "3-2-learn",
      "title": "Encrypted Communication",
      "type": "card",
      "subtype": "learn",
      "category": [],
      "contents": "Finally, when communicating there are different levels of security. How and what kind of encryption a tool makes use of will increase or decrease your communication security."
    }
  ,
    {
      "stack": "3-2-learn",
      "title": "Encrypted Communication",
      "type": "card",
      "subtype": "learn",
      "category": [],
      "contents": "A communication tool that provides end-to-end encryption (such a PGP-encrypted email, or chat with OTR or Textsecure on your phone) is better than using a tool with transport-layer encryption (such as Gmail, Facebook, or Twitter)."
    }
  ,
    {
      "stack": "3-2-learn",
      "title": "Encrypted Communication",
      "type": "card",
      "subtype": "learn",
      "category": [],
      "contents": "This, in turn, is better than using unencrypted communications (such as a postcard, your phone or text messages). Do the best that you can with the resources and skills available."
    }
  ,
    {
      "stack": "3-2-learn",
      "title": "Encrypted Communication",
      "type": "card",
      "subtype": "learn",
      "category": [],
      "contents": "To learn more about communicating safely on a computer, refer to the <a href=\"link needed here!\">Safe Emailing</a> section.\nTo learn more about communicating safely on a smartphone, refer to the <a href=\"en/topics/practice-3-safe-phones/0-getting-started/1-intro.md\">Safe Phones</a>section.</p>"
    }
  ,
    {
      "stack": "3-3-learn",
      "title": "How to ask for help",
      "type": "card",
      "subtype": "learn",
      "category": [],
      "contents": "<p>Start with the most secure form of communication you can manage and the person you reach out to may be able to help you establish a line of communications that is more secure, if necessary."
    }
  ,
    {
      "stack": "3-3-learn",
      "title": "How to ask for help",
      "type": "card",
      "subtype": "learn",
      "category": [],
      "contents": "In many cases, it is better to reach out for help insecurely than not to reach out for help at all."
    }
  ,
    {
      "stack": "3-3-learn",
      "title": "How to ask for help",
      "type": "card",
      "subtype": "learn",
      "category": [],
      "contents": "If you believe that your computer has been compromised by malware and the device you are using cannot be trusted, please go directly to the <a href=\"en/topics/practice-1-emergencies/4-malware/1-intro.md\">Malware</a> section."
    }
  ,
    {
      "stack": "3-3-learn",
      "title": "How to ask for help",
      "type": "card",
      "subtype": "learn",
      "category": [],
      "contents": "If you think that your communication might be targeted and/or you have just changed to a safer computer, the <a href=\"link needed here!\">Safer Emailing</a> section and <a href=\"en/topics/practice-3-safe-phones/0-getting-started/1-intro.md\">Safer Phones</a>section to establish secure communications.</p>"
    }
  ,
    {
      "stack": "3-5-learn",
      "title": "Organisations you may reach out to",
      "type": "card",
      "subtype": "learn",
      "category": [],
      "contents": "<p>-EFF <a href=\"https://www.eff.org/\">https://www.eff.org/</a>\n email: info@eff.org\n-Front Line Defenders <a href=\"http://www.frontlinedefenders.org/\">http://www.frontlinedefenders.org/</a>\n email: info@frontlinedefenders.org\n-CPJ <a href=\"https://www.cpj.org/\">https://www.cpj.org/</a>\n email: info@cpj.org"
    }
  ,
    {
      "stack": "3-5-learn",
      "title": "Organisations you may reach out to",
      "type": "card",
      "subtype": "learn",
      "category": [],
      "contents": "-RSF <a href=\"http://en.rsf.org/\">http://en.rsf.org/</a>\n email: internet@rsf.org\n-Access <a href=\"https://www.accessnow.org/\">https://www.accessnow.org/</a>\n email: help@accessnow.org\n PGP key fingerprint: 6CE6 221C 98EC F399 A04C 41B8 C46B ED33 32E8 A2BC\n-Digital Defenders Partnership <a href=\"http://digitaldefenders.org/\">http://digitaldefenders.org/</a>\n email: ddp@hivos.org"
    }
  ,
    {
      "stack": "3-5-learn",
      "title": "Organisations you may reach out to",
      "type": "card",
      "subtype": "learn",
      "category": [],
      "contents": "-Freedom House <a href=\"http://freedomhouse.org/\">http://freedomhouse.org/</a>\n-Internews <a href=\"https://www.internews.org/\">https://www.internews.org/</a>\n-IWPR <a href=\"https://www.cyber-arabs.com/\">https://www.cyber-arabs.com/</a>\n-Open Technology Fund <a href=\"https://www.opentechfund.org\">https://www.opentechfund.org</a>\n email: info@opentechfund.org\n PGP key fingerprint: 67AC DDCF B909 4685 36DD BC03 F766 3861 965A 90D2</p>"
    }
  ,
    {
      "stack": "3-6-learn",
      "title": "Establishing trust when reaching out",
      "type": "card",
      "subtype": "learn",
      "category": [],
      "contents": "<p>Whether you are helping someone remotely or seeking help from a third party, establishing trust is both very important and extremely complicated."
    }
  ,
    {
      "stack": "3-6-learn",
      "title": "Establishing trust when reaching out",
      "type": "card",
      "subtype": "learn",
      "category": [],
      "contents": "You should presume an adversary may have access to all your account details as well as your original communications when seeking help.</p>\n<p>This adversary has an obvious interest in intercepting your secure communications channel and providing specific, bad advice."
    }
  ,
    {
      "stack": "3-6-learn",
      "title": "Establishing trust when reaching out",
      "type": "card",
      "subtype": "learn",
      "category": [],
      "contents": "Security tools have built-in ways to verify if the person you are talking to is actually the person you think you are talking to.</p>\n<p>When getting advice, compare it to concepts discussed on well-respected guides such as <a href=\"https://securityinabox.org/\">Security in a Box</a>, resources at <a href=\"https://ssd.eff.org/en\">EFF</a> and <a href=\"https://pressfreedomfoundation.org/encryption-works\">Press Freedom Foundation</a>.</p>"
    }
  ,
    {
      "stack": "4-test",
      "title": "Test",
      "type": "activity",
      "subtype": "test",
      "category": [],
      "contents": "<quiz name=\"\">\n    <question>\n        <p>Landlines are not encrypted but mobile phones are</p>\n        <answer correct>Yes</answer>\n        <answer>No</answer>\n        <explanation> Mobile and landline phone communication is not encrypted and can be listened to by governments, law enforcement agencies, or other parties with the necessary technical equipment.</explanation>\n    </question>\n</quiz>"
    }
  ,
    {
      "stack": "3-4-learn",
      "title": "Seeking and providing remote help",
      "type": "card",
      "subtype": "learn",
      "category": [],
      "contents": "<p>When you are seeking remote help from a third party please keep the following in mind:</p>\n<ul>\n<li>If you think there is something wrong with one of your devices or accounts and you are uncomfortable or unsure about what to do next, ask for help from a trained technical professional or (inter)national organizations (some listed below) whom you feel you can trust."
    }
  ,
    {
      "stack": "3-4-learn",
      "title": "Seeking and providing remote help",
      "type": "card",
      "subtype": "learn",
      "category": [],
      "contents": "</li>\n<li>Remember that the device you are using might be the subject of the attack."
    }
  ,
    {
      "stack": "3-4-learn",
      "title": "Seeking and providing remote help",
      "type": "card",
      "subtype": "learn",
      "category": [],
      "contents": "</li>\n<li>In order to establish a secure line of communication with a person who can help you, it may be necessary to contact them from an alternate, trustworthy device."
    }
  ,
    {
      "stack": "3-4-learn",
      "title": "Seeking and providing remote help",
      "type": "card",
      "subtype": "learn",
      "category": [],
      "contents": "</li>\n<li>The guides referenced in the <a href=\"en/topics/practice-1-emergencies/1-seeking-help/7-next.md\">Next Steps</a> section can also help."
    }
  ,
    {
      "stack": "3-4-learn",
      "title": "Seeking and providing remote help",
      "type": "card",
      "subtype": "learn",
      "category": [],
      "contents": "</li>\n<li>If possible, do not rely on unknown people you find online.</li>\n</ul>"
    }
  ,
    {
      "stack": "6-test",
      "title": "Test",
      "type": "activity",
      "subtype": "test",
      "category": [],
      "contents": "<quiz name=\"\">\n    <question>\n        <p>With end-to-end encryption the company providing the service is able to read my content.</p>\n        <answer>Yes</answer>\n        <answer correct>No</answer>\n        <explanation>End-to-end encryption means that only you and the person you&#39;re communicating with have the encryption keys. If the keys are not available to anyone else, then no one can eavesdrop on your communications.</explanation>\n    </question>\n    <question>\n        <p>With transport layer encryption the company providing the service is able to read my content.</p>\n        <answer correct>Yes</answer>\n        <answer>No</answer>\n        <explanation>With transport-layer encryption (HTTPS), the communication is encrypted between you and the company&#39;s server. In other words, it&#39;s the internet company that is providing the encryption and they have the encryption keys. In the end-to-end case you and the person you&#39;re communicating with are providing the encryption.</explanation>\n    </question>\n</quiz>"
    }
  ,
    {
      "stack": "7-next",
      "title": "Next",
      "type": "card",
      "subtype": "next",
      "category": [],
      "contents": "<p>Do the best that you can with the resources and skills available."
    }
  ,
    {
      "stack": "7-next",
      "title": "Next",
      "type": "card",
      "subtype": "next",
      "category": [],
      "contents": "Start with the most secure form of communication you can manage and the person you reach out to may be able to help you establish a line of communications that is more secure, if necessary."
    }
  ,
    {
      "stack": "7-next",
      "title": "Next",
      "type": "card",
      "subtype": "next",
      "category": [],
      "contents": "In many cases, it is better to reach out for help insecurely than not to reach out for help at all."
    }
  ,
    {
      "stack": "7-next",
      "title": "Next",
      "type": "card",
      "subtype": "next",
      "category": [],
      "contents": "To learn more, you might be interested in reading the following sections:</p>\n<ul>\n<li><a href=\"topics/practice-1-emergencies/2-account-hijacked\">Has your account been hijacked?</a> (Are you locked out of your account? Seeing unusual activity?)</li>\n<li><a href=\"topics/practice-1-emergencies/3-devices-seized.md\">Has your phone or laptop been taken from you?</a> (Was it taken out of your sight at a security checkpoint? Stolen/siezed? Has it been returned?)"
    }
  ,
    {
      "stack": "7-next",
      "title": "Next",
      "type": "card",
      "subtype": "next",
      "category": [],
      "contents": "</li>\n<li><a href=\"topics/practice-1-emergencies/4-malware.md\">Does your computer have malware?</a> (Is your computer acting suspicious?)</li>\n<li><a href=\"topics/practice-1-emergencies/ddos.md\">Is your website under attack?</a> (Is your site down? Has it been defaced?)</li>\n<li><a href=\"topics/practice-1-emergencies/after.md\">What to do after the emergency is past</a> (What to do when the dust settles? Time to prepare so that you&#39;re ready for the next time.)"
    }
  ,
    {
      "stack": "7-next",
      "title": "Next",
      "type": "card",
      "subtype": "next",
      "category": [],
      "contents": "See also:</li>\n<li><a href=\"resources/glossary.md\">Glossary of terms</a></li>\n<li><a href=\"resources\">Further Reading and Resources</a></li>\n</ul>"
    }
  ]
}
  