{
  "slug": "practice-1-emergencies_0-getting-started",
  "type": "unit",
  "title": "Getting Started",
  "parentTitle": "Dealing with Emergencies",
  "locale": "en",
  "categories": [],
  "updatedAt": "2016-05-03T08:29:07.066Z",
  "cards": [
    {
      "stack": "1-intro",
      "title": "Introduction",
      "type": "card",
      "subtype": "intro",
      "category": [],
      "contents": "<p>This section aims to provide preliminary support for people facing the most common types of digital threats.</p>\n<p>"
    }
  ,
    {
      "stack": "1-intro",
      "title": "Introduction",
      "type": "card",
      "subtype": "intro",
      "category": [],
      "contents": "</p>\n<p>Key takeaways from this section include immediate steps to take when faced with the following situations:</p>\n<ul>\n<li>Surveillance</li>\n<li>Hijacked account</li>\n<li>Devices seized</li>\n<li>Malware</li>\n<li>DDOS attack"
    }
  ,
    {
      "stack": "1-intro",
      "title": "Introduction",
      "type": "card",
      "subtype": "intro",
      "category": [],
      "contents": "</li>\n</ul>\n<p>This section concludes by providing recommendations on steps to take after an emergency.</p>"
    }
  ,
    {
      "stack": "2-scenario",
      "title": "Scenario",
      "type": "card",
      "subtype": "scenario",
      "category": [],
      "contents": "<p>This topic offers a set of self-diagnostic tools for human rights defenders, bloggers, activists and journalists facing attacks themselves."
    }
  ,
    {
      "stack": "2-scenario",
      "title": "Scenario",
      "type": "card",
      "subtype": "scenario",
      "category": [],
      "contents": "It also provides guidelines for digital first responders to assist a person under threat.</p>"
    }
  ,
    {
      "stack": "3-learn",
      "title": "Learn",
      "type": "card",
      "subtype": "learn",
      "category": [],
      "contents": "<p>The Digital First Aid Kit is not meant to serve as the ultimate solution to all your digital emergencies."
    }
  ,
    {
      "stack": "3-learn",
      "title": "Learn",
      "type": "card",
      "subtype": "learn",
      "category": [],
      "contents": "It strives to give you tools that can help you make a first assessment of what is happening and determine if you can mitigate the problem on your own."
    }
  ,
    {
      "stack": "3-learn",
      "title": "Learn",
      "type": "card",
      "subtype": "learn",
      "category": [],
      "contents": "If at any moment you feel uncomfortable or unsure about implementing any of the solutions outlined here, ask for help from trained professionals.</p>"
    }
  ,
    {
      "stack": "4-test",
      "title": "Test",
      "type": "activity",
      "subtype": "test",
      "category": [],
      "contents": "<quiz name=\"What this guide can help you with\">\n    <question multiple>\n        <p>What is the digital first aid kit used for?</p>\n        <answer correct>To help diagnose problems you might face</answer>\n        <answer>To help hijack other people&#39;s account</answer>\n        <answer correct>To help provide support to others who might encounter problems</answer>\n        <explanation>This topic is a set of self-diagnostic tools and also provides guidelines for digital first responders to assist a person under threat.</explanation>\n    </question>\n</quiz>"
    }
  ,
    {
      "stack": "5-next",
      "title": "Next",
      "type": "card",
      "subtype": "next",
      "category": [],
      "contents": "<ul>\n<li><a href=\"topics/practice-1-emergencies/1-seeking-help\">How to get help!</a> (Read this section first on how to communicate securely with others, and <em>where you can get help</em>)</li>\n<li><a href=\"topics/practice-1-emergencies/2-account-hijacked\">Has your account been hijacked?</a> (Are you locked out of your account? Seeing unusual activity?)</li>\n<li><a href=\"topics/practice-1-emergencies/3-devices-seized.md\">Has your phone or laptop been taken from you?</a> (Was it taken out of your sight at a security checkpoint? Stolen/siezed? Has it been returned?)</li>\n<li><a href=\"topics/practice-1-emergencies/4-malware.md\">Does your computer have malware?</a> (Is your computer acting suspicious?)</li>\n<li><a href=\"topics/practice-1-emergencies/ddos.md\">Is your website under attack?</a> (Is your site down? Has it been defaced?)</li>\n<li><a href=\"topics/practice-1-emergencies/after.md\">What to do after the emergency is past</a> (What to do when the dust settles? Time to prepare so that you&#39;re ready for the next time.)"
    }
  ,
    {
      "stack": "5-next",
      "title": "Next",
      "type": "card",
      "subtype": "next",
      "category": [],
      "contents": "See also:</li>\n<li><a href=\"resources/glossary.md\">Glossary of terms</a></li>\n<li><a href=\"resources\">Further Reading and Resources</a></li>\n</ul>"
    }
  ]
}
  