{
  "slug": "practice-1-emergencies_0-getting-started",
  "type": "unit",
  "title": "Getting Started",
  "parentTitle": "Dealing with Emergencies",
  "locale": "en",
  "categories": [],
  "updatedAt": "2016-06-16T13:46:28.823Z",
  "cards": [
    {
      "stack": "1-1-intro",
      "title": "Introduction",
      "type": "card",
      "subtype": "intro",
      "category": [],
      "contents": "<p>Learn how to recognise and deal with the most common types of digital threats.</p>"
    }
  ,
    {
      "stack": "2-scenario",
      "title": "A suspicious email...",
      "type": "card",
      "subtype": "scenario",
      "category": [],
      "contents": "<p>While working on a new story Brenda received an email about suspicious activity on her account. She wants to find out if this is a real threat."
    }
  ,
    {
      "stack": "2-scenario",
      "title": "A suspicious email...",
      "type": "card",
      "subtype": "scenario",
      "category": [],
      "contents": "It seems that the email is related to her social media account. She needs to act quickly before the problem gets worse.</p>"
    }
  ,
    {
      "stack": "3-1-learn",
      "title": "Verify if the problem is real",
      "type": "card",
      "subtype": "learn",
      "category": [],
      "contents": "<p>You might want to seek help, but assessing the situation first can help you fix the problem on your own or be more prepared when you reach out for help."
    }
  ,
    {
      "stack": "3-1-learn",
      "title": "Verify if the problem is real",
      "type": "card",
      "subtype": "learn",
      "category": [],
      "contents": "Make sure you verify where the information is coming from. Was it via email? Did you see an error message on a website? Has someone told you about the problem?"
    }
  ,
    {
      "stack": "3-1-learn",
      "title": "Verify if the problem is real",
      "type": "card",
      "subtype": "learn",
      "category": [],
      "contents": "Verify that the information is coming from a source you trust: do you recognise the email address, or the website address? Fake emails could be sent to mislead you into giving information about your accounts."
    }
  ,
    {
      "stack": "3-1-learn",
      "title": "Verify if the problem is real",
      "type": "card",
      "subtype": "learn",
      "category": [],
      "contents": "</p>\n<blockquote>\n<p>taking a second closer look at the symptom is important.</p>\n</blockquote>"
    }
  ,
    {
      "stack": "3-2-learn",
      "title": "Choose the right lesson",
      "type": "card",
      "subtype": "learn",
      "category": [],
      "contents": "<p>If you know a trained professional that could help you, the seeking help lesson will explain how to contact them safely.</p>\n<ul>\n<li>Choose the <a href=\"topics/practice-1-emergencies/1-seeking-help\">Seeking Help</a> lesson</li>\n</ul>\n<p>"
    }
  ,
    {
      "stack": "3-2-learn",
      "title": "Choose the right lesson",
      "type": "card",
      "subtype": "learn",
      "category": [],
      "contents": "Are you locked out of your social media or email account? Seeing unusual activity?</p>\n<ul>\n<li>Choose the <a href=\"topics/practice-1-emergencies/2-account-hijacked\">Account Hijacked</a> lesson</li>\n</ul>\n<p>"
    }
  ,
    {
      "stack": "3-2-learn",
      "title": "Choose the right lesson",
      "type": "card",
      "subtype": "learn",
      "category": [],
      "contents": "Has your phone or laptop been taken from you? Maybe at a security checkpoint, or it was stolen/seized? Has it been returned?</p>\n<ul>\n<li>Choose the <a href=\"topics/practice-1-emergencies/3-devices-seized.md\">Seized Device</a> lesson</li>\n</ul>\n<p>"
    }
  ,
    {
      "stack": "3-2-learn",
      "title": "Choose the right lesson",
      "type": "card",
      "subtype": "learn",
      "category": [],
      "contents": "Have you opened an attachment that you think may have been malicious? Does your webcam LED turn on when you are not using the webcam? Have your accounts been compromised multiple times, even after you have changed the password?</p>\n<ul>\n<li>Choose the <a href=\"topics/practice-1-emergencies/4-malware.md\">Malware</a> lesson.</li>\n</ul>\n<p>"
    }
  ,
    {
      "stack": "3-2-learn",
      "title": "Choose the right lesson",
      "type": "card",
      "subtype": "learn",
      "category": [],
      "contents": "Is your website down? Has it been defaced?</p>\n<ul>\n<li>Choose the <a href=\"topics/practice-1-emergencies/ddos.md\">DDOS Attack</a> lesson.</li>\n</ul>\n<p>"
    }
  ,
    {
      "stack": "3-2-learn",
      "title": "Choose the right lesson",
      "type": "card",
      "subtype": "learn",
      "category": [],
      "contents": "</p>\n<ul>\n<li>Have you just gotten through an emergency? Not sure what to do when the dust settles? The <a href=\"topics/practice-1-emergencies/after.md\">after the emergency is past</a> section explains how to prepare so you are ready for the next time.</li>\n</ul>\n<p>"
    }
  ,
    {
      "stack": "3-2-learn",
      "title": "Choose the right lesson",
      "type": "card",
      "subtype": "learn",
      "category": [],
      "contents": "You&#39;ve just learned the different lessons available for <strong>Dealing with emergencies</strong></p>"
    }
  ,
    {
      "stack": "5-next",
      "title": "Next",
      "type": "card",
      "subtype": "next",
      "category": [],
      "contents": "<hr>\n<ul>\n<li>en/topics/understand-2-security/0-getting-started: Dig deeper on various aspects of security</li>\n<li>en/topics/understand-3-opsec/0-getting-started: Find out about what operational security or opsec means</li>\n<li>en/topics/understand-4-digisec/0-getting-started: Learn more about important concepts of digital security</li>\n</ul>\n<hr>\n<p>To learn more about dealing with emergencies, see also:</p>\n<ul>\n<li>Digital Defenders Partnership: <a href=\"https://www.digitaldefenders.org/digitalfirstaid/\">Digital First Aid Kit</a></li>\n<li>Tactical Technology Collective: <a href=\"https://securityinabox.org/en/\">Security in a Box</a></li>\n</ul>"
    }
  ]
}
  