{
  "slug": "understand-4-digisec_4-secure-communications",
  "type": "unit",
  "title": "Secure Communications",
  "parentTitle": "Understanding Digital Security",
  "locale": "en",
  "categories": [],
  "updatedAt": "2016-05-23T17:10:32.095Z",
  "cards": [
    {
      "stack": "1-intro",
      "title": "Introduction",
      "type": "card",
      "subtype": "intro",
      "category": [],
      "contents": "<p>This unit will provide an overview of secure communications. Much of this section has been adapted from Tactical Tech&#39;s <a href=\"https://securityinabox.org/\">Security in a Box</a> guide</p>"
    }
  ,
    {
      "stack": "2-scenario",
      "title": "Scenario",
      "type": "card",
      "subtype": "scenario",
      "category": [],
      "contents": "<p>Scenario text...</p>"
    }
  ,
    {
      "stack": "3-learn",
      "title": "Learn",
      "type": "card",
      "subtype": "learn",
      "category": [],
      "contents": "<p>Secure communication is always a trade-off between security and convenience. When communicating there are different levels of security. This section focuses on protecting the content of your communications."
    }
  ,
    {
      "stack": "3-learn",
      "title": "Learn",
      "type": "card",
      "subtype": "learn",
      "category": [],
      "contents": "Choosing the most appropriate form of secure communication will depend on your unique situation, your threat model and the activities in which you are involved."
    }
  ,
    {
      "stack": "3-learn",
      "title": "Learn",
      "type": "card",
      "subtype": "learn",
      "category": [],
      "contents": "If you are actively surveilled, for instance, you need to focus on many more aspects regarding your safety and the safety of the people you communicate with."
    }
  ,
    {
      "stack": "3-learn",
      "title": "Learn",
      "type": "card",
      "subtype": "learn",
      "category": [],
      "contents": "A communication tool that provides end-to-end encryption (such a PGP-encrypted email, or chat with OTR or Textsecure on your phone) is better than using a tool with transport-layer encryption (such as Gmail, Facebook, or Twitter)."
    }
  ,
    {
      "stack": "3-learn",
      "title": "Learn",
      "type": "card",
      "subtype": "learn",
      "category": [],
      "contents": "Anonymisation is another coponent of secure communications. Anonymisation tools hide the sender and recipient of a message and will protect the identity of the participants in a communication."
    }
  ,
    {
      "stack": "3-learn",
      "title": "Learn",
      "type": "card",
      "subtype": "learn",
      "category": [],
      "contents": "</p>\n<p>##If your communications are comproposed\nDepending on how advanced your digital security and operational security practices are, you might need to consider that your communications are compromised."
    }
  ,
    {
      "stack": "3-learn",
      "title": "Learn",
      "type": "card",
      "subtype": "learn",
      "category": [],
      "contents": "In this case you have to consider the consequence for yourself and your contact to reveal information about the emergency."
    }
  ,
    {
      "stack": "3-learn",
      "title": "Learn",
      "type": "card",
      "subtype": "learn",
      "category": [],
      "contents": "Stop using the communications services/accounts that you believe are compromised immediately. Create a new account and remember not to re-use your existing usernames, passwords or email accounts."
    }
  ,
    {
      "stack": "3-learn",
      "title": "Learn",
      "type": "card",
      "subtype": "learn",
      "category": [],
      "contents": "Unless your threat model includes surveillance by very well resourced governments such as the USA, the UK, China or many governments listed in Google&#39;s transparency report, using Google products may afford you a degree of protection."
    }
  ,
    {
      "stack": "3-learn",
      "title": "Learn",
      "type": "card",
      "subtype": "learn",
      "category": [],
      "contents": "Google tools (especially using Google tools on Chrome) can significantly increase security in these situations, and gives you access to more secure email, chat and voice/video conferencing."
    }
  ,
    {
      "stack": "3-learn",
      "title": "Learn",
      "type": "card",
      "subtype": "learn",
      "category": [],
      "contents": "This security only helps &#39;inside&#39; Google, i.e. Gmail to Gmail or Gchat to Gchat. It offers less protection if anyone forwards this information outside of Google, or a different email address then Gmail is added to a Gchat discussion."
    }
  ,
    {
      "stack": "3-learn",
      "title": "Learn",
      "type": "card",
      "subtype": "learn",
      "category": [],
      "contents": "An alternative to Google is Riseup, a volunteer group working to create democratic alternatives and practice self-determination by controlling our own secure means of communications. They offer services such as Gmal and Gchat."
    }
  ,
    {
      "stack": "3-learn",
      "title": "Learn",
      "type": "card",
      "subtype": "learn",
      "category": [],
      "contents": "It is important to note that Riseup does not have the resources of Google. That said, depending on your situation, Riseup may be more appropriate."
    }
  ,
    {
      "stack": "3-learn",
      "title": "Learn",
      "type": "card",
      "subtype": "learn",
      "category": [],
      "contents": "</p>\n<p>##Encryption tools\nFor end-to-end security, there are many tools with strong encryption you can use. Here are a few recommendations:\n<strong>Pidgin (PC)</strong> and <strong>Adium (Mac)</strong> allow you to chat securely, with end-to-end encryption using OTR. Here is a guide to installing Pidgin with OTR."
    }
  ,
    {
      "stack": "3-learn",
      "title": "Learn",
      "type": "card",
      "subtype": "learn",
      "category": [],
      "contents": "<strong>Jitsi</strong> can be used both for text chat as well as encrypted voice and video. Use this guide to set it up. You can create an account for a secure voice/video call for free."
    }
  ,
    {
      "stack": "3-learn",
      "title": "Learn",
      "type": "card",
      "subtype": "learn",
      "category": [],
      "contents": "<strong>PGP (PC and Mac)</strong> allows you to set up end-to-end encryption for your email. Tactical Tech has developed a <a href=\"https://securityinabox.org/en/guide/thunderbird/windows\">detailed guide</a> for using PGP with Thunderbird on your computer."
    }
  ,
    {
      "stack": "3-learn",
      "title": "Learn",
      "type": "card",
      "subtype": "learn",
      "category": [],
      "contents": "<strong>Tor Browser Bundle</strong> can be used to increase your security and privacy while visiting websites by bouncing your communications around a distributed network of relays run by volunteers all around the world."
    }
  ,
    {
      "stack": "3-learn",
      "title": "Learn",
      "type": "card",
      "subtype": "learn",
      "category": [],
      "contents": "For detailed instructions on communicating safely on a smartphone, refer to the <a href=\"en/topics/practice-3-safe-phones/0-getting-started/1-intro.md\">Safe Phones</a>section."
    }
  ,
    {
      "stack": "3-learn",
      "title": "Learn",
      "type": "card",
      "subtype": "learn",
      "category": [],
      "contents": "For detailed instructions on using the Tor Browser Bundle, refer to the <a href=\"en/topics/practice-5-internet-anonymity/index.html\">Using the Internet Anonymously</a> setion</p>"
    }
  ,
    {
      "stack": "4-test",
      "title": "Test",
      "type": "activity",
      "subtype": "test",
      "category": [],
      "contents": "<quiz name=\"Gitbook Quiz\">\n    <question multiple>\n        <p>What is gitbook used for?</p>\n        <answer correct>To read books</answer>\n        <answer>To book hotel named git</answer>\n        <answer correct>To write and publish beautiful books</answer>\n        <explanation>GitBook.com lets you write, publish and manage your books online as a service.</explanation>\n    </question>\n    <question>\n        <p>Is it quiz?</p>\n        <answer correct>Yes</answer>\n        <answer>No</answer>\n    </question>\n</quiz>"
    }
  ,
    {
      "stack": "5-next",
      "title": "Next",
      "type": "card",
      "subtype": "next",
      "category": [],
      "contents": "<ul>\n<li><a href=\"en/topics/_topic/_unit/index.md\">A topic to study next</a></li>\n<li><a href=\"en/topics/_topic/_unit/index.md\">Another topic</a></li>\n<li>...</li>\n</ul>"
    }
  ]
}
  