{
  "slug": "understand-4-digisec_4-secure-communications",
  "type": "unit",
  "title": "Secure Communications",
  "parentTitle": "Understanding Digital Security",
  "locale": "en",
  "categories": [],
  "updatedAt": "2016-05-23T12:19:04.766Z",
  "cards": [
    {
      "stack": "1-intro",
      "title": "Introduction",
      "type": "card",
      "subtype": "intro",
      "category": [],
      "contents": "<p>Introduction text...</p>"
    }
  ,
    {
      "stack": "2-scenario",
      "title": "Scenario",
      "type": "card",
      "subtype": "scenario",
      "category": [],
      "contents": "<p>Scenario text...</p>"
    }
  ,
    {
      "stack": "3-learn",
      "title": "Learn",
      "type": "card",
      "subtype": "learn",
      "category": [],
      "contents": "<p>Safer communications: What to do when you can&#39;t trust your communications channels</p>\n<p>If you believe your communications are being targeted, you must stop using the communications services/accounts that you believe are compromised immediately. Create a new account and remember not to re-use your existing usernames, passwords or email accounts as you seek help.</p>\n<p>Note: If you are unable to set up PGP email with Thunderbird or OTR with Pidgin or Adium, Mailvelope for email is fast and simple ways to set up more secure communications in an emergency.</p>\n<p>The following important recommendations can help you to set up new channels of secure communication:</p>\n<pre><code>After you&#39;ve moved to a new device, create a new account using a new, secure password. Under no circumstances should you re-use an account or a password you have previously used. Find tips on creating a strong password here.\nUnless your threat model includes surveillance by very well resourced governments such as the USA, the UK, China or many governments listed in Google&#39;s transparency report, using Google products may afford you a degree of protection. Google tools (especially using Google tools on Chrome) can significantly increase security in these situations, and gives you access to more secure email, chat and voice/video conferencing. This security only helps &#39;inside&#39; Google, i.e. Gmail to Gmail or Gchat to Gchat. It offers less protection if anyone forwards this information outside of Google, or a different email address then Gmail is added to a Gchat discussion.\nAn alternative to Google is Riseup, a volunteer group working to create democratic alternatives and practice self-determination by controlling our own secure means of communications. They offer services such as Gmal and Gchat. It is important to note that Riseup does not have the resources of Google. That said, depending on your situation, Riseup may be more appropriate.\nFor end-to-end security, there are many tools with strong encryption you can use. Here are a few recommendations:\n    Pidgin (PC) and Adium (Mac) allow you to chat securely, with end-to-end encryption using OTR. Here is a guide to installing Pidgin with OTR.\n    Jitsi can be used both for text chat as well as encrypted voice and video. Use this guide to set it up. You can create an account for a secure voice/video call for free.\n    PGP (PC and Mac) allows you to set up end-to-end encryption for your email. Here is a guide for using PGP with Thunderbird on your computer.\n    Tor Browser Bundle can be used to increase your security and privacy while visiting websites by bouncing your communications around a distributed network of relays run by volunteers all around the world.\n    A number of secure tools come pre-installed in TAILS.\n</code></pre><p>For detailed instructions on communicating safely on a smartphone, refer to the <a href=\"en/topics/practice-3-safe-phones/0-getting-started/1-intro.md\">Safe Phones</a>section.</p>"
    }
  ,
    {
      "stack": "4-test",
      "title": "Test",
      "type": "activity",
      "subtype": "test",
      "category": [],
      "contents": "<quiz name=\"Gitbook Quiz\">\n    <question multiple>\n        <p>What is gitbook used for?</p>\n        <answer correct>To read books</answer>\n        <answer>To book hotel named git</answer>\n        <answer correct>To write and publish beautiful books</answer>\n        <explanation>GitBook.com lets you write, publish and manage your books online as a service.</explanation>\n    </question>\n    <question>\n        <p>Is it quiz?</p>\n        <answer correct>Yes</answer>\n        <answer>No</answer>\n    </question>\n</quiz>"
    }
  ,
    {
      "stack": "5-next",
      "title": "Next",
      "type": "card",
      "subtype": "next",
      "category": [],
      "contents": "<ul>\n<li><a href=\"en/topics/_topic/_unit/index.md\">A topic to study next</a></li>\n<li><a href=\"en/topics/_topic/_unit/index.md\">Another topic</a></li>\n<li>...</li>\n</ul>"
    }
  ]
}
  