{
  "slug": "understand-4-digisec_4-secure-communications",
  "type": "unit",
  "title": "Secure Communications",
  "parentTitle": "Understanding Digital Security",
  "locale": "en",
  "categories": [],
  "updatedAt": "2016-06-26T12:56:07.243Z",
  "cards": [
    {
      "stack": "1-1-intro",
      "title": "Introduction",
      "unit": "4-secure-communications",
      "images": [],
      "type": "card",
      "subtype": "intro",
      "category": [],
      "contents": "<p>Learn about using secure communications.</p>"
    }
  ,
    {
      "stack": "1-2-takeaways",
      "title": "Learn about",
      "unit": "4-secure-communications",
      "images": [],
      "type": "card",
      "subtype": "takeaways",
      "category": [],
      "contents": "<ul>\n<li><a href=\"en/topics/understand-4-digisec/4-secure-communications/3-1-learn.md\">Wecure communication basics</a></li>\n<li><a href=\"en/topics/understand-4-digisec/4-secure-communications/3-1-learn.md\">What to do if you believe your communication channels have been compromised?</a></li>\n<li><a href=\"en/topics/understand-4-digisec/4-secure-communications/3-1-learn.md\">Using secure communications tools</a></li>\n</ul>"
    }
  ,
    {
      "stack": "2-scenario",
      "title": "Scenario",
      "unit": "4-secure-communications",
      "images": [],
      "type": "card",
      "subtype": "scenario",
      "category": [],
      "contents": "<p>Scenario text...</p>"
    }
  ,
    {
      "stack": "3-1-learn",
      "title": "Secure communication basics",
      "unit": "4-secure-communications",
      "images": [],
      "type": "card",
      "subtype": "learn",
      "category": [],
      "contents": "<h1 id=\"protecting-your-content\">Protecting your content</h1>\n<p>Secure communication is always a trade-off between security and convenience. When communicating there are different levels of security. This section focuses on protecting the content of your communications."
    }
  ,
    {
      "stack": "3-1-learn",
      "title": "Secure communication basics",
      "unit": "4-secure-communications",
      "images": [],
      "type": "card",
      "subtype": "learn",
      "category": [],
      "contents": "</p>\n<h1 id=\"choosing-the-appropriate-form\">Choosing the appropriate form</h1>\n<p>Choosing the most appropriate form of secure communication will depend on your unique situation, your threat model and the activities in which you are involved."
    }
  ,
    {
      "stack": "3-1-learn",
      "title": "Secure communication basics",
      "unit": "4-secure-communications",
      "images": [],
      "type": "card",
      "subtype": "learn",
      "category": [],
      "contents": "</p>\n<h1 id=\"communicating-when-surveilled\">Communicating when surveilled</h1>\n<p>If you are actively surveilled, for instance, you need to focus on many more aspects regarding your safety and the safety of the people you communicate with."
    }
  ,
    {
      "stack": "3-1-learn",
      "title": "Secure communication basics",
      "unit": "4-secure-communications",
      "images": [],
      "type": "card",
      "subtype": "learn",
      "category": [],
      "contents": "</p>\n<h1 id=\"end-to-end-encryption\">End-to-end encryption</h1>\n<p>A communication tool that provides end-to-end encryption (such a PGP-encrypted email, or chat with OTR or Textsecure on your phone) is better than using a tool with transport-layer encryption (such as Gmail, Facebook, or Twitter)."
    }
  ,
    {
      "stack": "3-1-learn",
      "title": "Secure communication basics",
      "unit": "4-secure-communications",
      "images": [],
      "type": "card",
      "subtype": "learn",
      "category": [],
      "contents": "</p>\n<h1 id=\"anonymisation\">Anonymisation</h1>\n<p>Anonymisation is another component of secure communications. Anonymisation tools hide the sender and recipient of a message and will protect the identity of the participants in a communication.</p>"
    }
  ,
    {
      "stack": "3-2-learn",
      "title": "If your communications are compromised",
      "unit": "4-secure-communications",
      "images": [],
      "type": "card",
      "subtype": "learn",
      "category": [],
      "contents": "<h1 id=\"consider-the-consequences\">Consider the consequences</h1>\n<p>In your communications are compromised, case you have to consider the consequence for yourself and your contact to reveal information about the emergency."
    }
  ,
    {
      "stack": "3-2-learn",
      "title": "If your communications are compromised",
      "unit": "4-secure-communications",
      "images": [],
      "type": "card",
      "subtype": "learn",
      "category": [],
      "contents": "</p>\n<h1 id=\"stop-using-the-communication-channel\">Stop using the communication channel</h1>\n<p><strong>Stop using the communications services/accounts that you believe are compromised immediately.</strong> Create a new account and remember not to re-use your existing usernames, passwords or email accounts."
    }
  ,
    {
      "stack": "3-2-learn",
      "title": "If your communications are compromised",
      "unit": "4-secure-communications",
      "images": [],
      "type": "card",
      "subtype": "learn",
      "category": [],
      "contents": "</p>\n<h1 id=\"using-google-products\">Using Google products</h1>\n<p>Unless your threat model includes surveillance by very well resourced governments such as the USA, the UK, China or many governments listed in Google&#39;s transparency report, using Google products may afford you a degree of protection."
    }
  ,
    {
      "stack": "3-2-learn",
      "title": "If your communications are compromised",
      "unit": "4-secure-communications",
      "images": [],
      "type": "card",
      "subtype": "learn",
      "category": [],
      "contents": "</p>\n<h1 id=\"google-tools\">Google tools</h1>\n<p>Google tools (especially using Google tools on Chrome) can significantly increase security in these situations, and gives you access to more secure email, chat and voice/video conferencing."
    }
  ,
    {
      "stack": "3-2-learn",
      "title": "If your communications are compromised",
      "unit": "4-secure-communications",
      "images": [],
      "type": "card",
      "subtype": "learn",
      "category": [],
      "contents": "</p>\n<h1 id=\"drawbacks-of-google-tools\">Drawbacks of Google tools</h1>\n<p>This security only helps &#39;inside&#39; Google, i.e. Gmail to Gmail or Gchat to Gchat. It offers less protection if anyone forwards this information outside of Google, or a different email address then Gmail is added to a Gchat discussion."
    }
  ,
    {
      "stack": "3-2-learn",
      "title": "If your communications are compromised",
      "unit": "4-secure-communications",
      "images": [],
      "type": "card",
      "subtype": "learn",
      "category": [],
      "contents": "</p>\n<h1 id=\"alternatives-to-google\">Alternatives to Google</h1>\n<p>An alternative to Google is <a href=\"https://www.riseup.net/\">Riseup</a>, a volunteer group working to create democratic alternatives and practice self-determination by controlling our own secure means of communications. They offer services such as Gmail and Gchat."
    }
  ,
    {
      "stack": "3-2-learn",
      "title": "If your communications are compromised",
      "unit": "4-secure-communications",
      "images": [],
      "type": "card",
      "subtype": "learn",
      "category": [],
      "contents": "</p>\n<h1 id=\"using-riseup\">Using Riseup</h1>\n<p>It is important to note that Riseup does not have the resources of Google. That said, depending on your situation, Riseup may be more appropriate.</p>"
    }
  ,
    {
      "stack": "3-3-learn",
      "title": "Secure communication tools",
      "unit": "4-secure-communications",
      "images": [],
      "type": "card",
      "subtype": "learn",
      "category": [],
      "contents": "<p>For end-to-end security, there are many tools with strong encryption you can use. Here are a few recommendations:</p>\n<h1 id=\"pidgin-and-adium\">Pidgin and Adium</h1>\n<p>Pidgin (PC) and Adium (Mac) allow you to chat securely, with end-to-end encryption using OTR. <a href=\"https://securityinabox.org/en/guide/pidgin/windows\">Here is a guide</a> to installing Pidgin with OTR."
    }
  ,
    {
      "stack": "3-3-learn",
      "title": "Secure communication tools",
      "unit": "4-secure-communications",
      "images": [],
      "type": "card",
      "subtype": "learn",
      "category": [],
      "contents": "</p>\n<h1 id=\"jitsi\">Jitsi</h1>\n<p>Jitsi can be used both for text chat as well as encrypted voice and video. <a href=\"https://securityinabox.org/en/guide/jitsi/windows\">Use this guide</a> to set it up. You can create an account for a secure voice/video call for free."
    }
  ,
    {
      "stack": "3-3-learn",
      "title": "Secure communication tools",
      "unit": "4-secure-communications",
      "images": [],
      "type": "card",
      "subtype": "learn",
      "category": [],
      "contents": "</p>\n<h1 id=\"pgp\">PGP</h1>\n<p>PGP (PC and Mac) allows you to set up end-to-end encryption for your email. Tactical Tech has developed a <a href=\"https://securityinabox.org/en/guide/thunderbird/windows\">detailed guide</a> for using PGP with Thunderbird on your computer."
    }
  ,
    {
      "stack": "3-3-learn",
      "title": "Secure communication tools",
      "unit": "4-secure-communications",
      "images": [],
      "type": "card",
      "subtype": "learn",
      "category": [],
      "contents": "</p>\n<h1 id=\"tor-browser-bundle\">Tor Browser Bundle</h1>\n<p>Tor Browser Bundle can be used to increase your security and privacy while visiting websites by bouncing your communications around a distributed network of relays run by volunteers all around the world."
    }
  ,
    {
      "stack": "3-3-learn",
      "title": "Secure communication tools",
      "unit": "4-secure-communications",
      "images": [],
      "type": "card",
      "subtype": "learn",
      "category": [],
      "contents": "</p>\n<h1 id=\"using-the-tor-bundle\">Using the Tor Bundle</h1>\n<p>For detailed instructions on using the Tor Browser Bundle, refer to the <a href=\"en/topics/practice-5-internet-anonymity/index.html\">Using the Internet Anonymously</a> lesson."
    }
  ,
    {
      "stack": "3-3-learn",
      "title": "Secure communication tools",
      "unit": "4-secure-communications",
      "images": [],
      "type": "card",
      "subtype": "learn",
      "category": [],
      "contents": "</p>\n<h1 id=\"using-a-smartphone\">Using a smartphone</h1>\n<p>For detailed instructions on communicating safely on a smartphone, refer to the <a href=\"en/topics/practice-3-safe-phones/0-getting-started/1-intro.md\">Safe Phones</a> section.</p>"
    }
  ,
    {
      "stack": "4-test",
      "title": "Test",
      "unit": "4-secure-communications",
      "images": [],
      "type": "activity",
      "subtype": "test",
      "category": [],
      "contents": "<quiz name=\"Gitbook Quiz\">\n    <question multiple>\n        <p>What is gitbook used for?</p>\n        <answer correct>To read books</answer>\n        <answer>To book hotel named git</answer>\n        <answer correct>To write and publish beautiful books</answer>\n        <explanation>GitBook.com lets you write, publish and manage your books online as a service.</explanation>\n    </question>\n    <question>\n        <p>Is it quiz?</p>\n        <answer correct>Yes</answer>\n        <answer>No</answer>\n    </question>\n</quiz>"
    }
  ,
    {
      "stack": "5-next",
      "title": "Next",
      "unit": "4-secure-communications",
      "images": [],
      "type": "card",
      "subtype": "next",
      "category": [],
      "contents": "<hr>\n<ul>\n<li>en/topics/understand-4-digisec/1-encryption/1-1-intro.md: Understand encryption</li>\n<li>en/topics/understand-2-security/1-your-security/1-1-intro.md: Learn more about your security</li>\n<li>en/topics/tool-2-signal/0-getting-started/1-1-intro.md: Using Signal for secure messaging</li>\n</ul>\n<hr>\n<p>See also:</p>\n<ul>\n<li>Electronic Frontier Foundation: <a href=\"https://ssd.eff.org/\">Security Self-Defense</a></li>\n<li>Tactical Technology Collective: <a href=\"https://securityinabox.org/\">Security in a Box</a></li>\n</ul>"
    }
  ]
}
  