{
  "slug": "practice-2-planning_0-getting-started",
  "type": "unit",
  "title": "Getting Started",
  "parentTitle": "Planning and Preparing",
  "locale": "en",
  "categories": [],
  "updatedAt": "2016-06-02T09:36:46.768Z",
  "cards": [
    {
      "stack": "1-1-intro",
      "title": "Getting Started",
      "type": "card",
      "subtype": "intro",
      "category": [],
      "contents": "<p><img src=\"unit.png\" alt=\"\"></p>\n<p>Learn to identity threats and risks you may face as a journalist or human rights defender.</p>"
    }
  ,
    {
      "stack": "2-scenario",
      "title": "Scenario",
      "type": "card",
      "subtype": "scenario",
      "category": [],
      "contents": "<p><img src=\"scenario.png\" alt=\"\"></p>\n<p><img src=\"scenario.png\" alt=\"\"></p>"
    }
  ,
    {
      "stack": "3-learn",
      "title": "",
      "type": "card",
      "subtype": "learn",
      "category": [],
      "contents": "<p>This section aims to providing preliminary support for identifying threats and assessing risk you might face as a journalist or human rights defender. This section is by no means all encompassing; threat and risk assessment are complex and very context dependent."
    }
  ,
    {
      "stack": "3-learn",
      "title": "",
      "type": "card",
      "subtype": "learn",
      "category": [],
      "contents": "However, here we try providing an introduction to themes and things to consider. This section provides extensive links to additional resources where you can learn more about the topic.</p>\n<p>en/topics/practice-2-planning/1-threats/1-1-intro.md</p>\n<p>en/topics/practice-2-planning/2-assess-risk/1-1-intro.md</p>\n<p>en/topics/practice-2-planning/3-assess-digital-risk/1-1-intro.md</p>\n<p>en/topics/practice-2-planning/4-emergency-plan/1-1-intro.md</p>"
    }
  ,
    {
      "stack": "5-next",
      "title": "Next",
      "type": "card",
      "subtype": "next",
      "category": [],
      "contents": "<ul>\n<li><a href=\"en/topics/_topic/_unit/index.md\">A topic to study next</a></li>\n<li><a href=\"en/topics/_topic/_unit/index.md\">Another topic</a></li>\n<li>...</li>\n</ul>"
    }
  ]
}
  