{
  "slug": "practice-1-emergencies_0-getting-started",
  "type": "unit",
  "title": "Getting Started",
  "parentTitle": "Dealing with Emergencies",
  "locale": "en",
  "categories": [],
  "updatedAt": "2016-05-21T14:15:25.874Z",
  "cards": [
    {
      "stack": "1-intro",
      "title": "Introduction",
      "type": "card",
      "subtype": "intro",
      "category": [],
      "contents": "<p>This section aims to provide preliminary support for people facing the most common types of digital threats.\n<strong>"
    }
  ,
    {
      "stack": "1-intro",
      "title": "Introduction",
      "type": "card",
      "subtype": "intro",
      "category": [],
      "contents": "</strong>Key takeaways\nKey takeaways from this section include immediate steps to take when faced with the following situations:**</p>\n<ul>\n<li><a href=\"en/topics/practice-1-emergencies/1-seeking-help/1-intro.md\">Seeking help</a> </li>\n<li><a href=\"en/topics/practice-1-emergencies/2-account-hijacked/1-intro.md\">Hijacked account</a></li>\n<li><a href=\"en/topics/practice-1-emergencies/3-seized-devices/1-intro.md\">Devices seized</a></li>\n<li><a href=\"en/topics/practice-1-emergencies/4-malware/1-intro.md\">Malware</a></li>\n<li><a href=\"en/topics/practice-1-emergencies/5-ddos/1-intro.md\">DDOS attack</a></li>\n<li><a href=\"en/topics/practice-1-emergencies/6-after/1-intro.md\">What to do after an emergency</a>"
    }
  ,
    {
      "stack": "1-intro",
      "title": "Introduction",
      "type": "card",
      "subtype": "intro",
      "category": [],
      "contents": "</li>\n</ul>"
    }
  ,
    {
      "stack": "2-scenario",
      "title": "Scenario",
      "type": "card",
      "subtype": "scenario",
      "category": [],
      "contents": "<p>This topic offers a set of self-diagnostic tools for human rights defenders, bloggers, activists and journalists facing attacks themselves."
    }
  ,
    {
      "stack": "2-scenario",
      "title": "Scenario",
      "type": "card",
      "subtype": "scenario",
      "category": [],
      "contents": "It also provides guidelines for digital first responders to assist a person under threat.</p>"
    }
  ,
    {
      "stack": "3-learn",
      "title": "Learn",
      "type": "card",
      "subtype": "learn",
      "category": [],
      "contents": "<p>This guide is not meant to serve as the ultimate solution to all your digital emergencies."
    }
  ,
    {
      "stack": "3-learn",
      "title": "Learn",
      "type": "card",
      "subtype": "learn",
      "category": [],
      "contents": "It strives to give you tools that can help you make a first assessment of what is happening and determine if you can mitigate the problem on your own."
    }
  ,
    {
      "stack": "3-learn",
      "title": "Learn",
      "type": "card",
      "subtype": "learn",
      "category": [],
      "contents": "If at any moment you feel uncomfortable or unsure about implementing any of the solutions outlined here, ask for help from trained professionals.</p>"
    }
  ,
    {
      "stack": "4-test",
      "title": "Test",
      "type": "activity",
      "subtype": "test",
      "category": [],
      "contents": "<quiz name=\"What this guide can help you with\">\n    <question multiple>\n        <p>What is the digital first aid kit used for?</p>\n        <answer correct>To help diagnose problems you might face</answer>\n        <answer>To help hijack other people&#39;s account</answer>\n        <answer correct>To help provide support to others who might encounter problems</answer>\n        <explanation>This topic is a set of self-diagnostic tools and also provides guidelines for digital first responders to assist a person under threat.</explanation>\n    </question>\n</quiz>"
    }
  ,
    {
      "stack": "5-next",
      "title": "Next",
      "type": "card",
      "subtype": "next",
      "category": [],
      "contents": "<p>To learn more about dealing with emergencies, you might be intersted in reading the following sections:</p>\n<ul>\n<li><a href=\"topics/practice-1-emergencies/1-seeking-help\">How to get help!</a> (Read this section first on how to communicate securely with others, and <em>where you can get help</em>)</li>\n<li><a href=\"topics/practice-1-emergencies/2-account-hijacked\">Has your account been hijacked?</a> (Are you locked out of your account? Seeing unusual activity?)"
    }
  ,
    {
      "stack": "5-next",
      "title": "Next",
      "type": "card",
      "subtype": "next",
      "category": [],
      "contents": "</li>\n<li><a href=\"topics/practice-1-emergencies/3-devices-seized.md\">Has your phone or laptop been taken from you?</a> (Was it taken out of your sight at a security checkpoint? Stolen/siezed? Has it been returned?)</li>\n<li><a href=\"topics/practice-1-emergencies/4-malware.md\">Does your computer have malware?</a> (Is your computer acting suspicious?)"
    }
  ,
    {
      "stack": "5-next",
      "title": "Next",
      "type": "card",
      "subtype": "next",
      "category": [],
      "contents": "</li>\n<li><a href=\"topics/practice-1-emergencies/ddos.md\">Is your website under attack?</a> (Is your site down? Has it been defaced?)</li>\n<li><a href=\"topics/practice-1-emergencies/after.md\">What to do after the emergency is past</a> (What to do when the dust settles? Time to prepare so that you&#39;re ready for the next time.)"
    }
  ,
    {
      "stack": "5-next",
      "title": "Next",
      "type": "card",
      "subtype": "next",
      "category": [],
      "contents": "See also:</li>\n<li><a href=\"resources/glossary.md\">Glossary of terms</a></li>\n<li><a href=\"resources\">Further Reading and Resources</a></li>\n</ul>"
    }
  ]
}
  