{
  "slug": "tool-7-computer-hygiene_2-antivirus",
  "type": "unit",
  "title": "Understanding Threats",
  "parentTitle": "Computer Hygiene",
  "locale": "en",
  "categories": [],
  "updatedAt": "2016-06-20T14:58:34.171Z",
  "cards": [
    {
      "stack": "1-1-intro",
      "title": "Anti-virus software",
      "type": "card",
      "subtype": "intro",
      "category": [],
      "contents": "<p>Anti-virus software is a valuable tool against non-targeted but still dangerous malware.</p>"
    }
  ,
    {
      "stack": "3-1-learn",
      "title": "Recommended anti-virus software",
      "type": "card",
      "subtype": "learn",
      "category": [],
      "contents": "<p>"
    }
  ,
    {
      "stack": "3-1-learn",
      "title": "Recommended anti-virus software",
      "type": "card",
      "subtype": "learn",
      "category": [],
      "contents": "</p>\n<ul>\n<li>Microsoft Safety Scanner (Windows)</li>\n<li>F-Secure</li>\n<li>Kaspersky</li>\n<li>ClamXav (Mac OS X)</li>\n<li>TrendMicro</li>\n<li>ClamAV (Windows and Linux)</li>\n</ul>"
    }
  ,
    {
      "stack": "3-2-learn",
      "title": "Using anti-virus software",
      "type": "card",
      "subtype": "learn",
      "category": [],
      "contents": "<p>When you run anti-virus software, ensure that it is up to date."
    }
  ,
    {
      "stack": "3-2-learn",
      "title": "Using anti-virus software",
      "type": "card",
      "subtype": "learn",
      "category": [],
      "contents": "</p>\n<h1 id=\"step-1-\">Step 1:</h1>\n<p>Take a screenshot of the message"
    }
  ,
    {
      "stack": "3-2-learn",
      "title": "Using anti-virus software",
      "type": "card",
      "subtype": "learn",
      "category": [],
      "contents": "</p>\n<h1 id=\"step-2\">Step 2</h1>\n<p>Continue with the recommended steps to remove the virus</p>\n<p>"
    }
  ,
    {
      "stack": "3-2-learn",
      "title": "Using anti-virus software",
      "type": "card",
      "subtype": "learn",
      "category": [],
      "contents": "</p>\n<h1 id=\"step-3\">Step 3</h1>\n<p>Following the guidelines in the <a href=\"en/topics/understand-4-digisec/4-secure-communications/1-intro.md\">Safer Communication</a> section, send the screenshot to a trusted person with security expertise</p>"
    }
  ,
    {
      "stack": "5-next",
      "title": "Next",
      "type": "card",
      "subtype": "next",
      "category": [],
      "contents": "<p>See also:</p>\n<ul>\n<li>Electronic Frontier Foundation: <a href=\"https://ssd.eff.org/en/module/introduction-threat-modeling\">Surveillance Self-Defense</a></li>\n</ul>"
    }
  ]
}
  