{
  "slug": "tool-3-enigmail_0-getting-started",
  "type": "unit",
  "title": "Getting Started with Signal",
  "parentTitle": "Using Enigmail",
  "locale": "en",
  "categories": [],
  "updatedAt": "2016-06-07T09:10:13.897Z",
  "cards": [
    {
      "stack": "1-1-intro",
      "title": "Getting started with Enigmail",
      "type": "card",
      "subtype": "intro",
      "category": [],
      "contents": "<p>Learn how to install and use Enigmail, a free and open source Thunderbird add-on that lets you protect the privacy of your email communication.</p>"
    }
  ,
    {
      "stack": "2-scenario",
      "title": "Scenario",
      "type": "card",
      "subtype": "scenario",
      "category": [],
      "contents": "<p>Mansour is an investigative journalist who wants to share the app with his source Magda who has a sensitive story about government corruption. She wants to enable Magda to communicate safely and share documents."
    }
  ,
    {
      "stack": "2-scenario",
      "title": "Scenario",
      "type": "card",
      "subtype": "scenario",
      "category": [],
      "contents": "He needs to be careful to share the app and its content in ways that doesn&#39;t allow to link them together to protect Magda as a source.</p>"
    }
  ,
    {
      "stack": "3-1-learn",
      "title": "About Enigmail",
      "type": "card",
      "subtype": "learn",
      "category": [],
      "contents": "<p>Enigmail is an interface that lets you use GnuPG encryption program from within Thunderbird. The Engimail interface is represented as Enigmail in the Thunderbird console tool bar."
    }
  ,
    {
      "stack": "3-1-learn",
      "title": "About Enigmail",
      "type": "card",
      "subtype": "learn",
      "category": [],
      "contents": "Engimail is based on public-key cryptography. In this method, each individual must generate her/his own personal key pair."
    }
  ,
    {
      "stack": "3-1-learn",
      "title": "About Enigmail",
      "type": "card",
      "subtype": "learn",
      "category": [],
      "contents": "The first key is known as the private key. It is protected by a password or passphrase, both to be guarded and never shared with anyone."
    }
  ,
    {
      "stack": "3-1-learn",
      "title": "About Enigmail",
      "type": "card",
      "subtype": "learn",
      "category": [],
      "contents": "The second key is known as the public key. This key can be shared with any of your correspondents."
    }
  ,
    {
      "stack": "3-1-learn",
      "title": "About Enigmail",
      "type": "card",
      "subtype": "learn",
      "category": [],
      "contents": "Once you have a correspondent’s public key you can begin sending encrypted emails to this person. Only she will be able to decrypt and read your emails, because she is the only person who has access to the matching private key."
    }
  ,
    {
      "stack": "3-1-learn",
      "title": "About Enigmail",
      "type": "card",
      "subtype": "learn",
      "category": [],
      "contents": "Similarly, if you send a copy of your own public key to your email contacts and keep the matching private key secret, only you will be able to read encrypted messages from those contacts."
    }
  ,
    {
      "stack": "3-1-learn",
      "title": "About Enigmail",
      "type": "card",
      "subtype": "learn",
      "category": [],
      "contents": "Enigmail also lets you attach digital signatures to your messages. The recipient of your message who has a genuine copy of your public key will be able to verify that the email comes from you, and that its content was not tampered with on the way."
    }
  ,
    {
      "stack": "3-1-learn",
      "title": "About Enigmail",
      "type": "card",
      "subtype": "learn",
      "category": [],
      "contents": "If you have a correspondent&#39;s public key, you can verify the digital signatures on her signed messages.</p>"
    }
  ,
    {
      "stack": "3-2-learn",
      "title": "Installing and setting up Enigmail",
      "type": "card",
      "subtype": "learn",
      "category": [],
      "contents": "<p>Refer to the <a href=\"https://securityinabox.org/en/guide/thunderbird/windows\">detailed guide</a> Tactical Technology Collective has put together for help setting up and starting to use Enigmail.</p>"
    }
  ,
    {
      "stack": "5-next",
      "title": "Next",
      "type": "card",
      "subtype": "next",
      "category": [],
      "contents": "<hr>\n<ul>\n<li>(en/topics/understand-4-digisec/4-secure-communications/1-1-intro.md):  Know how to securely communicate</li>\n<li>(en/topics/understand-4-digisec/1-encryption/1-1-intro.md): Learn about encryption basics</li>\n</ul>\n<hr>\n<p>Tactical Technology Collective: <a href=\"https://securityinabox.org/en/guide/thunderbird/windows\">Thunderbirg, Enigmail, and OpenPGP for Windows</a></p>"
    }
  ]
}
  