{
  "slug": "practice-1-emergencies_6-after",
  "type": "unit",
  "title": "After an Emergency",
  "parentTitle": "Dealing with Emergencies",
  "locale": "en",
  "categories": [],
  "updatedAt": "2016-05-22T09:25:04.336Z",
  "cards": [
    {
      "stack": "2-scenario",
      "title": "Scenario",
      "type": "card",
      "subtype": "scenario",
      "category": [],
      "contents": "<p>Scenario text...\n<img src=\"scenario.png\" alt=\"\" title=\"Illustrate scenario 1\">"
    }
  ,
    {
      "stack": "2-scenario",
      "title": "Scenario",
      "type": "card",
      "subtype": "scenario",
      "category": [],
      "contents": "<img src=\"scenario.png\" alt=\"\" title=\"Illustrate scenario 2\"></p>"
    }
  ,
    {
      "stack": "1-intro",
      "title": "Introduction",
      "type": "card",
      "subtype": "intro",
      "category": [],
      "contents": "<p><img src=\"unit.png\" alt=\"\" title=\"Landing image for the unit\">"
    }
  ,
    {
      "stack": "1-intro",
      "title": "Introduction",
      "type": "card",
      "subtype": "intro",
      "category": [],
      "contents": "This section describe what to do after an emergency takes place."
    }
  ,
    {
      "stack": "1-intro",
      "title": "Introduction",
      "type": "card",
      "subtype": "intro",
      "category": [],
      "contents": "Key takeaway for this section will be:</p>"
    }
  ,
    {
      "stack": "3-learn",
      "title": "Learn",
      "type": "card",
      "subtype": "learn",
      "category": [],
      "contents": "<p>Learning text...</p>"
    }
  ,
    {
      "stack": "4-test",
      "title": "Test",
      "type": "activity",
      "subtype": "test",
      "category": [],
      "contents": "<quiz name=\"Gitbook Quiz\">\n    <question multiple>\n        <p>What is gitbook used for?</p>\n        <answer correct>To read books</answer>\n        <answer>To book hotel named git</answer>\n        <answer correct>To write and publish beautiful books</answer>\n        <explanation>GitBook.com lets you write, publish and manage your books online as a service.</explanation>\n    </question>\n    <question>\n        <p>Is it quiz?</p>\n        <answer correct>Yes</answer>\n        <answer>No</answer>\n    </question>\n</quiz>"
    }
  ,
    {
      "stack": "5-next",
      "title": "Next",
      "type": "card",
      "subtype": "next",
      "category": [],
      "contents": "<p>If you found this useful, you might be interested in the following sections:</p>\n<ul>\n<li><a href=\"topics/practice-1-emergencies/1-seeking-help\">How to get help!</a> (Read this section first on how to communicate securely with others, and <em>where you can get help</em>)</li>\n<li><a href=\"topics/practice-1-emergencies/2-account-hijacked\">Has your account been hijacked?</a> (Are you locked out of your account? Seeing unusual activity?)"
    }
  ,
    {
      "stack": "5-next",
      "title": "Next",
      "type": "card",
      "subtype": "next",
      "category": [],
      "contents": "</li>\n<li><a href=\"topics/practice-1-emergencies/3-devices-seized.md\">Has your phone or laptop been taken from you?</a> (Was it taken out of your sight at a security checkpoint? Stolen/siezed? Has it been returned?)</li>\n<li><a href=\"topics/practice-1-emergencies/4-malware.md\">Does your computer have malware?</a> (Is your computer acting suspicious?)</li>\n<li><a href=\"topics/practice-1-emergencies/ddos.md\">Is your website under attack?</a> (Is your site down? Has it been defaced?)"
    }
  ,
    {
      "stack": "5-next",
      "title": "Next",
      "type": "card",
      "subtype": "next",
      "category": [],
      "contents": "See also:</li>\n<li><a href=\"resources/glossary.md\">Glossary of terms</a></li>\n<li><a href=\"resources\">Further Reading and Resources</a></li>\n</ul>"
    }
  ]
}
  