{
  "slug": "practice-1-emergencies_6-after",
  "type": "unit",
  "title": "After an Emergency",
  "parentTitle": "Dealing with Emergencies",
  "locale": "en",
  "categories": [],
  "updatedAt": "2016-05-22T17:15:24.732Z",
  "cards": [
    {
      "stack": "1-intro",
      "title": "Introduction",
      "type": "card",
      "subtype": "intro",
      "category": [],
      "contents": "<p><img src=\"unit.png\" alt=\"\" title=\"Landing image for the unit\">"
    }
  ,
    {
      "stack": "1-intro",
      "title": "Introduction",
      "type": "card",
      "subtype": "intro",
      "category": [],
      "contents": "Journalists and human rights defenders do difficult and challenging work, and see a good deal of human misery. We may even be fearful for our lives at times."
    }
  ,
    {
      "stack": "1-intro",
      "title": "Introduction",
      "type": "card",
      "subtype": "intro",
      "category": [],
      "contents": "It is therefore imprint to know how to react following a traumatic event, and how to recognise the symptoms of traumatic stress."
    }
  ,
    {
      "stack": "1-intro",
      "title": "Introduction",
      "type": "card",
      "subtype": "intro",
      "category": [],
      "contents": "This section describe what to do after an emergency takes place.</p>"
    }
  ,
    {
      "stack": "2-scenario",
      "title": "Scenario",
      "type": "card",
      "subtype": "scenario",
      "category": [],
      "contents": "<p>Scenario text...\n<img src=\"scenario.png\" alt=\"\" title=\"Illustrate scenario 1\">"
    }
  ,
    {
      "stack": "2-scenario",
      "title": "Scenario",
      "type": "card",
      "subtype": "scenario",
      "category": [],
      "contents": "<img src=\"scenario.png\" alt=\"\" title=\"Illustrate scenario 2\"></p>"
    }
  ,
    {
      "stack": "3-1-learn",
      "title": "Learn",
      "type": "card",
      "subtype": "learn",
      "category": [],
      "contents": "<p>##Effects\nAt the time of a traumatic event, the person experiencing the event might feel numb and unable to respond."
    }
  ,
    {
      "stack": "3-1-learn",
      "title": "Learn",
      "type": "card",
      "subtype": "learn",
      "category": [],
      "contents": "Immediately after a traumatic event, it is common for people to feel shocked, or dazed, or unable to process their own feelings."
    }
  ,
    {
      "stack": "3-1-learn",
      "title": "Learn",
      "type": "card",
      "subtype": "learn",
      "category": [],
      "contents": "Over several hours or days, the feelings of shock and denial gradually fade, and other thoughts and feelings take their place."
    }
  ,
    {
      "stack": "3-1-learn",
      "title": "Learn",
      "type": "card",
      "subtype": "learn",
      "category": [],
      "contents": "People react differently and take different amounts of time to come to terms with a traumatic event. Even so, you may be surprised by the strength of your feelings."
    }
  ,
    {
      "stack": "3-1-learn",
      "title": "Learn",
      "type": "card",
      "subtype": "learn",
      "category": [],
      "contents": "</p>\n<p>##Feelings you might have after a traumatic event\nAfter an emergency or traumatic event, you may feel:"
    }
  ,
    {
      "stack": "3-1-learn",
      "title": "Learn",
      "type": "card",
      "subtype": "learn",
      "category": [],
      "contents": "Frightened — that the same thing will happen again, or that you might lose control of your feelings and break down"
    }
  ,
    {
      "stack": "3-1-learn",
      "title": "Learn",
      "type": "card",
      "subtype": "learn",
      "category": [],
      "contents": "Helpless - that something really bad happened and you could do nothing about it."
    }
  ,
    {
      "stack": "3-1-learn",
      "title": "Learn",
      "type": "card",
      "subtype": "learn",
      "category": [],
      "contents": "Angry — about what has happened and with whoever was responsible"
    }
  ,
    {
      "stack": "3-1-learn",
      "title": "Learn",
      "type": "card",
      "subtype": "learn",
      "category": [],
      "contents": "Guilty — that you have survived when others have suffered or died"
    }
  ,
    {
      "stack": "3-1-learn",
      "title": "Learn",
      "type": "card",
      "subtype": "learn",
      "category": [],
      "contents": "Sad - particularly if people were injured or killed, especially someone you knew."
    }
  ,
    {
      "stack": "3-1-learn",
      "title": "Learn",
      "type": "card",
      "subtype": "learn",
      "category": [],
      "contents": "Ashamed or embarrassed — that you have these strong feelings you can’t control, especially if you need others to support you"
    }
  ,
    {
      "stack": "3-1-learn",
      "title": "Learn",
      "type": "card",
      "subtype": "learn",
      "category": [],
      "contents": "Relieved - that danger is over and that the danger has gone."
    }
  ,
    {
      "stack": "3-1-learn",
      "title": "Learn",
      "type": "card",
      "subtype": "learn",
      "category": [],
      "contents": "Hopeful - that your life will return to normal. People can start to feel more positive about things quite soon after a trauma."
    }
  ,
    {
      "stack": "3-1-learn",
      "title": "Learn",
      "type": "card",
      "subtype": "learn",
      "category": [],
      "contents": "Strong feelings affect your physical health. In the weeks after a trauma, you may find that you:\n-Cannot sleep\n-Feel very tired\n-Dream a lot and have nightmares"
    }
  ,
    {
      "stack": "3-1-learn",
      "title": "Learn",
      "type": "card",
      "subtype": "learn",
      "category": [],
      "contents": "-Have poor concentration\n-Have memory problems\n-Have difficulty thinking clearly\n-Suffer from headaches"
    }
  ,
    {
      "stack": "3-1-learn",
      "title": "Learn",
      "type": "card",
      "subtype": "learn",
      "category": [],
      "contents": "-Experiences change in appetite\n-Experiences changes in sex-drive or libido\n-Have aches and pains\n-Feel that your heart is beating faster.</p>\n<p><Br>\nIt may take weeks for some of these feelings and symptoms to pass. Remember that these are normal reactions to extreme circumstances. They are not signs that you are week or sick.</p>"
    }
  ,
    {
      "stack": "3-2-learn",
      "title": "Learn",
      "type": "card",
      "subtype": "learn",
      "category": [],
      "contents": "<p>##Coping strategies for traumatic stress\nEveryone has natural ways of coping. Encourage people to use their own positive coping strategies."
    }
  ,
    {
      "stack": "3-2-learn",
      "title": "Learn",
      "type": "card",
      "subtype": "learn",
      "category": [],
      "contents": "This will help them feel stronger and regain a sense of control. You will need to adapt the following suggestions to take account of the persons culture and what is possible in the particular crisis situation."
    }
  ,
    {
      "stack": "3-2-learn",
      "title": "Learn",
      "type": "card",
      "subtype": "learn",
      "category": [],
      "contents": "Encourage positive coping strategies</p>\n<ul>\n<li>Get enough rest</li>\n<li>Eat as regularly as possible and drink water</li>\n<li>Talk and spend time with family and friends."
    }
  ,
    {
      "stack": "3-2-learn",
      "title": "Learn",
      "type": "card",
      "subtype": "learn",
      "category": [],
      "contents": "</li>\n<li>Discuss problems with someone you trust. </li>\n<li>Do activities that help you relax (walk, sing, pray, play with children).</li>\n<li>Do physical exercise</li>\n<li>Find safe ways to help others in the crisis and get involved in community activities."
    }
  ,
    {
      "stack": "3-2-learn",
      "title": "Learn",
      "type": "card",
      "subtype": "learn",
      "category": [],
      "contents": "Discourage negative coping strategies:</li>\n<li>Don’t take drugs, smoke or drink alcohol</li>\n<li>Don’t sleep all day"
    }
  ,
    {
      "stack": "3-2-learn",
      "title": "Learn",
      "type": "card",
      "subtype": "learn",
      "category": [],
      "contents": "</li>\n<li>Don’t work all the time without any rest or relation</li>\n<li>Don&#39;t isolate yourself from friends and loved ones.</li>\n<li>Don’t neglect basic personal hygiene</li>\n<li>Don’t be violent"
    }
  ,
    {
      "stack": "3-2-learn",
      "title": "Learn",
      "type": "card",
      "subtype": "learn",
      "category": [],
      "contents": "It is crucial in the weeks and months after a traumatic event to keep an eye out for changes in personal attitude (depression, frustration, etc.) as these may be signs of longer-term post-traumatic stress disorder. PTSD is addressed in the following unit.</li>\n</ul>"
    }
  ,
    {
      "stack": "3-learn",
      "title": "Learn",
      "type": "card",
      "subtype": "learn",
      "category": [],
      "contents": "<p>##What is traumatic stress\nJournalists and human rights defenders do difficult and challenging work ,and see a good deal of human misery. We may even be fearful for our lives at times. It is therefore imprint to know how to react following a traumatic event, and how to recognise the symptoms of traumatic stress."
    }
  ,
    {
      "stack": "3-learn",
      "title": "Learn",
      "type": "card",
      "subtype": "learn",
      "category": [],
      "contents": "Any event which is very distressing and outside of the realm of normal human experience can result in traumatic stress. Traumatic stress usually produces a very intense response, including fear and/or helplessness, which may overwhelm the individual’s coping mechanisms."
    }
  ,
    {
      "stack": "3-learn",
      "title": "Learn",
      "type": "card",
      "subtype": "learn",
      "category": [],
      "contents": "Such a response is a normal reaction to an abnormal situation.</p>"
    }
  ,
    {
      "stack": "4-test",
      "title": "Test",
      "type": "activity",
      "subtype": "test",
      "category": [],
      "contents": "<quiz name=\"Gitbook Quiz\">\n    <question multiple>\n        <p>What is gitbook used for?</p>\n        <answer correct>To read books</answer>\n        <answer>To book hotel named git</answer>\n        <answer correct>To write and publish beautiful books</answer>\n        <explanation>GitBook.com lets you write, publish and manage your books online as a service.</explanation>\n    </question>\n    <question>\n        <p>Is it quiz?</p>\n        <answer correct>Yes</answer>\n        <answer>No</answer>\n    </question>\n</quiz>"
    }
  ,
    {
      "stack": "5-next",
      "title": "Next",
      "type": "card",
      "subtype": "next",
      "category": [],
      "contents": "<p>If you found this useful, you might be interested in the following sections:</p>\n<ul>\n<li><a href=\"topics/practice-1-emergencies/1-seeking-help\">How to get help!</a> (Read this section first on how to communicate securely with others, and <em>where you can get help</em>)</li>\n<li><a href=\"topics/practice-1-emergencies/2-account-hijacked\">Has your account been hijacked?</a> (Are you locked out of your account? Seeing unusual activity?)"
    }
  ,
    {
      "stack": "5-next",
      "title": "Next",
      "type": "card",
      "subtype": "next",
      "category": [],
      "contents": "</li>\n<li><a href=\"topics/practice-1-emergencies/3-devices-seized.md\">Has your phone or laptop been taken from you?</a> (Was it taken out of your sight at a security checkpoint? Stolen/siezed? Has it been returned?)</li>\n<li><a href=\"topics/practice-1-emergencies/4-malware.md\">Does your computer have malware?</a> (Is your computer acting suspicious?)</li>\n<li><a href=\"topics/practice-1-emergencies/ddos.md\">Is your website under attack?</a> (Is your site down? Has it been defaced?)"
    }
  ,
    {
      "stack": "5-next",
      "title": "Next",
      "type": "card",
      "subtype": "next",
      "category": [],
      "contents": "See also:<ul>\n<li><a href=\"en/topics/understand-2-security/2-your-well-being/3-learn.md\">Chronic stress</a></li>\n<li><a href=\"en/topics/understand-2-security/2-your-well-being/3-3-learn.md\">Traumatic stress</a></li>\n<li><a href=\"en/topics/understand-2-security/2-your-well-being/3-6-learn.md\">Post-traumatic stress</a></li>\n</ul>\n</li>\n</ul>"
    }
  ]
}
  