{
  "slug": "practice-1-emergencies_5-ddos",
  "type": "unit",
  "title": "DDOS Attack",
  "parentTitle": "Dealing with Emergencies",
  "locale": "en",
  "categories": [],
  "updatedAt": "2016-05-20T20:48:10.680Z",
  "cards": [
    {
      "stack": "1-intro",
      "title": "Introduction",
      "type": "card",
      "subtype": "intro",
      "category": [],
      "contents": "<p>This section will provide an overview of DDOS attacks and steps to take if you are the victim of a DDOS attack. A DDOS attack, or a Denial of Service attack, occurs when an adversary may try to silence you by taking your website down or defacing your website."
    }
  ,
    {
      "stack": "1-intro",
      "title": "Introduction",
      "type": "card",
      "subtype": "intro",
      "category": [],
      "contents": "Key takeaways of this section are:</p>\n<ul>\n<li><a href=\"en/topics/practice-1-emergencies/5-ddos/3-1-learn.md\">What is a DDOS attack</a></li>\n<li><a href=\"en/topics/practice-1-emergencies/5-ddos/3-3-learn.md\">First steps to take if your website is down or defaced</a></li>\n<li><a href=\"en/topics/practice-1-emergencies/5-ddos/3-2-learn.md\">Possible other reasons you may be suffering from a down or defaced website</a></li>\n<li><a href=\"en/topics/practice-1-emergencies/5-ddos/3-4-learn.md\">How to mitigate a DDOS attack</a></li>\n<li><a href=\"en/topics/practice-1-emergencies/5-ddos/3-5-learn.md\">What to do if you are suffering from a website defacement</a></li>\n<li><a href=\"en/topics/practice-1-emergencies/5-ddos/5-next.md\">Next steps</a>"
    }
  ,
    {
      "stack": "1-intro",
      "title": "Introduction",
      "type": "card",
      "subtype": "intro",
      "category": [],
      "contents": "</li>\n</ul>"
    }
  ,
    {
      "stack": "2-scenario",
      "title": "Scenario",
      "type": "card",
      "subtype": "scenario",
      "category": [],
      "contents": "<p>Scenario text...</p>"
    }
  ,
    {
      "stack": "3-1-learn",
      "title": "What is a DDOS attack?",
      "type": "card",
      "subtype": "learn",
      "category": [],
      "contents": "<p>A threat faced by many independent journalists, news sites and bloggers is having their voices muted because their website is down or defaced."
    }
  ,
    {
      "stack": "3-1-learn",
      "title": "What is a DDOS attack?",
      "type": "card",
      "subtype": "learn",
      "category": [],
      "contents": "In many cases, this maybe an innocent and frustrating problem, but on occasion, it may be due to a distributed ‘denial of service’ attack or a website takeover."
    }
  ,
    {
      "stack": "3-1-learn",
      "title": "What is a DDOS attack?",
      "type": "card",
      "subtype": "learn",
      "category": [],
      "contents": "If your site is under a denial of service attack, some immediate options for next steps are suggested.</p>"
    }
  ,
    {
      "stack": "3-2-learn",
      "title": "Possible other reasons you may be suffering from a down or defaced website",
      "type": "card",
      "subtype": "learn",
      "category": [],
      "contents": "<p>To start, it is important to know that there are many reasons why your website can be down. Most often this is due to programming errors or technical problems at the company that hosts the site. Sometimes, other things like legal challenges can cause a host to turn a site off as well. Before you conclude you are the victim of a DDOS attack, root out the following potential problems:"
    }
  ,
    {
      "stack": "3-2-learn",
      "title": "Possible other reasons you may be suffering from a down or defaced website",
      "type": "card",
      "subtype": "learn",
      "category": [],
      "contents": "Network problem\nTo see whether your web host is working but your website is unavailable, visit <a href=\"https://www.isup.me/\">https://www.isup.me/</a>. If your site is up but you cant see it, it might be a network problem. It could also be in indication that your account has been disabled."
    }
  ,
    {
      "stack": "3-2-learn",
      "title": "Possible other reasons you may be suffering from a down or defaced website",
      "type": "card",
      "subtype": "learn",
      "category": [],
      "contents": "Billing problem\nMake sure your billing information is up to date and that there is no outstanding balance on your hosting services or your domain name to ensure your website is not taken down for billing problems"
    }
  ,
    {
      "stack": "3-2-learn",
      "title": "Possible other reasons you may be suffering from a down or defaced website",
      "type": "card",
      "subtype": "learn",
      "category": [],
      "contents": "Legal problems\nIf your website is taken down due to a legal issue, the resources provided by EFF, while focused on US copyright laws, are a good place to learn more."
    }
  ,
    {
      "stack": "3-2-learn",
      "title": "Possible other reasons you may be suffering from a down or defaced website",
      "type": "card",
      "subtype": "learn",
      "category": [],
      "contents": "Hosting problem\nIf your website is not loading at all, your hosting company may be hving problems. Visit the website of your hosting company and look for a &#39;status&#39; blog, or search on Twitter.com for other users also discussing downtime with the same host."
    }
  ,
    {
      "stack": "3-2-learn",
      "title": "Possible other reasons you may be suffering from a down or defaced website",
      "type": "card",
      "subtype": "learn",
      "category": [],
      "contents": "Censorship problem\nCan you visit other sites with similar content to your site? Try visiting websites related to yours or covering similar issues. Also try using Tor or Psiphon to access your site. If this helps, you have a blocking problem – you are still online for other parts of the world, but are being censored in your own country."
    }
  ,
    {
      "stack": "3-2-learn",
      "title": "Possible other reasons you may be suffering from a down or defaced website",
      "type": "card",
      "subtype": "learn",
      "category": [],
      "contents": "Software problem\nAre you seeing error messages? This could be a software problem. You should reflect on any recent changes you or your team may have made and contact your webmaster. Sending your webmaster a screenshot, the link of the page you are having problems with and any error messages you see will help them figure out what might be causing the problem. You might also copy the error messages into a search to see if they are easily fixed."
    }
  ,
    {
      "stack": "3-2-learn",
      "title": "Possible other reasons you may be suffering from a down or defaced website",
      "type": "card",
      "subtype": "learn",
      "category": [],
      "contents": "Account hijacking\nAre you seeing a website that is not yours? Are you receiving a warning from your browser about malware on your own site? This could be a defacement problem. See below for next steps; you will need to work with your web hosting provider and review the Account Hijacking section."
    }
  ,
    {
      "stack": "3-2-learn",
      "title": "Possible other reasons you may be suffering from a down or defaced website",
      "type": "card",
      "subtype": "learn",
      "category": [],
      "contents": "Poor site performance\nIs your site loading intermittently or unusually slowly? Your site may be overwhelmed by the number and speed of requests for pages it is receiving – this is a performance problem. This could be ‘good’ insofar as your site has become more popular and it simply needs some improvements to respond to more readers – check your site analytics for a long-term pattern in growth."
    }
  ,
    {
      "stack": "3-2-learn",
      "title": "Possible other reasons you may be suffering from a down or defaced website",
      "type": "card",
      "subtype": "learn",
      "category": [],
      "contents": "If you have determined that none of these are at fault, you may be suffering from a DDOS attack. To mitigate against this, take the following four steps:</p>"
    }
  ,
    {
      "stack": "3-3-learn",
      "title": "First steps to take if your website is down or defaced",
      "type": "card",
      "subtype": "learn",
      "category": [],
      "contents": "<p>Finding the problem and possible solutions to your website’s problem can be cumbersome if you do not have hosting expertise. Therefore, when possible, the best first step is to contact a trusted person who can help with your website (e.g. webmaster or the people who helped you set up your site)"
    }
  ,
    {
      "stack": "3-3-learn",
      "title": "First steps to take if your website is down or defaced",
      "type": "card",
      "subtype": "learn",
      "category": [],
      "contents": "Start by answering some simple questions:</p>\n<ul>\n<li>Who built your website? Are they available to help?</li>\n<li>Who is your web hosting provider? This is the company that provides the server where your website lives. If you do not know, you can use a tool like this to help.</li>\n<li>Do you have your account log in details for this hosting provider?</li>\n<li>Where did you purchase your domain name? In some cases this is also your website host, but it could also be another company.</li>\n<li>Do you have the log in details for the domain name service? If not, finding these is your first step to recovering your site</li>\n<li>Who else knows or may have access to these account details?"
    }
  ,
    {
      "stack": "3-3-learn",
      "title": "First steps to take if your website is down or defaced",
      "type": "card",
      "subtype": "learn",
      "category": [],
      "contents": "After answering these questions, take the following first steps to mitigate the problem.</li>\n</ul>"
    }
  ,
    {
      "stack": "3-4-learn",
      "title": "How to mitigate a DDOS attack",
      "type": "card",
      "subtype": "learn",
      "category": [],
      "contents": "<p>If you have determined that none of these are at fault, you may be suffering from a DDOS attack. To mitigate against this, take the following four steps:"
    }
  ,
    {
      "stack": "3-4-learn",
      "title": "How to mitigate a DDOS attack",
      "type": "card",
      "subtype": "learn",
      "category": [],
      "contents": "</p>\n<ul>\n<li>Step 1: Contact a trusted person who can help with your website (your webmaster, the people who helped you set up your site, your internal staff if you have them and the company that hosts your site)."
    }
  ,
    {
      "stack": "3-4-learn",
      "title": "How to mitigate a DDOS attack",
      "type": "card",
      "subtype": "learn",
      "category": [],
      "contents": "</li>\n<li>Step 2: Work with the company you bought your domain from (like EasyDNS, Network Solutions, GoDaddy) and change the ‘Time to Live’ or TTL to 1 hour. This can help you redirect your site much faster once it comes under attack (the default is 72 hours, or three days). This setting will often be found in ‘advanced’ properties for your domain, sometimes part of the SRV or Service records."
    }
  ,
    {
      "stack": "3-4-learn",
      "title": "How to mitigate a DDOS attack",
      "type": "card",
      "subtype": "learn",
      "category": [],
      "contents": "</li>\n<li>Step 3: Move your site to a DDoS mitigation service.  Examples:\n-- Deflect.ca\n-- Google’s Project Shield\n-- CloudFlare’s Project Galileo"
    }
  ,
    {
      "stack": "3-4-learn",
      "title": "How to mitigate a DDOS attack",
      "type": "card",
      "subtype": "learn",
      "category": [],
      "contents": "</li>\n<li>Step 4: As soon as you have regained control, review your needs and decide between a secure hosting provider or simply continuing with your DDoS mitigation service</li>\n</ul>"
    }
  ,
    {
      "stack": "3-5-learn",
      "title": "What to do if you are suffering from a website defacement",
      "type": "card",
      "subtype": "learn",
      "category": [],
      "contents": "<p>If you are suffering from a website defacement, take the following steps:"
    }
  ,
    {
      "stack": "3-5-learn",
      "title": "What to do if you are suffering from a website defacement",
      "type": "card",
      "subtype": "learn",
      "category": [],
      "contents": "Step 1: Verify that this is a malicious takeover of your website. An unfortunate but legal practice is to buy recently expired domain names to ‘take over’ the traffic they had for advertising purposes. It is very important to keep payments for your domain name in order."
    }
  ,
    {
      "stack": "3-5-learn",
      "title": "What to do if you are suffering from a website defacement",
      "type": "card",
      "subtype": "learn",
      "category": [],
      "contents": "Step 2: If your website has been defaced, first regain control of your website login account and reset its password, see the Account Hijacking section for help."
    }
  ,
    {
      "stack": "3-5-learn",
      "title": "What to do if you are suffering from a website defacement",
      "type": "card",
      "subtype": "learn",
      "category": [],
      "contents": "Step 3: Make a backup of the defaced site that can later be used for investigation of the defacement."
    }
  ,
    {
      "stack": "3-5-learn",
      "title": "What to do if you are suffering from a website defacement",
      "type": "card",
      "subtype": "learn",
      "category": [],
      "contents": "Step 4: Temporarily turn off your website – use a simple landing page or ‘parked’ page."
    }
  ,
    {
      "stack": "3-5-learn",
      "title": "What to do if you are suffering from a website defacement",
      "type": "card",
      "subtype": "learn",
      "category": [],
      "contents": "Step 5: Determine how your site was hacked. Your hosting provider may be able to help. Common problems are older parts of your site with custom scripts/tools running on them, out of date content management systems, and custom programming with security flaws."
    }
  ,
    {
      "stack": "3-5-learn",
      "title": "What to do if you are suffering from a website defacement",
      "type": "card",
      "subtype": "learn",
      "category": [],
      "contents": "Step 6: Restore your original from backups. If neither you, nor your hosting company have backups, you may have to re-build your website from scratch! Also note that if your only backups are at your hosting provider, an attacker may be able to delete those when they take control of your site!"
    }
  ,
    {
      "stack": "3-5-learn",
      "title": "What to do if you are suffering from a website defacement",
      "type": "card",
      "subtype": "learn",
      "category": [],
      "contents": "Step 7: Move to a DDoS Mitigtion service or secure hosting provider. Deflect.ca can support you in protecting your site from online attacks. CloudFlare can also block many common attacks. Secure hosting providers such as VirtualRoad/Qurium go to great lengths to detect and prevent such attacks.</p>"
    }
  ,
    {
      "stack": "4-test",
      "title": "Test",
      "type": "activity",
      "subtype": "test",
      "category": [],
      "contents": "<quiz name=\"Gitbook Quiz\">\n    <question multiple>\n        <p>What is gitbook used for?</p>\n        <answer correct>To read books</answer>\n        <answer>To book hotel named git</answer>\n        <answer correct>To write and publish beautiful books</answer>\n        <explanation>GitBook.com lets you write, publish and manage your books online as a service.</explanation>\n    </question>\n    <question>\n        <p>Is it quiz?</p>\n        <answer correct>Yes</answer>\n        <answer>No</answer>\n    </question>\n</quiz>"
    }
  ,
    {
      "stack": "5-next",
      "title": "Next",
      "type": "card",
      "subtype": "next",
      "category": [],
      "contents": "<p>If you found this useful, you might be interested in the following sections:</p>\n<ul>\n<li><a href=\"topics/practice-1-emergencies/1-seeking-help\">How to get help!</a> (Read this section first on how to communicate securely with others, and <em>where you can get help</em>)</li>\n<li><a href=\"topics/practice-1-emergencies/2-account-hijacked\">Has your account been hijacked?</a> (Are you locked out of your account? Seeing unusual activity?)"
    }
  ,
    {
      "stack": "5-next",
      "title": "Next",
      "type": "card",
      "subtype": "next",
      "category": [],
      "contents": "</li>\n<li><a href=\"topics/practice-1-emergencies/3-devices-seized.md\">Has your phone or laptop been taken from you?</a> (Was it taken out of your sight at a security checkpoint? Stolen/siezed? Has it been returned?)</li>\n<li><a href=\"topics/practice-1-emergencies/4-malware.md\">Does your computer have malware?</a> (Is your computer acting suspicious?)"
    }
  ,
    {
      "stack": "5-next",
      "title": "Next",
      "type": "card",
      "subtype": "next",
      "category": [],
      "contents": "</li>\n<li><a href=\"topics/practice-1-emergencies/after.md\">What to do after the emergency is past</a> (What to do when the dust settles? Time to prepare so that you&#39;re ready for the next time.)"
    }
  ,
    {
      "stack": "5-next",
      "title": "Next",
      "type": "card",
      "subtype": "next",
      "category": [],
      "contents": "See also:</li>\n<li><a href=\"resources/glossary.md\">Glossary of terms</a></li>\n</ul>"
    }
  ]
}
  