{
  "slug": "practice-2-planning_1-threats",
  "type": "unit",
  "title": "Understanding Threats",
  "parentTitle": "Planning and Preparing",
  "locale": "en",
  "categories": [],
  "updatedAt": "2016-05-19T12:43:01.387Z",
  "cards": [
    {
      "stack": "1-intro",
      "title": "Introduction",
      "type": "card",
      "subtype": "intro",
      "category": [],
      "contents": "<p>There is no single solution for keeping yourself safe online. Digital security isn’t about which tools you use; rather, it’s about understanding the threats you face and how you can counter those threats. To become more secure, you must determine what you need to protect, and whom you need to protect it from."
    }
  ,
    {
      "stack": "1-intro",
      "title": "Introduction",
      "type": "card",
      "subtype": "intro",
      "category": [],
      "contents": "Threats can change depending on where you’re located, what you’re doing, and whom you’re working with. Therefore, in order to determine what solutions will be best for you, you should conduct a threat modeling assessment."
    }
  ,
    {
      "stack": "1-intro",
      "title": "Introduction",
      "type": "card",
      "subtype": "intro",
      "category": [],
      "contents": "This section is adopted from the Electronic Frontier Foundation&#39;s <a href=\"https://ssd.eff.org/en/module/introduction-threat-modeling\">Surveillance Self-Defense guide.</a></p>"
    }
  ,
    {
      "stack": "2-scenario",
      "title": "Scenario",
      "type": "card",
      "subtype": "scenario",
      "category": [],
      "contents": "<p>Scenario text...</p>"
    }
  ,
    {
      "stack": "3-learn",
      "title": "Learn",
      "type": "card",
      "subtype": "learn",
      "category": [],
      "contents": "<p>When Conducting an Assessment, There are Five Main Questions you Should Ask Yourself:</p>\n<p>(1) What do you want to protect?\n(2) Who do you want to protect it from?\n(3) How likely is it that you will need to protect it?\n(4) How bad are the consequences if you fail?\n(5) How much trouble are you willing to go through in order to try to prevent those?"
    }
  ,
    {
      "stack": "3-learn",
      "title": "Learn",
      "type": "card",
      "subtype": "learn",
      "category": [],
      "contents": "When we talk about the first question, we often refer to assets, or the things that you are trying to protect. An asset is something you value and want to protect. When we are talking about digital security, the assets in question are usually information. For example, your emails, contact lists, instant messages, and files are all assets. Your devices are also assets."
    }
  ,
    {
      "stack": "3-learn",
      "title": "Learn",
      "type": "card",
      "subtype": "learn",
      "category": [],
      "contents": "Write down a list of data that you keep, where it’s kept, who has access to it, and what stops others from accessing it."
    }
  ,
    {
      "stack": "3-learn",
      "title": "Learn",
      "type": "card",
      "subtype": "learn",
      "category": [],
      "contents": "In order to answer the second question, “Who do you want to protect it from,” it’s important to understand who might want to target you or your information, or who is your adversary. An adversary is any person or entity that poses a threat against an asset or assets. Examples of potential adversaries are your boss, your government, or a hacker on a public network."
    }
  ,
    {
      "stack": "3-learn",
      "title": "Learn",
      "type": "card",
      "subtype": "learn",
      "category": [],
      "contents": "Make a list of who might want to get ahold of your data or communications. It might be an individual, a government agency, or a corporation."
    }
  ,
    {
      "stack": "3-learn",
      "title": "Learn",
      "type": "card",
      "subtype": "learn",
      "category": [],
      "contents": "A threat is something bad that can happen to an asset. There are numerous ways that an adversary can threaten your data. For example, an adversary can read your private communications as they pass through the network, or they can delete or corrupt your data. An adversary could also disable your access to your own data."
    }
  ,
    {
      "stack": "3-learn",
      "title": "Learn",
      "type": "card",
      "subtype": "learn",
      "category": [],
      "contents": "The motives of adversaries differ widely, as do their attacks. A government trying to prevent the spread of a video showing police violence may be content to simply delete or reduce the availability of that video, whereas a political opponent may wish to gain access to secret content and publish it without you knowing."
    }
  ,
    {
      "stack": "3-learn",
      "title": "Learn",
      "type": "card",
      "subtype": "learn",
      "category": [],
      "contents": "Write down what your adversary might want to do with your private data."
    }
  ,
    {
      "stack": "3-learn",
      "title": "Learn",
      "type": "card",
      "subtype": "learn",
      "category": [],
      "contents": "The capability of your attacker is also an important thing to think about. For example, your mobile phone provider has access to all of your phone records and therefore has the capability to use that data against you. A hacker on an open Wi-Fi network can access your unencrypted communications. Your government might have stronger capabilities."
    }
  ,
    {
      "stack": "3-learn",
      "title": "Learn",
      "type": "card",
      "subtype": "learn",
      "category": [],
      "contents": "A final thing to consider is risk. Risk is the likelihood that a particular threat against a particular asset will actually occur, and goes hand-in-hand with capability. While your mobile phone provider has the capability to access all of your data, the risk of them posting your private data online to harm your reputation is low."
    }
  ,
    {
      "stack": "3-learn",
      "title": "Learn",
      "type": "card",
      "subtype": "learn",
      "category": [],
      "contents": "It is important to distinguish between threats and risks. While a threat is a bad thing that can happen, risk is the likelihood that the threat will occur. For instance, there is a threat that your building might collapse, but the risk of this happening is far greater in San Francisco (where earthquakes are common) than in Stockholm (where they are not)."
    }
  ,
    {
      "stack": "3-learn",
      "title": "Learn",
      "type": "card",
      "subtype": "learn",
      "category": [],
      "contents": "Conducting a risk analysis is both a personal and a subjective process; not everyone has the same priorities or views threats in the same way. Many people find certain threats unacceptable no matter what the risk, because the mere presence of the threat at any likelihood is not worth the cost. In other cases, people disregard high risks because they don&#39;t view the threat as a problem."
    }
  ,
    {
      "stack": "3-learn",
      "title": "Learn",
      "type": "card",
      "subtype": "learn",
      "category": [],
      "contents": "In a military context, for example, it might be preferable for an asset to be destroyed than for it to fall into enemy hands. Conversely, in many civilian contexts, it&#39;s more important for an asset such as email service to be available than confidential.</p>"
    }
  ,
    {
      "stack": "4-test",
      "title": "Test",
      "type": "activity",
      "subtype": "test",
      "category": [],
      "contents": "<p>If you want to keep your house and possessions safe, here are a few questions you might ask:</p>\n<p>-Should I lock my door?\n-What kind of lock or locks should I invest in?\n-Do I need a more advanced security system?\n-What are the assets in this scenario?\n  -The privacy of my home\n  -The items inside my home\n-What is the threat?\n  -Someone could break in.\n  -What is the actual risk of someone breaking in? Is it likely?"
    }
  ,
    {
      "stack": "4-test",
      "title": "Test",
      "type": "activity",
      "subtype": "test",
      "category": [],
      "contents": "Once you have asked yourself these questions, you are in a position to assess what measures to take. If your possessions are valuable, but the risk of a break-in is low, then you probably won’t want to invest too much money in a lock. On the other hand, if the risk is high, you’ll want to get the best locks on the market, and perhaps even add a security system.</p>"
    }
  ,
    {
      "stack": "5-next",
      "title": "Next",
      "type": "card",
      "subtype": "next",
      "category": [],
      "contents": "<p>If you found this useful, you might be interested in the following sections:</p>\n<ul>\n<li><a href=\"en/topics/practice-2-planning/2-assess-risk/1-intro.md\">Learn how to assess Risk</a></li>\n<li><a href=\"en/topics/practice-2-planning/3-assess-digital-risk/1-intro-hrd.md\">Learn how to assess Digital Risk</a></li>\n<li><a href=\"en/topics/practice-2-planning/4-emergency-plan/1-intro.md\">How to make an emergency Plan</a><ul>\n<li><a href=\"https://ssd.eff.org/en/module/introduction-threat-modeling\">Electronic Frontier Foundation: Surveillance Self-Defense</a></li>\n</ul>\n</li>\n</ul>"
    }
  ]
}
  