{
  "slug": "tool-2-signal_1-messaging",
  "type": "unit",
  "title": "How to use messaging?",
  "parentTitle": "Using Signal",
  "locale": "en",
  "categories": [
       "platform:android"
      , "platform:android"
      , "platform:android"
      , "protect:content,identity"
      , "protect:content"
      , "protect:identity"
      , "protect:content,identity"
      , "protect:content"],
  "updatedAt": "2016-05-21T12:31:44.591Z",
  "cards": [
    {
      "stack": "1-intro",
      "title": "How to share Open Mentoring content with others?",
      "type": "card",
      "subtype": "intro",
      "category": [],
      "contents": "<!--is this a broken link?-->\n<p><img src=\"{{site.baseurl}}/en/topics/tool-2-signal/1-messaging/signal-and-en-v02-023.png\" alt=\"signal-and-en-v02-023.png\"></p>\n<ul>\n<li>First you need to share the app.<ul>\n<li>Then you need to share content.</li>\n</ul>\n</li>\n</ul>\n<p><a href=\"resources/risk-assessment.md\">Learn more about risk types and levels</a></p>"
    }
  ,
    {
      "stack": "2-scenario",
      "title": "Scenario",
      "type": "card",
      "subtype": "scenario",
      "category": [
           "protect:content"
          , "protect:identity"],
      "contents": "<p>Mansour is an investigative journalist who wants to share the app with his source Magda who has a sensitive story about government corruption. She wants to enable Magda to communicate safely and share documents."
    }
  ,
    {
      "stack": "2-scenario",
      "title": "Scenario",
      "type": "card",
      "subtype": "scenario",
      "category": [
           "protect:content"
          , "protect:identity"],
      "contents": "He needs to be careful to share the app and its content in ways that doesn&#39;t allow to link them together to protect Magda as a source.</p>"
    }
  ,
    {
      "stack": "3-howto-android-content",
      "title": "How-to",
      "type": "howto",
      "subtype": "howto",
      "category": [
           "platform:android"
          , "protect:content"],
      "contents": "<p>First you need to share the app</p>\n<ul>\n<li>If you want to share this app as a link </li>\n<li>If you want to share the app with a QR code</li>\n</ul>\n<p>Then you need to share the content</p>\n<ul>\n<li>...</li>\n</ul>"
    }
  ,
    {
      "stack": "3-howto-android-identity",
      "title": "How-to",
      "type": "howto",
      "subtype": "howto",
      "category": [
           "platform:android"
          , "protect:identity"],
      "contents": "<p>First you need to share the app</p>\n<ul>\n<li>If you want to share this app as a link </li>\n<li>If you want to share the app with a QR code</li>\n</ul>\n<p>Then you need to share the content</p>\n<ul>\n<li>...</li>\n</ul>"
    }
  ,
    {
      "stack": "3-howto-android",
      "title": "How-to",
      "type": "howto",
      "subtype": "howto",
      "category": [
           "platform:android"],
      "contents": "<p>Below are the steps that you will take to send and receive encrypted text using Signal:</p>\n<ul>\n<li>Sending and Receiving messages</li>\n<li>Messaging Individuals</li>\n<li>Messaging Groups</li>\n<li>Identity Verification</li>\n<li>Reading Fingerprints</li>\n<li>Scanning Fingerprints</li>\n<li>Export your messages</li>\n</ul>\n<h2 id=\"-1-sending-and-receiving-messages-\"><strong>[1] Sending and Receiving messages</strong></h2>\n<p><strong>Note:</strong> To send encrypted messages to your contacts, they must also have Signal installed, otherwise the message will be sent as an insecure SMS.</p>\n<p>Signal can send messages as SMS using your mobile phone company to relay the message. With this option, even if your recipient is using Signal and the SMS is encrypted, your mobile phone company will know that you are sending a (encrypted) message to this particular recipient. </p>\n<p>If your phone is connected to the Internet, either using a data connection offered by your mobile phone company or using local wifi, Signal will instead send the message over an encrypted connection with a WhisperSync server. In this instance, your mobile phone company will not know who you are sending your messages to.</p>\n<h2 id=\"-2-messaging-individuals-\"><strong>[2] Messaging Individuals</strong></h2>\n<p><strong>Step 1:</strong> Open Signal and tap at the top of your screen to bring up your contact list.</p>\n<p><strong>Step 2:</strong> Tap on the contact you wish to message.</p>\n<p>Note: The contact list will display at the top all your contacts who also use Signal (under the Signal Users heading) and then your full contact list (including Signal users) in the All Contacts section.</p>\n<p><img src=\"12.png\" alt=\"12.png\">\nFigure 1: Signal contact list</p>\n<p><strong>Step 3:</strong> Compose your message in the box and tap to send.</p>\n<p>Note If you send a message to another Signal user and you are connected to the Internet, the default option is to send it via Internet. If you want to send an encrypted SMS (using your mobile phone company) or an insecure SMS instead of an encrypted message long press to bring up the alternative sending options.</p>\n<p><img src=\"2s.png\" alt=\"2s.png\"></p>\n<p><img src=\"3s.png\" alt=\"3s.png\">\nFigure 2 &amp; 3: Sent message / Alternative sending options</p>\n<h2 id=\"_things-you-should-know_\"><em>Things You Should Know</em></h2>\n<p>Your sent messages are given different background colours / indicators to help you identify how they were sent:</p>\n<p>Blue with a icon: The message was sent encrypted via Internet.</p>\n<p><img src=\"4s.png\" alt=\"4s.png\">\nFigure 4: Encrypted message send via mobile data</p>\n<p>Green with a icon: The message was sent as an encrypted SMS.</p>\n<p><img src=\"5s.png\" alt=\"5s.png\">\nFigure 5: Encrypted SMS</p>\n<p>Green: The message was sent as an insecure SMS.</p>\n<p><img src=\"6s.png\" alt=\"6s.png\">\nFigure 6: Insecure SMS</p>\n<p>A icon in your message indicates that it has been delivered. Note: the only appears by default when messages are sent via Internet; to see them when sending SMS you need to enable SMS delivery report in settings.</p>\n<p>The messages you receive from your contact will always be grey. If they have a icon, they were received encrypted. If there is no icon <strong>the message was received insecurely.</strong></p>\n<h2 id=\"-3-messaging-groups-\"><strong>[3] Messaging Groups</strong></h2>\n<p>Signal also allows you to message multiple people at once.</p>\n<p>Note: If at least one of the people you are messaging does not use Signal, the messages will be sent as an MMS and not encrypted.</p>\n<p><strong>Step 1:</strong> Tap on in the top right of your screen to bring up the menu and select </p>\n<p><strong>Step 2:</strong> Enter a name for your chat group and tap to add your contacts.</p>\n<p><strong>Step 3:</strong> Tap the box to the right of each contacts name to add them to the group and press.</p>\n<p><img src=\"7s.png\" alt=\"7s.png\"></p>\n<p><img src=\"8s.png\" alt=\"8s.png\">\nFigure 7 &amp; 8: Contact selection &amp; Group Creation</p>\n<p><strong>Step 4:</strong> Tap to complete the creation of the group and be brought back to the Signal main screen.</p>\n<p><strong>Step 5:</strong> Tap on the group you have created and begin messaging the group.</p>\n<p><img src=\"9s.png\" alt=\"9s.png\">\nFigure 9: Group conversation</p>\n<h2 id=\"-4-sending-files\">[4] Sending Files</h2>\n<p>Signal allows you to send images, video and audio files to your contact.</p>\n<p><strong>Step 1:</strong> Start a conversation with the person you want to send the file to.</p>\n<p><strong>Step 2:</strong> Tap on in the top right of your screen to bring up the menu and select .</p>\n<p><strong>Step 3:</strong> Choose from the list the type of file that you want to send - Picture / Video / Audio</p>\n<p><strong>Step 4:</strong> Select the file you want to send.</p>\n<p><strong>Step 5:</strong> Verify that the file you want to send is in the compose window and press to send.</p>\n<p><img src=\"10s.png\" alt=\"10s.png\"></p>\n<p><img src=\"11s.png\" alt=\"11s.png\">\nFigure 10 &amp; 11: File type selection / Image sent to contact</p>\n<h2 id=\"-5-identity-verification\">[5] Identity Verification</h2>\n<p>To confirm that the messages you are sending and receiving are with the right person, you should both verify your Signal identities with each other.</p>\n<h2 id=\"-6-reading-fingerprints\">[6] Reading Fingerprints</h2>\n<p>The Following steps will need to be performed by both parties.</p>\n<p><strong>Step 1:</strong> Open an existing conversation with your contact and tap at the top of the screen.</p>\n<p><strong>Step 2:</strong> Tap from the pull-down menu.</p>\n<p><strong>Step 3:</strong>You will be presented with a 66-character fingerprint of your Signal identity and that of your contacts. These should be read to each other, and verify that you both have the same fingerprints for each other, either in person or via a medium that allows you to confirm visually or audibly to whom you are talking.</p>\n<p><img src=\"13s.png\" alt=\"13s.png\">\nFigure 12: Signal fingerprints</p>\n<h2 id=\"-7-scanning-fingerprints\">[7] Scanning Fingerprints</h2>\n<p><strong>Note:</strong> To verify fingerprints by scanning you need to have Barcode Scanner installed on your phone. If it is not available on your phone at the time of scanning Signal will download and install the app for you.</p>\n<p>The Following steps will need to be performed by both parties.</p>\n<p><strong>Step 1:</strong> Open an existing conversation with your contact and tap at the top of the screen.</p>\n<p><strong>Step 2:</strong> Tap from the pull-down menu.</p>\n<p><strong>Step 3:</strong> You will be presented with a 66-character fingerprint of your Signal identity and that of your contacts.</p>\n<p><strong>Step 4:</strong> On both your phones tap on .</p>\n<p><strong>Step 5:</strong> On your phone tap and your contact should tap . Your contact&#39;s phone will display a QR code and your phone will open Barcode Scanner.</p>\n<p><strong>Step 6:</strong> Use Barcode Scanner on your phone to scan your contact&#39;s QR code.</p>\n<p><img src=\"14s.png\" alt=\"14s.png\"></p>\n<p><img src=\"15s.png\" alt=\"15s.png\">\nFigure 13 &amp; 14: Your contact&#39;s QR code / Barcode scanner</p>\n<p><strong>Step 7:</strong> Once the QR code has been successfully scanned Signal will check that the identity is valid.</p>\n<p><img src=\"16s.png\" alt=\"16s.png\">\nFigure 15: Signal identity verified</p>\n<p><strong>Step 8:</strong> Once you have verified your contact&#39;s Signal identity, they should repeat the above steps to verify yours.</p>\n<h2 id=\"-8-export-your-messages\">[8] Export your messages</h2>\n<p>Note: While Signal allows you to export your messages, the messages in the backup file will not be encrypted and you should take additional steps to protect its contents.</p>\n<p><strong>Step 1:</strong> Tap on in the top right of the main Signal screen to bring up the menu and select .</p>\n<p><strong>Step 2:</strong> The next screen will open on the import options, tap .</p>\n<p><strong>Step 3:</strong> On the export screen tap .</p>\n<p><strong>Step 4:</strong> Confirm that you want to export the unencrypted messages to the storage on your phone by tapping .</p>\n<p><strong>Step 5:</strong> Signal will confirm the export has completed by displaying . You will find a file called Textsecure.xml on your phone&#39;s storage that contains your unencrypted messages.</p>\n<p><img src=\"17s.png\" alt=\"17s.png\"></p>\n<p><img src=\"18s.png\" alt=\"18s.png\">\nFigure 16 &amp; 17: Signal Export and Export confirmation screens</p>"
    }
  ]
}
  