{
  "slug": "practice-planning_assess-digital-risk",
  "type": "unit",
  "title": "Assessing Digital Security Risks",
  "parentTitle": "Planning and Preparing",
  "locale": "en",
  "categories": [],
  "updatedAt": "2015-12-09T18:21:34.710Z",
  "cards": [
    {
      "stack": "1-intro-hrm",
      "title": "Introduction",
      "type": "card",
      "subtype": "intro",
      "category": [],
      "contents": "<p>In this chapter, you learn how to understand the nature of the risk we face with digital data (risk assesment), so that we can make the right decisions about how best to stay safe.</p>\n<p>Perhaps without realising, we take decisions based on risk analyses every day: you may chose  to lock your office doors when you leave in the evening, to deter thieves."
    }
  ,
    {
      "stack": "1-intro-hrm",
      "title": "Introduction",
      "type": "card",
      "subtype": "intro",
      "category": [],
      "contents": "</p>\n<p>The idea of this section is to consider that same logic, as it applies to our digital activities, both as human rights defenders and as private people.</p>"
    }
  ,
    {
      "stack": "1-intro",
      "title": "Introduction",
      "type": "card",
      "subtype": "intro",
      "category": [],
      "contents": "<p>In this chapter, you learn how to understand the nature of the risk we face with digital data (<strong><em>risk assesment</em></strong>), so that we can make the right decisions about how best to stay safe.</p>\n<p>Perhaps without realising, we take decisions based on risk analyses every day: you may chose  to lock your office doors when you leave in the evening, to deter thieves."
    }
  ,
    {
      "stack": "1-intro",
      "title": "Introduction",
      "type": "card",
      "subtype": "intro",
      "category": [],
      "contents": "</p>\n<p>The idea of this section is to consider that same logic, as it applies to our digital activities, both as journalists and as private people.</p>\n<p>Defination: <strong>Risk</strong> refers to possible events, however uncertain, that result in harm.</p>"
    }
  ,
    {
      "stack": "2-scenario",
      "title": "Scenario",
      "type": "card",
      "subtype": "scenario",
      "category": [],
      "contents": "<p>Scenario text...</p>"
    }
  ,
    {
      "stack": "3-learn",
      "title": "Learn",
      "type": "card",
      "subtype": "learn",
      "category": [],
      "contents": "<p>Learning text...</p>"
    }
  ,
    {
      "stack": "4-test",
      "title": "Test",
      "type": "activity",
      "subtype": "test",
      "category": [],
      "contents": "<quiz name=\"Gitbook Quiz\">\n    <question multiple>\n        <p>What is gitbook used for?</p>\n        <answer correct>To read books</answer>\n        <answer>To book hotel named git</answer>\n        <answer correct>To write and publish beautiful books</answer>\n        <explanation>GitBook.com lets you write, publish and manage your books online as a service.</explanation>\n    </question>\n    <question>\n        <p>Is it quiz?</p>\n        <answer correct>Yes</answer>\n        <answer>No</answer>\n    </question>\n</quiz>"
    }
  ,
    {
      "stack": "5-next",
      "title": "Next",
      "type": "card",
      "subtype": "next",
      "category": [],
      "contents": "<ul>\n<li><a href=\"en/topics/_topic/_unit/index.md\">A topic to study next</a></li>\n<li><a href=\"en/topics/_topic/_unit/index.md\">Another topic</a></li>\n<li>...</li>\n</ul>"
    }
  ]
}
  