{
  "slug": "practice-2-planning_3-assess-digital-risk",
  "type": "unit",
  "title": "Assessing Digital Security Risks",
  "parentTitle": "Planning and Preparing",
  "locale": "en",
  "categories": [
       "profile:hrd"],
  "updatedAt": "2016-05-09T12:57:15.490Z",
  "cards": [
    {
      "stack": "1-intro-hrd",
      "title": "Introduction",
      "type": "card",
      "subtype": "intro",
      "category": [
           "profile:hrd"],
      "contents": "<p>In this chapter, you learn how to understand the nature of the risk we face with digital data (risk assesment), so that we can make the right decisions about how best to stay safe.</p>\n<p>Perhaps without realising, we take decisions based on risk analyses every day: you may chose  to lock your office doors when you leave in the evening, to deter thieves."
    }
  ,
    {
      "stack": "1-intro-hrd",
      "title": "Introduction",
      "type": "card",
      "subtype": "intro",
      "category": [
           "profile:hrd"],
      "contents": "</p>\n<p>The idea of this section is to consider that same logic, as it applies to our digital activities, both as human rights defenders and as private people.</p>"
    }
  ,
    {
      "stack": "1-intro",
      "title": "Introduction",
      "type": "card",
      "subtype": "intro",
      "category": [],
      "contents": "<p>In order to know what measures to take in order to be more secure, both digitally and in our day-to-day personal and professional activities, it&#39;s important to understand the nature of the risk we face, so that we can make the right decisions about how best to stay safe.</p>\n<p>"
    }
  ,
    {
      "stack": "1-intro",
      "title": "Introduction",
      "type": "card",
      "subtype": "intro",
      "category": [],
      "contents": "</p>\n<p>Perhaps without realising, we take decisions based on risk analyses every day. <strong>For example:</strong> you may choose not to walk home through a particular neighbourhood you consider dangerous, or to lock your office doors when you leave in the evening, to deter thieves. The idea of this section is to consider that same logic, as it applies to our digital activities, both as Journalists and as private people.</p>"
    }
  ,
    {
      "stack": "3-learn",
      "title": "Learn",
      "type": "card",
      "subtype": "learn",
      "category": [],
      "contents": "<p>In order to understand the risks we face and be able to effectively react, first we should know where they come from; that is to say, <strong>who</strong> is behind them, and <strong>why</strong>.</p>\n<p>In order to &#39;map&#39; the <strong>actors</strong> relevant to our work and our well-being, we might consider dividing them into three categories:"
    }
  ,
    {
      "stack": "3-learn",
      "title": "Learn",
      "type": "card",
      "subtype": "learn",
      "category": [],
      "contents": "</p>\n<ol>\n<li><strong>Resisting forces</strong>: These are actors who try to prevent us from successfully carrying out our work. \nIn some cases it may be agents of the State, who often threaten, stigmatise, arrest, detain, mistreat and prosecute Journalists. In other cases, it may be social actors – religious institutions or groups, political movements, armed groups, or even family members – who try to prevent us from promoting and defending human rights.</li>\n</ol>\n<p>"
    }
  ,
    {
      "stack": "3-learn",
      "title": "Learn",
      "type": "card",
      "subtype": "learn",
      "category": [],
      "contents": "</p>\n<p>Getting a sense of who these actors are will help us to understand the nature of the threats to ourselves, our community and our information. Different actors will pose different threats to our security, and indeed our digital security: while the State, for example, may have the capacities to listen to our mobile calls, or place viruses on our computers to monitor our online activities, non-State actors or even common criminals could gather a huge amount of information about us by just monitoring our Facebook page, if everything is open and public. Therefore, if we think about what we are up against, we can take the right measures to keep them guessing and keep working.</p>\n<p>"
    }
  ,
    {
      "stack": "3-learn",
      "title": "Learn",
      "type": "card",
      "subtype": "learn",
      "category": [],
      "contents": "</p>\n<ol>\n<li><strong>Supporting forces</strong>: These are our friends and allies, who try to support our project in one way or another.</li>\n</ol>\n<p>As part of this &#39;actor mapping&#39; exercise, you should also consider the actors who are on your side, whether local, regional or international: these could include friends, community members, police, other organisations, embassies and so on. It will be important for you to spread your digital security practices among your allies.</p>\n<p>"
    }
  ,
    {
      "stack": "3-learn",
      "title": "Learn",
      "type": "card",
      "subtype": "learn",
      "category": [],
      "contents": "</p>\n<ol>\n<li><strong>Unknown forces</strong>: These are other actors whose exact intentions, with regard to our security and the success of our work, are unknown or ambiguous.</li>\n</ol>\n<p>An example may be your Internet Service Provider (ISP) or companies such as Facebook or Google, on whom we depend for a lot of our online activities and who may collect and store a lot of information about us. For example, an ISP, social network or e-mail provider could be legally pressured by a government to hand over information such as your browsing history, chat logs or emails. </p>\n<p>"
    }
  ,
    {
      "stack": "3-learn",
      "title": "Learn",
      "type": "card",
      "subtype": "learn",
      "category": [],
      "contents": "Due to the large amount of information they collect about your activities, they may also be targets for malicious hackers who want to access that information about you.</p>\n<p>"
    }
  ,
    {
      "stack": "3-learn",
      "title": "Learn",
      "type": "card",
      "subtype": "learn",
      "category": [],
      "contents": "</p>\n<p><strong>ASSESSING RISK</strong>\n<strong>Risk refers</strong> to possible events, however uncertain, that result in harm.</p>\n<p>You can think of your risk as an interplay of the threats you face, your vulnerabilities, and the capacities you have.</p>\n<p>"
    }
  ,
    {
      "stack": "3-learn",
      "title": "Learn",
      "type": "card",
      "subtype": "learn",
      "category": [],
      "contents": "</p>\n<p><strong>Threats</strong> refer to a declaration or indication of an intention to inflict harm. \nThe higher the threats, the higher your risk.\nAn example of a threat may be someone breaking into your email account and exposing your contacts, or using your emails as evidence against you.</p>\n<p>"
    }
  ,
    {
      "stack": "3-learn",
      "title": "Learn",
      "type": "card",
      "subtype": "learn",
      "category": [],
      "contents": "</p>\n<p><strong>Vulnerabilities</strong> refer to any factor which makes it more likely for harm to materialise or result in greater damage. The more vulnerabilities you have, the higher your risk. An example of a vulnerability may be having a very short, simple and easy to break password, like &#39;123456&#39;.</p>\n<p>"
    }
  ,
    {
      "stack": "3-learn",
      "title": "Learn",
      "type": "card",
      "subtype": "learn",
      "category": [],
      "contents": "</p>\n<p><strong>Capacities</strong> refer to abilities and resources which improve our security. The higher your capacities, the LOWER your risk. An example might be knowing how to create and store long, complex and varied passwords, thus making it very difficult for people to break into your email account.\nIt&#39;s worth noting that capacities and vulnerabilities are often &quot;two sides of the same coin&quot;.</p>\n<p>"
    }
  ,
    {
      "stack": "3-learn",
      "title": "Learn",
      "type": "card",
      "subtype": "learn",
      "category": [],
      "contents": "</p>\n<p><strong>IDENTIFYING THREATS, CAPACITIES AND VULNERABILITIES</strong>\nIt may help for you to map them out on a matrix, like this:</p>\n<table>\n<thead>\n<tr>\n<th>Threats</th>\n<th>Who?</th>\n<th>Digital Vulnerabilities</th>\n<th>Digital Capacities</th>\n<th>Digital Capacities Required</th>\n</tr>\n</thead>\n<tbody>\n<tr>\n<td></td>\n<td></td>\n<td></td>\n<td></td>\n<td></td>\n</tr>\n<tr>\n<td></td>\n<td></td>\n<td></td>\n<td></td>\n</tr>\n</tbody>\n</table>\n<p>"
    }
  ,
    {
      "stack": "3-learn",
      "title": "Learn",
      "type": "card",
      "subtype": "learn",
      "category": [],
      "contents": "</p>\n<p><strong>An example for an Investigative Journalist might look like this:</strong></p>\n<table>\n<thead>\n<tr>\n<th>Threats</th>\n<th>Who?</th>\n<th>Digital Vulnerabilities</th>\n<th>Digital Capacities</th>\n<th>Digital Capacities Required</th>\n</tr>\n</thead>\n<tbody>\n<tr>\n<td>Office raid, confiscation, legal action</td>\n<td>Police, judiciary</td>\n<td>Sensitive files are not protected, Computers have unregistered copies of windows, LGBT material in browsing history</td>\n<td>Backups are regular and kept outside the office</td>\n<td>Hiding sensitive information Using Free Software Deleting information securely</td>\n</tr>\n<tr>\n<td>Digital Surveillance of network traffic</td>\n<td>Police/Government officials, untrusted IT administrator</td>\n<td>plain text or unencrypted communications</td>\n<td>Encryption of all communications</td>\n<td>Only access https websites, utilize anonymizing browsing software (Tor), use encrypted communications (Signal, PGP email, etc), encrypt or obfuscate sensitive files</td>\n</tr>\n<tr>\n<td>Burglary</td>\n<td>Local delinquents</td>\n<td>Old locks on the office doors, organisation smartphones are not kept in a safe place</td>\n<td>Smartphones have SIM lock and no social networking apps</td>\n<td>Smartphone encryption, and a safe place to keep them</td>\n</tr>\n<tr>\n<td></td>\n<td></td>\n<td></td>\n<td></td>\n</tr>\n</tbody>\n</table>\n<p>This example is merely for demonstrative purposes and may have nothing in common with your own situation,. It only focuses on digital security vulnerabilities and capacities, which should only be one part of your risk analysis.</p>\n<p>"
    }
  ,
    {
      "stack": "3-learn",
      "title": "Learn",
      "type": "card",
      "subtype": "learn",
      "category": [],
      "contents": "</p>\n<p><strong>THE RISK MATRIX: PROBABILITY AND IMPACT</strong>\nIt may be that you find there are a lot of threats to your work, and it can be difficult to get some perspective on where to begin. In these cases it can be useful to think of the different threats in terms of the probability of their occurance, and their impact should they occur.</p>\n<p>"
    }
  ,
    {
      "stack": "3-learn",
      "title": "Learn",
      "type": "card",
      "subtype": "learn",
      "category": [],
      "contents": "| Probability |     |          |                           |              |\n|-------------|-----|----------|---------------------------|--------------|\n| Very high   |     |          | Confiscation of materials |              |\n| High        |     | Burglary |                           |              |\n| Medium      |     |          | Entrapment and Assault    | Imprisonment |\n| Low         |     |          |                           |              |\n| Impact      | Low | Medium   | High                      | Catastrophic |</p>\n<p>"
    }
  ,
    {
      "stack": "3-learn",
      "title": "Learn",
      "type": "card",
      "subtype": "learn",
      "category": [],
      "contents": "</p>\n<p>Once you have prioritised the risks to yourself and your work, you can then start to take action to reduce them through building the relavent capacities and integrating them into a security plan.</p>"
    }
  ,
    {
      "stack": "2-scenario",
      "title": "Scenario",
      "type": "card",
      "subtype": "scenario",
      "category": [],
      "contents": "<p>Perhaps without realising, we take decisions based on risk analyses every day: you may choose not to walk home through a particular neighbourhood you consider dangerous, or to lock your office doors when you leave in the evening, to deter thieves. \nThe idea of this section is to consider that same logic, as it applies to our digital activities.</p>"
    }
  ,
    {
      "stack": "4-test",
      "title": "Test",
      "type": "activity",
      "subtype": "test",
      "category": [],
      "contents": "<quiz name=\"Gitbook Quiz\">\n    <question multiple>\n        <p>What is gitbook used for?</p>\n        <answer correct>To read books</answer>\n        <answer>To book hotel named git</answer>\n        <answer correct>To write and publish beautiful books</answer>\n        <explanation>GitBook.com lets you write, publish and manage your books online as a service.</explanation>\n    </question>\n    <question>\n        <p>Is it quiz?</p>\n        <answer correct>Yes</answer>\n        <answer>No</answer>\n    </question>\n</quiz>"
    }
  ,
    {
      "stack": "5-next",
      "title": "Next",
      "type": "card",
      "subtype": "next",
      "category": [],
      "contents": "<ul>\n<li><a href=\"en/topics/_topic/_unit/index.md\">A topic to study next</a></li>\n<li><a href=\"en/topics/_topic/_unit/index.md\">Another topic</a></li>\n<li><a href=\"https://securityinabox.org/en/lgbti-africa/security-risk\" title=\"Security box reference\">Security box</a></li>\n</ul>"
    }
  ]
}
  