{
  "slug": "understand-2-security_3-your-story-journo",
  "type": "unit",
  "title": "Your Story",
  "parentTitle": "Understand Security",
  "locale": "en",
  "categories": [],
  "updatedAt": "2016-06-16T13:46:28.823Z",
  "cards": [
    {
      "stack": "1-1-intro",
      "title": "Introduction",
      "type": "card",
      "subtype": "intro",
      "category": [],
      "contents": "<p>Introduction text...</p>"
    }
  ,
    {
      "stack": "2-scenario",
      "title": "Scenario",
      "type": "card",
      "subtype": "scenario",
      "category": [],
      "contents": "<p>Scenario text...</p>"
    }
  ,
    {
      "stack": "3-learn",
      "title": "Learn",
      "type": "card",
      "subtype": "learn",
      "category": [],
      "contents": "<blockquote>\n<p>security - your story - about information security from the angle of reporting and investigating. making sure your story can carry on, keep you documents in safe places, have backups, think about how others could keep up if something happens to you. your story is bigger than you sometimes - not just about security of people involved, but also about security of information you are accumulating. direct people to other things on infosec - tor, encryption, communications,</p>\n<p>check out saferjourno toolkit - internees. sharing files can put lives at risk. loose lips and open devices.   keeping data safe. case study - spy who came in from the code. put this in your story. also look at researching security. </p>\n</blockquote>"
    }
  ,
    {
      "stack": "4-test",
      "title": "Test",
      "type": "activity",
      "subtype": "test",
      "category": [],
      "contents": "<quiz name=\"Gitbook Quiz\">\n    <question multiple>\n        <p>What is gitbook used for?</p>\n        <answer correct>To read books</answer>\n        <answer>To book hotel named git</answer>\n        <answer correct>To write and publish beautiful books</answer>\n        <explanation>GitBook.com lets you write, publish and manage your books online as a service.</explanation>\n    </question>\n    <question>\n        <p>Is it quiz?</p>\n        <answer correct>Yes</answer>\n        <answer>No</answer>\n    </question>\n</quiz>"
    }
  ,
    {
      "stack": "5-next",
      "title": "Next",
      "type": "card",
      "subtype": "next",
      "category": [],
      "contents": "<p>If you found this unit helpful, you might be interested in the following units:</p>\n<ul>\n<li><a href=\"en/topics/understand-2-security/1-your-security/1-intro.md\">Your security</a></li>\n<li><a href=\"en/topics/understand-2-security/2-your-well-being/1-intro.md\">Your well-being</a></li>\n<li><a href=\"en/topics/understand-2-security/3-your-mission-hrd/1-intro.md\">Your mission</a></li>\n<li><a href=\"en/topics/understand-2-security/4-your-sources-journo/1-intro.md\">Your sources</a></li>\n<li><a href=\"en/topics/understand-2-security/5-your-colleagues/1-intro.md\">Your colleagues</a></li>\n</ul>"
    }
  ]
}
  