{
  "slug": "practice-2-planning_4-emergency-plan",
  "type": "unit",
  "title": "Preparing for emergencies with your contacts",
  "parentTitle": "Planning and Preparing",
  "locale": "en",
  "categories": [],
  "updatedAt": "2016-05-23T12:10:59.723Z",
  "cards": [
    {
      "stack": "1-intro",
      "title": "Introduction",
      "type": "card",
      "subtype": "intro",
      "category": [],
      "contents": "<p>This unit will describe the importance of journalists preparing an emergency plan. Information for this section has been adapted from the Committee for the Protection of Journalists <a href=\"https://cpj.org/reports/2012/04/journalist-security-guide.php\">Journalist Security Guide</a> and Protection International&#39;s <a href=\"http://protectioninternational.org/wp-content/uploads/2012/04/1-7_Manual_English_3rdEd.pdf\">New Protection Manual for Human Rights Defenders</a>.</p>"
    }
  ,
    {
      "stack": "2-scenario",
      "title": "Scenario",
      "type": "card",
      "subtype": "scenario",
      "category": [],
      "contents": "<p>Jenny is about to start on a new assignment investigating government abuses of power."
    }
  ,
    {
      "stack": "2-scenario",
      "title": "Scenario",
      "type": "card",
      "subtype": "scenario",
      "category": [],
      "contents": "Though she is confident that the research process into her story will be uneventful, she knows the importance of establishing an emergency plan with her editors. </p>"
    }
  ,
    {
      "stack": "3-learn",
      "title": "Learn",
      "type": "card",
      "subtype": "learn",
      "category": [],
      "contents": "<p>When making an emergency plan, you should specify the frequency and exact means by which you will check in with editors and family members."
    }
  ,
    {
      "stack": "3-learn",
      "title": "Learn",
      "type": "card",
      "subtype": "learn",
      "category": [],
      "contents": "Your plan may also include a simple code to discreetly signal an immediate threat."
    }
  ,
    {
      "stack": "3-learn",
      "title": "Learn",
      "type": "card",
      "subtype": "learn",
      "category": [],
      "contents": "Codes could also be devised to signal that the journalist wants to meet at a prearranged location, or to switch to another means of communication."
    }
  ,
    {
      "stack": "3-learn",
      "title": "Learn",
      "type": "card",
      "subtype": "learn",
      "category": [],
      "contents": "In the event you or a colleague of yours becomes out of touch, the plan should specify how long editors and family members should wait before taking action."
    }
  ,
    {
      "stack": "3-learn",
      "title": "Learn",
      "type": "card",
      "subtype": "learn",
      "category": [],
      "contents": "Your emergency plan should include a detailed list of individuals and groups for editors and loved ones to contact or call locally, regionally and internationally.</p>"
    }
  ,
    {
      "stack": "4-test",
      "title": "Test",
      "type": "activity",
      "subtype": "test",
      "category": [],
      "contents": "<quiz name=\"Gitbook Quiz\">\n    <question multiple>\n        <p>What is gitbook used for?</p>\n        <answer correct>To read books</answer>\n        <answer>To book hotel named git</answer>\n        <answer correct>To write and publish beautiful books</answer>\n        <explanation>GitBook.com lets you write, publish and manage your books online as a service.</explanation>\n    </question>\n    <question>\n        <p>Is it quiz?</p>\n        <answer correct>Yes</answer>\n        <answer>No</answer>\n    </question>\n</quiz>"
    }
  ,
    {
      "stack": "5-next",
      "title": "Next",
      "type": "card",
      "subtype": "next",
      "category": [],
      "contents": "<p>If you found this useful, you might be interested in the following:</p>\n<ul>\n<li><a href=\"en/topics/practice-2-planning/1-threats/1-intro.md\">What are threats</a></li>\n<li><a href=\"en/topics/practice-2-planning/2-assess-risk/1-intro.md\">Learn how to assess Risk</a></li>\n<li><a href=\"en/topics/practice-2-planning/3-assess-digital-risk/1-intro-hrd.md\">Learn how to assess Digital Risk</a></li>\n<li><a href=\"https://ssd.eff.org/en/module/introduction-threat-modeling\">Electronic Frontier Foundation: Surveillance Self-Defense</a></li>\n</ul>"
    }
  ]
}
  