{
  "slug": "tool-3-enigmail_0-getting-started",
  "type": "unit",
  "title": "Getting Started with Enigmail",
  "parentTitle": "Using Enigmail",
  "locale": "en",
  "categories": [],
  "updatedAt": "2016-06-20T18:10:09.571Z",
  "cards": [
    {
      "stack": "1-1-intro",
      "title": "Getting started with Enigmail",
      "images": [],
      "type": "card",
      "subtype": "intro",
      "category": [],
      "contents": "<p>Learn how to install and use Enigmail, a free and open source Thunderbird add-on that lets you protect the privacy of your email communication.</p>"
    }
  ,
    {
      "stack": "1-2-takeaways",
      "title": "Learn about",
      "images": [],
      "type": "card",
      "subtype": "takeaways",
      "category": [],
      "contents": "<ul>\n<li><a href=\"en/topics/tool-3-enigmail/0-getting-started/3-1-learn.md\">What the Enigmail extension is and how you can use it to protect your email communication</a></li>\n<li><a href=\"en/topics/tool-3-enigmail/0-getting-started/3-2-learn.md\">Where to find assistance installing and setting up Enigmail</a></li>\n</ul>"
    }
  ,
    {
      "stack": "3-1-learn",
      "title": "About Enigmail",
      "images": [],
      "type": "card",
      "subtype": "learn",
      "category": [],
      "contents": "<h1 id=\"what-is-enigmail\">What is Enigmail</h1>\n<p>Enigmail is an interface that lets you use GnuPG encryption program from within Thunderbird. The Engimail interface is represented as Enigmail in the Thunderbird console tool bar."
    }
  ,
    {
      "stack": "3-1-learn",
      "title": "About Enigmail",
      "images": [],
      "type": "card",
      "subtype": "learn",
      "category": [],
      "contents": "</p>\n<h1 id=\"how-does-it-work\">How does it work</h1>\n<p>Engimail is based on public-key cryptography. In this method, each individual must generate her/his own personal key pair."
    }
  ,
    {
      "stack": "3-1-learn",
      "title": "About Enigmail",
      "images": [],
      "type": "card",
      "subtype": "learn",
      "category": [],
      "contents": "</p>\n<h1 id=\"private-keys\">Private keys</h1>\n<p>The first key is known as the private key. It is protected by a password or passphrase, both to be guarded and never shared with anyone."
    }
  ,
    {
      "stack": "3-1-learn",
      "title": "About Enigmail",
      "images": [],
      "type": "card",
      "subtype": "learn",
      "category": [],
      "contents": "</p>\n<h1 id=\"public-keys\">Public keys</h1>\n<p>The second key is known as the public key. This key can be shared with any of your correspondents."
    }
  ,
    {
      "stack": "3-1-learn",
      "title": "About Enigmail",
      "images": [],
      "type": "card",
      "subtype": "learn",
      "category": [],
      "contents": "</p>\n<h1 id=\"encrypting-mail\">Encrypting mail</h1>\n<p>Once you have a correspondent’s public key you can begin sending encrypted emails to this person. Only she will be able to decrypt and read your emails, because she is the only person who has access to the matching private key."
    }
  ,
    {
      "stack": "3-1-learn",
      "title": "About Enigmail",
      "images": [],
      "type": "card",
      "subtype": "learn",
      "category": [],
      "contents": "</p>\n<h1 id=\"decrypting-mail\">Decrypting mail</h1>\n<p>Similarly, if you send a copy of your own public key to your email contacts and keep the matching private key secret, only you will be able to read encrypted messages from those contacts."
    }
  ,
    {
      "stack": "3-1-learn",
      "title": "About Enigmail",
      "images": [],
      "type": "card",
      "subtype": "learn",
      "category": [],
      "contents": "</p>\n<h1 id=\"digital-signatures\">Digital signatures</h1>\n<p>Enigmail also lets you attach digital signatures to your messages. The recipient of your message who has a genuine copy of your public key will be able to verify that the email comes from you, and that its content was not tampered with on the way."
    }
  ,
    {
      "stack": "3-1-learn",
      "title": "About Enigmail",
      "images": [],
      "type": "card",
      "subtype": "learn",
      "category": [],
      "contents": "</p>\n<h1 id=\"verifying-digital-signatures\">Verifying digital signatures</h1>\n<p>If you have a correspondent&#39;s public key, you can verify the digital signatures on her signed messages.</p>"
    }
  ,
    {
      "stack": "3-2-learn",
      "title": "Installing and setting up Enigmail",
      "images": [],
      "type": "card",
      "subtype": "learn",
      "category": [],
      "contents": "<p>Refer to the <a href=\"https://securityinabox.org/en/guide/thunderbird/windows\">detailed guide</a> Tactical Technology Collective has put together for help setting up and starting to use Enigmail.</p>"
    }
  ,
    {
      "stack": "5-next",
      "title": "Next",
      "images": [],
      "type": "card",
      "subtype": "next",
      "category": [],
      "contents": "<hr>\n<ul>\n<li>(en/topics/understand-4-digisec/4-secure-communications/1-1-intro.md):  Know how to securely communicate</li>\n<li>(en/topics/understand-4-digisec/1-encryption/1-1-intro.md): Learn about encryption basics</li>\n</ul>\n<hr>\n<p>Tactical Technology Collective: <a href=\"https://securityinabox.org/en/guide/thunderbird/windows\">Thunderbirg, Enigmail, and OpenPGP for Windows</a></p>"
    }
  ]
}
  