{
  "slug": "tool-2-signal_0-getting-started",
  "type": "unit",
  "title": "Getting Started with Signal",
  "parentTitle": "Using Signal",
  "locale": "en",
  "categories": [],
  "updatedAt": "2016-05-22T09:19:19.683Z",
  "cards": [
    {
      "stack": "0-intro",
      "title": "Introduction",
      "type": "card",
      "subtype": "intro",
      "category": [],
      "contents": "<p>Signal is an Android and iPhone app for secure messaging and voice calls. Signal is free, open source and is based on two older apps - TextSecure and RedPhone."
    }
  ,
    {
      "stack": "0-intro",
      "title": "Introduction",
      "type": "card",
      "subtype": "intro",
      "category": [],
      "contents": "Signal sends text messages (SMS), messages via the internet (MMS) and internet voice calls (VOIP)."
    }
  ,
    {
      "stack": "0-intro",
      "title": "Introduction",
      "type": "card",
      "subtype": "intro",
      "category": [],
      "contents": "Key takeaways from this section include learning to:</p>\n<ul>\n<li><a href=\"en/topics/tool-2-signal/0-getting-started/3-learn.md\">Things You Should Know About This Tool Before You Start</a></li>\n<li><a href=\"en/topics/tool-2-signal/0-getting-started/4-howto-install.md\">Install Signal on your smart phone and encrypting messages</a></li>\n<li><a href=\"en/topics/tool-2-signal/1-messaging/1-intro.md\">Send encrypted messages to other Signal users via SMS or the internet (MMS).</a></li>\n<li><a href=\"en/topics/tool-2-signal/2-voice/1-intro.md\">Make encrypted voice calls to other Signal users.</a></li>\n</ul>"
    }
  ,
    {
      "stack": "1-learn",
      "title": "Learn",
      "type": "card",
      "subtype": "learn",
      "category": [],
      "contents": "<p>Before starting to use Signal, you must download it from <a href=\"https://play.google.com/store/apps/details?id=org.thoughtcrime.securesms\">Google Play</a> and install the application."
    }
  ,
    {
      "stack": "1-learn",
      "title": "Learn",
      "type": "card",
      "subtype": "learn",
      "category": [],
      "contents": "To determine whether your phone meets the requirements to use Signal, visit the project homepage at www.whispersystems.org"
    }
  ,
    {
      "stack": "1-learn",
      "title": "Learn",
      "type": "card",
      "subtype": "learn",
      "category": [],
      "contents": "In it&#39;s current form, Signal requires Android 2.3 and up. Signal is compatable with GNU Linux, Mac OS, Android, iOS and other Microsoft Windows Compatible Programs."
    }
  ,
    {
      "stack": "1-learn",
      "title": "Learn",
      "type": "card",
      "subtype": "learn",
      "category": [],
      "contents": "This means that When you use Signal, you can communicate with users using the following programs:</p>\n<ul>\n<li>Android: surespot, ChatSecure, Zom</li>\n<li>iOS: surespot, ChatSecure</li>\n<li>Microsoft Windows: Jitsi, Pidgin</li>\n<li>Mac OS: Jitsi, Adium</li>\n<li>Linux: Jitsi, Pidgin</li>\n</ul>"
    }
  ,
    {
      "stack": "2-scenario",
      "title": "Scenario",
      "type": "card",
      "subtype": "scenario",
      "category": [],
      "contents": "<p>Mansour is an investigative journalist who wants to share the app with his source Magda who has a sensitive story about government corruption. She wants to enable Magda to communicate safely and share documents."
    }
  ,
    {
      "stack": "2-scenario",
      "title": "Scenario",
      "type": "card",
      "subtype": "scenario",
      "category": [],
      "contents": "He needs to be careful to share the app and its content in ways that doesn&#39;t allow to link them together to protect Magda as a source.</p>"
    }
  ,
    {
      "stack": "3-learn",
      "title": "Learn",
      "type": "card",
      "subtype": "learn",
      "category": [],
      "contents": "<p>Things You Should Know About This Tool Before You Start</p>\n<ul>\n<li>Using this app will prevent anyone from being able to read the content of your text messages, but will not hide that you are sending messages, nor will it hide that your recipient is receiving messages. </li>\n<li>Signal will only hide who the messages are being sent to if they are sent via the internet, but not when being sent by SMS</li>\n<li>In some countries, an encryption app such as Signal may attract attention, be illegal or subject to legal constraints.</li>\n</ul>"
    }
  ,
    {
      "stack": "4-howto-install",
      "title": "How-to",
      "type": "howto",
      "subtype": "howto",
      "category": [],
      "contents": "<p>This how to will go through the following steps:</p>\n<ul>\n<li><strong>(1) How to Install Signal</strong></li>\n<li><strong>(2) Registering with Signal</strong></li>\n<li><strong>(3) Configuring Signal</strong>"
    }
  ,
    {
      "stack": "4-howto-install",
      "title": "How-to",
      "type": "howto",
      "subtype": "howto",
      "category": [],
      "contents": "<h2 id=\"-1-how-to-install-signal\">(1) How To Install Signal</h2>\n</li>\n<li>Download the app from the Playstore</li>\n<li>Review the permissions</li>\n<li>Launch the Signal app"
    }
  ,
    {
      "stack": "4-howto-install",
      "title": "How-to",
      "type": "howto",
      "subtype": "howto",
      "category": [],
      "contents": "Step 1. On your Android device, download and install the app from the Google Play store by tapping <img src=\"https://securityinabox.org/sbox/screen/textsecure-en-1/001.png\" alt=\"\"></li>\n</ul>\n<p><img src=\"https://securityinabox.org/sbox/screen/textsecure-en-1/002.png\" alt=\"\">\nFigure 1: Signal on the Google Play Store"
    }
  ,
    {
      "stack": "4-howto-install",
      "title": "How-to",
      "type": "howto",
      "subtype": "howto",
      "category": [],
      "contents": "Step 2:. Before the installation process begins, you will be asked to review the access that the app will have on your phone. Review this carefully."
    }
  ,
    {
      "stack": "4-howto-install",
      "title": "How-to",
      "type": "howto",
      "subtype": "howto",
      "category": [],
      "contents": "Once your are happy with the permissions allowed, press and the installation will complete."
    }
  ,
    {
      "stack": "4-howto-install",
      "title": "How-to",
      "type": "howto",
      "subtype": "howto",
      "category": [],
      "contents": "If you do not agree with the permissions allowed, press the back button and the installation will be cancelled.</p>\n<p><img src=\"https://securityinabox.org/sbox/screen/textsecure-en-1/004.png\" alt=\"\">\nFigure 2: Permissions required"
    }
  ,
    {
      "stack": "4-howto-install",
      "title": "How-to",
      "type": "howto",
      "subtype": "howto",
      "category": [],
      "contents": "Step 3. Tap Open to run the app for the first time</p>\n<h2 id=\"-2-registering-with-signal\">(2) Registering with Signal</h2>\n<ul>\n<li>Enter your phone number</li>\n<li>Receive an SMS."
    }
  ,
    {
      "stack": "4-howto-install",
      "title": "How-to",
      "type": "howto",
      "subtype": "howto",
      "category": [],
      "contents": "Step 1: Begin the registration process by entering your phone number including country code and press <img src=\"https://securityinabox.org/sbox/screen/textsecure-en-1/005.png\" alt=\"\"></li>\n</ul>\n<p><img src=\"https://securityinabox.org/sbox/screen/textsecure-en-1/008.png\" alt=\"\"></p>\n<p><img src=\"https://securityinabox.org/sbox/screen/textsecure-en-1/009.png\" alt=\"\">\nFigure 3 &amp; 4: Registration screen and confirming number"
    }
  ,
    {
      "stack": "4-howto-install",
      "title": "How-to",
      "type": "howto",
      "subtype": "howto",
      "category": [],
      "contents": "Step 2: Signal will send you an SMS message to confirm registration.</p>\n<p>Note: If for some reason you do not receive the SMS you will be given the option to receive an automated phone call where you will hear a 6-digit code, this code once entered will complete the registration.</p>\n<p><img src=\"https://securityinabox.org/sbox/screen/textsecure-en-1/010.png\" alt=\"\"></p>\n<p><img src=\"https://securityinabox.org/sbox/screen/textsecure-en-1/011.png\" alt=\"\">\nFigure 5 &amp; 6: Registration completing and Voice verification screens"
    }
  ,
    {
      "stack": "4-howto-install",
      "title": "How-to",
      "type": "howto",
      "subtype": "howto",
      "category": [],
      "contents": "</p>\n<h2 id=\"-3-configuring-signal\">(3) Configuring Signal</h2>\n<ul>\n<li>Importing Messages</li>\n<li>Making Signal the Default Message App</li>\n<li>Encrypted Storage"
    }
  ,
    {
      "stack": "4-howto-install",
      "title": "How-to",
      "type": "howto",
      "subtype": "howto",
      "category": [],
      "contents": "<h3 id=\"importing-messages\">Importing Messages</h3>\n</li>\n</ul>\n<p>Signal can securely store your SMS messages, so it is recommended that you import the messages from your current SMS app. To do this, take the following steps:"
    }
  ,
    {
      "stack": "4-howto-install",
      "title": "How-to",
      "type": "howto",
      "subtype": "howto",
      "category": [],
      "contents": "Step 1: After registration is complete, Signal will open and you will be asked if you want to import your messages from the default SMS app on your phone. Press <img src=\"https://securityinabox.org/sbox/screen/textsecure-en-1/012.png\" alt=\"\"></p>\n<p><img src=\"https://securityinabox.org/sbox/screen/textsecure-en-1/013.png\" alt=\"\">\nFigure 7: Import messages into Signal</p>\n<p>Once the import is complete you can access all your old messages in Signal and you should delete them from your other application."
    }
  ,
    {
      "stack": "4-howto-install",
      "title": "How-to",
      "type": "howto",
      "subtype": "howto",
      "category": [],
      "contents": "</p>\n<h3 id=\"making-signal-the-default-message-app\">Making Signal the Default Message App</h3>\n<p>After your old messages have been imported you should make Signal the default SMS application so that all messages you receive appear in it and not the old application. This can be done by tapping <img src=\"https://securityinabox.org/sbox/screen/textsecure-en-1/012.png\" alt=\"\"> when prompted.</p>\n<p><img src=\"https://securityinabox.org/sbox/screen/textsecure-en-1/014.png\" alt=\"\">\nFigure 8: Set Signal as the default SMS application"
    }
  ,
    {
      "stack": "4-howto-install",
      "title": "How-to",
      "type": "howto",
      "subtype": "howto",
      "category": [],
      "contents": "</p>\n<h3 id=\"encrypted-storage\">Encrypted Storage</h3>\n<p>Signal also allows you to store all your messages in an encrypted container protected by a passphrase, so if someone gains access to your phone, they will not be able to access your messages when Signal is locked."
    }
  ,
    {
      "stack": "4-howto-install",
      "title": "How-to",
      "type": "howto",
      "subtype": "howto",
      "category": [],
      "contents": "After a set period of time, if you have not looked at any messages, Signal will automatically lock and you will have to enter your passphrase the next time you want to read your messages. To enable encrypted storage, take the following steps:"
    }
  ,
    {
      "stack": "4-howto-install",
      "title": "How-to",
      "type": "howto",
      "subtype": "howto",
      "category": [],
      "contents": "Step 1: Tap on  in the top right of your screen to bring up the menu and select ."
    }
  ,
    {
      "stack": "4-howto-install",
      "title": "How-to",
      "type": "howto",
      "subtype": "howto",
      "category": [],
      "contents": "Step 2: Scroll down to the PASSPHRASE section and uncheck Disable Password."
    }
  ,
    {
      "stack": "4-howto-install",
      "title": "How-to",
      "type": "howto",
      "subtype": "howto",
      "category": [],
      "contents": "Step 3: When prompted enter a passphrase that will be used to protect the messages stored on your phone and tap .</p>\n<p><img src=\"https://securityinabox.org/sbox/screen/textsecure-en-1/018.png\" alt=\"\"></p>\n<p><img src=\"https://securityinabox.org/sbox/screen/textsecure-en-1/019.png\" alt=\"\">\nFigure 9 &amp; 10: passphrase options and setting a password"
    }
  ,
    {
      "stack": "4-howto-install",
      "title": "How-to",
      "type": "howto",
      "subtype": "howto",
      "category": [],
      "contents": "Step 4: Check the box next to Timeout passphrase to have Signal lock after a period of inactivity (See Fig 9 above)."
    }
  ,
    {
      "stack": "4-howto-install",
      "title": "How-to",
      "type": "howto",
      "subtype": "howto",
      "category": [],
      "contents": "Step 5: Tap Timeout interval and in the next screen enter after what time you want Signal to lock if unused and tap .</p>\n<p><img src=\"https://securityinabox.org/sbox/screen/textsecure-en-1/021.png\" alt=\"\">\nFigure 11: Signal timeout settings</p>"
    }
  ,
    {
      "stack": "5-next",
      "title": "Next",
      "type": "card",
      "subtype": "next",
      "category": [],
      "contents": "<p>If you found this useful, you might be interested in reading the following units:</p>\n<ul>\n<li><a href=\"en/topics/tool-2-signal/0-getting-started/4-howto-install.md\">Install Signal on your smart phone and encrypting messages</a></li>\n<li><a href=\"en/topics/tool-2-signal/1-messaging/1-intro.md\">Send encrypted messages to other Signal users via SMS or the internet (MMS).</a></li>\n<li><a href=\"en/topics/tool-2-signal/2-voice/1-intro.md\">Make encrypted voice calls to other Signal users.</a></li>\n</ul>"
    }
  ]
}
  