{
  "slug": "practice-1-emergencies_3-seized-devices",
  "type": "unit",
  "title": "Devices Seized",
  "parentTitle": "Dealing with Emergencies",
  "locale": "en",
  "categories": [],
  "updatedAt": "2016-05-26T08:26:56.479Z",
  "cards": [
    {
      "stack": "1-1-intro",
      "title": "Introduction",
      "type": "card",
      "subtype": "intro",
      "category": [],
      "contents": "<p><img src=\"unit.png\" alt=\"\"></p>\n<p>"
    }
  ,
    {
      "stack": "1-1-intro",
      "title": "Introduction",
      "type": "card",
      "subtype": "intro",
      "category": [],
      "contents": "Learn what to do if your digital devices are taken</p>"
    }
  ,
    {
      "stack": "2-scenario",
      "title": "Scenario",
      "type": "card",
      "subtype": "scenario",
      "category": [],
      "contents": "<p><img src=\"scenario.png\" alt=\"\"></p>\n<p>Brenda returned to her office, only to find her laptop missing. She is worried that her laptop contains information that could put her sources at risk."
    }
  ,
    {
      "stack": "2-scenario",
      "title": "Scenario",
      "type": "card",
      "subtype": "scenario",
      "category": [],
      "contents": "<img src=\"scenario.png\" alt=\"\"></p>\n<p>She needs to know what was on the device before it went missing and what security protections were in place. Brenda is worried that if she doesn&#39;t have a clear view of the damage done, she isn&#39;t able to start recovering.</p>"
    }
  ,
    {
      "stack": "3-1-learn",
      "title": "Assess the situation",
      "type": "card",
      "subtype": "learn",
      "category": [],
      "contents": "<p><img src=\"recap.png\" alt=\"\">\nIts helpful"
    }
  ,
    {
      "stack": "3-1-learn",
      "title": "Assess the situation",
      "type": "card",
      "subtype": "learn",
      "category": [],
      "contents": "How was your device ?"
    }
  ,
    {
      "stack": "3-1-learn",
      "title": "Assess the situation",
      "type": "card",
      "subtype": "learn",
      "category": [],
      "contents": "</p>\n<h2 id=\"subsection-on-human-component-people-being-comproimised-as-result-of-having-device-seized-what-are-assets-that-can-be-compromising-to-people-and-work-out-a-way-to-let-them-know-\">subsection on human component, people being comproimised as result of having device seized. what are assets that can be compromising to people and work out a way to let them know.</h2>\n<p>What sort of device are you missing? A computer, mobile phone, tablet or an external hard drive?"
    }
  ,
    {
      "stack": "3-1-learn",
      "title": "Assess the situation",
      "type": "card",
      "subtype": "learn",
      "category": [],
      "contents": "When and where did you lose the device?"
    }
  ,
    {
      "stack": "3-1-learn",
      "title": "Assess the situation",
      "type": "card",
      "subtype": "learn",
      "category": [],
      "contents": "How did you lose the device? Was it stolen by another person, taken by a state authority or did you simply lose track of it?"
    }
  ,
    {
      "stack": "3-1-learn",
      "title": "Assess the situation",
      "type": "card",
      "subtype": "learn",
      "category": [],
      "contents": "Is the device still missing?</p>"
    }
  ,
    {
      "stack": "3-2-learn",
      "title": "Have people been compromised?",
      "type": "card",
      "subtype": "learn",
      "category": [],
      "contents": "<p><img src=\"recap.png\" alt=\"\">\nSometimes having a device seized means that people have been compromised as a result of sensitive information getting in the wrong hands."
    }
  ,
    {
      "stack": "3-2-learn",
      "title": "Have people been compromised?",
      "type": "card",
      "subtype": "learn",
      "category": [],
      "contents": "Think about what assets you have that can be compromising to people and work out a way to let them know. Do this as securely as possible, as explained in the <a href=\"en/topics/understand-4-digisec/4-secure-communications\">Secure Communications</a> lesson.</p>"
    }
  ,
    {
      "stack": "3-3-learn",
      "title": "Identify security protections",
      "type": "card",
      "subtype": "learn",
      "category": [],
      "contents": "<p><img src=\"recap.png\" alt=\"\">\nStrong security protection such as full disk encryption means that sensitive information on a missing device is less likely to get into the wrong hands. We recommend using full disk encryption and protecting devices with passwords whenever possible."
    }
  ,
    {
      "stack": "3-3-learn",
      "title": "Identify security protections",
      "type": "card",
      "subtype": "learn",
      "category": [],
      "contents": "Failing this, password</p>\n<h2 id=\"give-intro-and-say-what-to-do-depending-on-results-of-questions-\">give intro and say what to do depending on results of questions.</h2>\n<p>"
    }
  ,
    {
      "stack": "3-3-learn",
      "title": "Identify security protections",
      "type": "card",
      "subtype": "learn",
      "category": [],
      "contents": "Was the device protected by a password or other security measures?"
    }
  ,
    {
      "stack": "3-3-learn",
      "title": "Identify security protections",
      "type": "card",
      "subtype": "learn",
      "category": [],
      "contents": "Which operating system was running on the device? Was this a legal version, or was it an illegal, jailbroken or rooted version?"
    }
  ,
    {
      "stack": "3-3-learn",
      "title": "Identify security protections",
      "type": "card",
      "subtype": "learn",
      "category": [],
      "contents": "</p>\n<p>"
    }
  ,
    {
      "stack": "3-3-learn",
      "title": "Identify security protections",
      "type": "card",
      "subtype": "learn",
      "category": [],
      "contents": "Do you have remote access to the device?</p>"
    }
  ,
    {
      "stack": "3-4-learn",
      "title": "What was on the missing device",
      "type": "card",
      "subtype": "learn",
      "category": [],
      "contents": "<p><img src=\"recap.png\" alt=\"\"></p>\n<p>Make an inventory of the different types of sensitive information that was on your device. Examples include email, chat history, social media, contacts (email, Skype, chat, etc.), files, location data, credit card data and more. This will help you learn what may have been exposed or stolen."
    }
  ,
    {
      "stack": "3-4-learn",
      "title": "What was on the missing device",
      "type": "card",
      "subtype": "learn",
      "category": [],
      "contents": "Did you use encryption tools for email or chat (such as PGP and OTR)? This will help you learn if your information is secure or not."
    }
  ,
    {
      "stack": "3-4-learn",
      "title": "What was on the missing device",
      "type": "card",
      "subtype": "learn",
      "category": [],
      "contents": "Did you use full disk encryption on the device? This will help you to learn if files on your computer containing sensitive information is secure or not."
    }
  ,
    {
      "stack": "3-4-learn",
      "title": "What was on the missing device",
      "type": "card",
      "subtype": "learn",
      "category": [],
      "contents": "What accounts does this device have access to? Examples include email, social media, chat, IM and banking accounts that the device can access. Is the device used for secondary authentication? This will help you determine which accounts you need to change account settings for."
    }
  ,
    {
      "stack": "3-4-learn",
      "title": "What was on the missing device",
      "type": "card",
      "subtype": "learn",
      "category": [],
      "contents": "Do your accounts have saved passwords or automatically log in when you turn your device on? This is common for email, Skype and other chat programs, or if you save your passwords in your web browser instead of a password manager like KeePassX. If you do, be sure to change you passwords immediately.</p>"
    }
  ,
    {
      "stack": "3-6-learn",
      "title": "If you get the device back",
      "type": "card",
      "subtype": "learn",
      "category": [],
      "contents": "<p><img src=\"recap.png\" alt=\"\">\nBe careful as you do not know who has had access to your device. Possibly treat the device as if it is now untrusted or compromised."
    }
  ,
    {
      "stack": "3-6-learn",
      "title": "If you get the device back",
      "type": "card",
      "subtype": "learn",
      "category": [],
      "contents": "Ask yourself the following 4 questions and assess the risk that your device has been compromised:"
    }
  ,
    {
      "stack": "3-6-learn",
      "title": "If you get the device back",
      "type": "card",
      "subtype": "learn",
      "category": [],
      "contents": "</p>\n<ol>\n<li>How long was the device out of your sight?"
    }
  ,
    {
      "stack": "3-6-learn",
      "title": "If you get the device back",
      "type": "card",
      "subtype": "learn",
      "category": [],
      "contents": "</li>\n<li>Who potentially could have had access to it?"
    }
  ,
    {
      "stack": "3-6-learn",
      "title": "If you get the device back",
      "type": "card",
      "subtype": "learn",
      "category": [],
      "contents": "</li>\n<li>Why would they want access to it?"
    }
  ,
    {
      "stack": "3-6-learn",
      "title": "If you get the device back",
      "type": "card",
      "subtype": "learn",
      "category": [],
      "contents": "</li>\n<li>Are there signs that the device has been physically tampered with?"
    }
  ,
    {
      "stack": "3-6-learn",
      "title": "If you get the device back",
      "type": "card",
      "subtype": "learn",
      "category": [],
      "contents": "If you have lost contact with your device for a long time and you feel there is a chance that something has been installed on it, please consider the following:"
    }
  ,
    {
      "stack": "3-6-learn",
      "title": "If you get the device back",
      "type": "card",
      "subtype": "learn",
      "category": [],
      "contents": "Computer: reinstall the OS from scratch and recover all documents from the last backup and scan all your documents and files with antivirus software. For more guidance on this, see the the <a href=\"en/topics/practice-1-emergencies/4-malware/1-1-intro.md\">malware section</a>."
    }
  ,
    {
      "stack": "3-6-learn",
      "title": "If you get the device back",
      "type": "card",
      "subtype": "learn",
      "category": [],
      "contents": "Phones and tablets: Depending on your level of risk and how your device was taken, you may not want to use it again. If possible, move all of the data off of your phone or tables and purchase a new one."
    }
  ,
    {
      "stack": "3-6-learn",
      "title": "If you get the device back",
      "type": "card",
      "subtype": "learn",
      "category": [],
      "contents": "If you cannot change devices but suspect it might be compromised, do not use your phone or tablet for sensitive communication or opening sensitive files. Do not take it to sensitive meetings or have it with you when discussing sensitive topics."
    }
  ,
    {
      "stack": "3-6-learn",
      "title": "If you get the device back",
      "type": "card",
      "subtype": "learn",
      "category": [],
      "contents": "For more extensive threat modeling assistance see the Electronic Frontier Foundations&#39;s Surveillance Self Defense Guide <a href=\"!--https://ssd.eff.org/en--\">!--https://ssd.eff.org/en--</a>.</li>\n</ol>"
    }
  ,
    {
      "stack": "3-5-learn",
      "title": "Deal with the problem",
      "type": "card",
      "subtype": "learn",
      "category": [],
      "contents": "<p><img src=\"recap.png\" alt=\"\"></p>\n<p>If your device is still missing take the following four steps:"
    }
  ,
    {
      "stack": "3-5-learn",
      "title": "Deal with the problem",
      "type": "card",
      "subtype": "learn",
      "category": [],
      "contents": "Step 1: When your device has access to accounts (email, social media or web account) remove the authorization for this device for all accounts. This can be done by going to your accounts online and changing the account permissions."
    }
  ,
    {
      "stack": "3-5-learn",
      "title": "Deal with the problem",
      "type": "card",
      "subtype": "learn",
      "category": [],
      "contents": "Step 2: Change the passwords for all accounts that are accessible by this device. To learn more about doing this, refer to the <a href=\"en/topics/practice-1-emergencies/2-account-hijacked/1-1-intro.md\">Account Hijacked</a> section."
    }
  ,
    {
      "stack": "3-5-learn",
      "title": "Deal with the problem",
      "type": "card",
      "subtype": "learn",
      "category": [],
      "contents": "Step 3: Turn on 2-factor authentication for all accounts that were accessible by this device. Please note that not all accounts support 2-factor authentication."
    }
  ,
    {
      "stack": "3-5-learn",
      "title": "Deal with the problem",
      "type": "card",
      "subtype": "learn",
      "category": [],
      "contents": "Step 4: If you have a tool installed on your lost devices that allows you to erase the data and the history of your device, use it.</p>"
    }
  ,
    {
      "stack": "4-test",
      "title": "Test",
      "type": "activity",
      "subtype": "test",
      "category": [],
      "contents": "<quiz name=\"Gitbook Quiz\">\n    <question multiple>\n        <p>What is gitbook used for?</p>\n        <answer correct>To read books</answer>\n        <answer>To book hotel named git</answer>\n        <answer correct>To write and publish beautiful books</answer>\n        <explanation>GitBook.com lets you write, publish and manage your books online as a service.</explanation>\n    </question>\n    <question>\n        <p>Is it quiz?</p>\n        <answer correct>Yes</answer>\n        <answer>No</answer>\n    </question>\n</quiz>"
    }
  ,
    {
      "stack": "5-next",
      "title": "Next",
      "type": "card",
      "subtype": "next",
      "category": [],
      "contents": "<ul>\n<li><a href=\"topics/practice-1-emergencies/2-account-hijacked\">Has your account been hijacked?</a> (Are you locked out of your account? Seeing unusual activity?)</li>\n<li><a href=\"topics/practice-1-emergencies/4-malware.md\">Does your computer have malware?</a> (Is your computer acting suspicious?)"
    }
  ,
    {
      "stack": "5-next",
      "title": "Next",
      "type": "card",
      "subtype": "next",
      "category": [],
      "contents": "See also:</li>\n<li>Digital Defenders Partnership: <a href=\"https://www.digitaldefenders.org/digitalfirstaid/\">Digital First Aid Kit</a></li>\n</ul>"
    }
  ]
}
  