{
  "slug": "tool-2-signal_0-getting-started",
  "type": "unit",
  "title": "Getting Started with Signal",
  "parentTitle": "Using Signal",
  "locale": "en",
  "categories": [],
  "updatedAt": "2016-06-09T10:17:09.885Z",
  "cards": [
    {
      "stack": "1-1-intro",
      "title": "Getting started with Signal",
      "type": "card",
      "subtype": "intro",
      "category": [],
      "contents": "<p>Learn how to install and use Signal, a free and open source encrypted messaging app for Android and iPhone.</p>"
    }
  ,
    {
      "stack": "2-scenario",
      "title": "Scenario",
      "type": "card",
      "subtype": "scenario",
      "category": [],
      "contents": "<p>Mansour is an investigative journalist who wants to share the app with his source Magda who has a sensitive story about government corruption. She wants to enable Magda to communicate safely and share documents."
    }
  ,
    {
      "stack": "2-scenario",
      "title": "Scenario",
      "type": "card",
      "subtype": "scenario",
      "category": [],
      "contents": "He needs to be careful to share the app and its content in ways that doesn&#39;t allow to link them together to protect Magda as a source.</p>"
    }
  ,
    {
      "stack": "3-learn",
      "title": "Learn",
      "type": "card",
      "subtype": "learn",
      "category": [],
      "contents": "<p>Signal sends text messages (SMS), messages via the internet (MMS) and internet voice calls (VOIP)."
    }
  ,
    {
      "stack": "3-learn",
      "title": "Learn",
      "type": "card",
      "subtype": "learn",
      "category": [],
      "contents": "Before starting to use Signal, you must download it from <a href=\"https://play.google.com/store/apps/details?id=org.thoughtcrime.securesms\">Google Play</a> and install the application."
    }
  ,
    {
      "stack": "3-learn",
      "title": "Learn",
      "type": "card",
      "subtype": "learn",
      "category": [],
      "contents": "To determine whether your phone meets the requirements to use Signal, visit the project homepage at www.whispersystems.org"
    }
  ,
    {
      "stack": "3-learn",
      "title": "Learn",
      "type": "card",
      "subtype": "learn",
      "category": [],
      "contents": "In it&#39;s current form, Signal requires Android 2.3 and up. Signal is compatible with GNU Linux, Mac OS, Android, iOS and other Microsoft Windows Compatible Programs."
    }
  ,
    {
      "stack": "3-learn",
      "title": "Learn",
      "type": "card",
      "subtype": "learn",
      "category": [],
      "contents": "This means that When you use Signal, you can communicate with users using the following programs:</p>\n<ul>\n<li>Android: surespot, ChatSecure, Zom</li>\n<li>iOS: surespot, ChatSecure</li>\n<li>Microsoft Windows: Jitsi, Pidgin</li>\n<li>Mac OS: Jitsi, Adium</li>\n<li>Linux: Jitsi, Pidgin</li>\n</ul>\n<p>Things You Should Know About This Tool Before You Start</p>\n<ul>\n<li>Using this app will prevent anyone from being able to read the content of your text messages, but will not hide that you are sending messages, nor will it hide that your recipient is receiving messages.</li>\n<li>Signal will only hide who the messages are being sent to if they are sent via the internet, but not when being sent by SMS</li>\n<li>In some countries, an encryption app such as Signal may attract attention, be illegal or subject to legal constraints.</li>\n</ul>"
    }
  ,
    {
      "stack": "4-1-howto-install",
      "title": "How-to",
      "type": "howto",
      "subtype": "howto",
      "category": [],
      "contents": "<p>Install Signal by following the following 3 steps:</p>\n<h1 id=\"step-1-download-signal\">Step 1. Download Signal</h1>\n<p>On your Android device, download and install the app from the Google Play store by tapping <img src=\"https://securityinabox.org/sbox/screen/textsecure-en-1/001.png\" alt=\"\">"
    }
  ,
    {
      "stack": "4-1-howto-install",
      "title": "How-to",
      "type": "howto",
      "subtype": "howto",
      "category": [],
      "contents": "</p>\n<p><img src=\"https://securityinabox.org/sbox/screen/textsecure-en-1/002.png\" alt=\"\"></p>\n<blockquote>\n<p>Signal on the Google Play Store</p>\n</blockquote>\n<p>"
    }
  ,
    {
      "stack": "4-1-howto-install",
      "title": "How-to",
      "type": "howto",
      "subtype": "howto",
      "category": [],
      "contents": "Alternatively download libresignal on <a href=\"https://libraries.io/github/LibreSignal/LibreSignal\">F-Droid</a> which allows all Signal functions except phone calls."
    }
  ,
    {
      "stack": "4-1-howto-install",
      "title": "How-to",
      "type": "howto",
      "subtype": "howto",
      "category": [],
      "contents": "</p>\n<h1 id=\"step-2-review-permissions\">Step 2: Review permissions</h1>\n<p>Before the installation process begins, you will be asked to review the access that the app will have on your phone. Review this carefully."
    }
  ,
    {
      "stack": "4-1-howto-install",
      "title": "How-to",
      "type": "howto",
      "subtype": "howto",
      "category": [],
      "contents": "Once your are happy with the permissions allowed, press and the installation will complete."
    }
  ,
    {
      "stack": "4-1-howto-install",
      "title": "How-to",
      "type": "howto",
      "subtype": "howto",
      "category": [],
      "contents": "If you do not agree with the permissions allowed, press the back button and the installation will be cancelled.</p>\n<p><img src=\"https://securityinabox.org/sbox/screen/textsecure-en-1/004.png\" alt=\"\"></p>\n<blockquote>\n<p>Permissions required</p>\n</blockquote>\n<p>"
    }
  ,
    {
      "stack": "4-1-howto-install",
      "title": "How-to",
      "type": "howto",
      "subtype": "howto",
      "category": [],
      "contents": "</p>\n<h1 id=\"step-3-run-signal\">Step 3. Run Signal</h1>\n<p>Tap Open to run the app for the first time</p>"
    }
  ,
    {
      "stack": "4-2-howto-install",
      "title": "Registering with Signal",
      "type": "howto",
      "subtype": "howto",
      "category": [],
      "contents": "<h1 id=\"step-1-register-your-phone-number\">Step 1: Register your phone number</h1>\n<p>Begin the registration process by entering your phone number including country code and press <img src=\"https://securityinabox.org/sbox/screen/textsecure-en-1/005.png\" alt=\"\">"
    }
  ,
    {
      "stack": "4-2-howto-install",
      "title": "Registering with Signal",
      "type": "howto",
      "subtype": "howto",
      "category": [],
      "contents": "</p>\n<p><img src=\"https://securityinabox.org/sbox/screen/textsecure-en-1/008.png\" alt=\"\"></p>\n<blockquote>\n<p>Registration screen</p>\n</blockquote>\n<p>"
    }
  ,
    {
      "stack": "4-2-howto-install",
      "title": "Registering with Signal",
      "type": "howto",
      "subtype": "howto",
      "category": [],
      "contents": "</p>\n<p><img src=\"https://securityinabox.org/sbox/screen/textsecure-en-1/009.png\" alt=\"\"></p>\n<blockquote>\n<p>Confirming number</p>\n</blockquote>\n<p>"
    }
  ,
    {
      "stack": "4-2-howto-install",
      "title": "Registering with Signal",
      "type": "howto",
      "subtype": "howto",
      "category": [],
      "contents": "</p>\n<h1 id=\"step-2-confirm-registration\">Step 2: Confirm registration</h1>\n<p>Signal will send you an SMS message to confirm registration."
    }
  ,
    {
      "stack": "4-2-howto-install",
      "title": "Registering with Signal",
      "type": "howto",
      "subtype": "howto",
      "category": [],
      "contents": "Note: If for some reason you do not receive the SMS you will be given the option to receive an automated phone call where you will hear a 6-digit code, this code once entered will complete the registration.</p>\n<p><Br>\n<img src=\"https://securityinabox.org/sbox/screen/textsecure-en-1/010.png\" alt=\"\">\nRegistration completing"
    }
  ,
    {
      "stack": "4-2-howto-install",
      "title": "Registering with Signal",
      "type": "howto",
      "subtype": "howto",
      "category": [],
      "contents": "<img src=\"https://securityinabox.org/sbox/screen/textsecure-en-1/011.png\" alt=\"\">\nVoice verification screens</p>"
    }
  ,
    {
      "stack": "4-3-howto-install",
      "title": "Configure Signal",
      "type": "howto",
      "subtype": "howto",
      "category": [],
      "contents": "<h1 id=\"importing-messages\">Importing Messages</h1>\n<p>Signal can securely store your SMS messages, so it is recommended that you import the messages from your current SMS app."
    }
  ,
    {
      "stack": "4-3-howto-install",
      "title": "Configure Signal",
      "type": "howto",
      "subtype": "howto",
      "category": [],
      "contents": "After registration is complete, Signal will open and you will be asked if you want to import your messages from the default SMS app on your phone. Press <img src=\"https://securityinabox.org/sbox/screen/textsecure-en-1/012.png\" alt=\"\">"
    }
  ,
    {
      "stack": "4-3-howto-install",
      "title": "Configure Signal",
      "type": "howto",
      "subtype": "howto",
      "category": [],
      "contents": "<img src=\"https://securityinabox.org/sbox/screen/textsecure-en-1/013.png\" alt=\"\"></p>\n<blockquote>\n<p>Import messages into Signal</p>\n</blockquote>\n<p>"
    }
  ,
    {
      "stack": "4-3-howto-install",
      "title": "Configure Signal",
      "type": "howto",
      "subtype": "howto",
      "category": [],
      "contents": "Once the import is complete you can access all your old messages in Signal and you should delete them from your other application."
    }
  ,
    {
      "stack": "4-3-howto-install",
      "title": "Configure Signal",
      "type": "howto",
      "subtype": "howto",
      "category": [],
      "contents": "</p>\n<h3 id=\"making-signal-the-default-message-app\">Making Signal the Default Message App</h3>\n<p>After your old messages have been imported you should make Signal the default SMS application so that all messages you receive appear in it and not the old application. This can be done by tapping <img src=\"https://securityinabox.org/sbox/screen/textsecure-en-1/012.png\" alt=\"\"> when prompted."
    }
  ,
    {
      "stack": "4-3-howto-install",
      "title": "Configure Signal",
      "type": "howto",
      "subtype": "howto",
      "category": [],
      "contents": "<img src=\"https://securityinabox.org/sbox/screen/textsecure-en-1/014.png\" alt=\"\"></p>\n<blockquote>\n<p>Set Signal as the default SMS application</p>\n</blockquote>\n<p>"
    }
  ,
    {
      "stack": "4-3-howto-install",
      "title": "Configure Signal",
      "type": "howto",
      "subtype": "howto",
      "category": [],
      "contents": "</p>\n<h3 id=\"encrypted-storage\">Encrypted Storage</h3>\n<p>Signal also allows you to store all your messages in an encrypted container protected by a passphrase, so if someone gains access to your phone, they will not be able to access your messages when Signal is locked."
    }
  ,
    {
      "stack": "4-3-howto-install",
      "title": "Configure Signal",
      "type": "howto",
      "subtype": "howto",
      "category": [],
      "contents": "After a set period of time, if you have not looked at any messages, Signal will automatically lock and you will have to enter your passphrase the next time you want to read your messages."
    }
  ,
    {
      "stack": "4-3-howto-install",
      "title": "Configure Signal",
      "type": "howto",
      "subtype": "howto",
      "category": [],
      "contents": "To enable encrypted storage, take the following 5 steps:"
    }
  ,
    {
      "stack": "4-3-howto-install",
      "title": "Configure Signal",
      "type": "howto",
      "subtype": "howto",
      "category": [],
      "contents": "</p>\n<ol>\n<li>Tap on  in the top right of your screen to bring up the menu and select ."
    }
  ,
    {
      "stack": "4-3-howto-install",
      "title": "Configure Signal",
      "type": "howto",
      "subtype": "howto",
      "category": [],
      "contents": "</li>\n<li>Scroll down to the PASSPHRASE section and uncheck Disable Password."
    }
  ,
    {
      "stack": "4-3-howto-install",
      "title": "Configure Signal",
      "type": "howto",
      "subtype": "howto",
      "category": [],
      "contents": "</li>\n<li>When prompted enter a passphrase that will be used to protect the messages stored on your phone and tap .</li>\n</ol>\n<p><img src=\"https://securityinabox.org/sbox/screen/textsecure-en-1/018.png\" alt=\"\"></p>\n<blockquote>\n<p>Passphrase options</p>\n</blockquote>\n<p><img src=\"https://securityinabox.org/sbox/screen/textsecure-en-1/019.png\" alt=\"\"></p>\n<blockquote>\n<p>Setting a password</p>\n</blockquote>\n<p>"
    }
  ,
    {
      "stack": "4-3-howto-install",
      "title": "Configure Signal",
      "type": "howto",
      "subtype": "howto",
      "category": [],
      "contents": "</p>\n<ol>\n<li>Check the box next to Timeout passphrase to have Signal lock after a period of inactivity (See Fig 9 above)."
    }
  ,
    {
      "stack": "4-3-howto-install",
      "title": "Configure Signal",
      "type": "howto",
      "subtype": "howto",
      "category": [],
      "contents": "</li>\n<li>Tap Timeout interval and in the next screen enter after what time you want Signal to lock if unused and tap .</li>\n</ol>\n<p><img src=\"https://securityinabox.org/sbox/screen/textsecure-en-1/021.png\" alt=\"\"></p>\n<blockquote>\n<p>Signal timeout settings</p>\n</blockquote>"
    }
  ,
    {
      "stack": "5-next",
      "title": "Next",
      "type": "card",
      "subtype": "next",
      "category": [],
      "contents": "<hr>\n<ul>\n<li>(en/topics/tool-2-signal/1-messaging/1-intro.md): Send encrypted messages to other Signal users via SMS or the internet (MMS).</li>\n<li>(en/topics/tool-2-signal/2-voice/1-intro.md): Make encrypted voice calls to other Signal users.</li>\n<li>(en/topics/understand-4-digisec/4-secure-communications/1-1-intro.md):  Know how to securely communicate </li>\n</ul>"
    }
  ]
}
  