{
  "slug": "practice-2-planning_2-assess-risk",
  "type": "unit",
  "title": "Assessing Security Risks",
  "parentTitle": "Planning and Preparing",
  "locale": "en",
  "categories": [],
  "updatedAt": "2016-06-01T15:01:42.783Z",
  "cards": [
    {
      "stack": "1-1-intro",
      "title": "Introduction",
      "type": "card",
      "subtype": "intro",
      "category": [],
      "contents": "<p>Know what measures to take to understand risks faced as a journalist.</p>"
    }
  ,
    {
      "stack": "2-scenario",
      "title": "Scenario",
      "type": "card",
      "subtype": "scenario",
      "category": [],
      "contents": "<p>Scenario text...</p>"
    }
  ,
    {
      "stack": "3-1-learn",
      "title": "Understand risk",
      "type": "card",
      "subtype": "learn",
      "category": [],
      "contents": "<p>In order to know what measures to take in order to be more secure, both digitally and in our day-to-day personal and professional\nactivities, it&#39;s important to understand the nature of the risks we face. This way, you can make the right decisions about how best to stay safe."
    }
  ,
    {
      "stack": "3-1-learn",
      "title": "Understand risk",
      "type": "card",
      "subtype": "learn",
      "category": [],
      "contents": "Perhaps without realising, we take decisions based on risk analyses every day. You may choose not to walk home through a particular neighbourhood you consider dangerous, or to lock your office doors when you leave in the evening, to deter thieves."
    }
  ,
    {
      "stack": "3-1-learn",
      "title": "Understand risk",
      "type": "card",
      "subtype": "learn",
      "category": [],
      "contents": "The idea of this lesson is to consider that same logic, as it applies to our activities both as journalists and as private people.</p>"
    }
  ,
    {
      "stack": "3-3-learn",
      "title": "Learn",
      "type": "card",
      "subtype": "learn",
      "category": [],
      "contents": "<p>In order to understand the risks we face and be able to effectively react, first we should know where they come from; that is to say, <strong>who</strong> is behind them, and <strong>why</strong>."
    }
  ,
    {
      "stack": "3-3-learn",
      "title": "Learn",
      "type": "card",
      "subtype": "learn",
      "category": [],
      "contents": "In order to &#39;map&#39; the <strong>actors</strong> relevant to our work and our well-being, we might consider dividing them into three categories: resisting forces, supporting forces, and unknown forces."
    }
  ,
    {
      "stack": "3-3-learn",
      "title": "Learn",
      "type": "card",
      "subtype": "learn",
      "category": [],
      "contents": "</p>\n<h1 id=\"1-resisting-forces-\">1. Resisting forces:</h1>\n<p>Resisting forces are actors who try to prevent us from successfully carrying out our work. In some cases it may be agents of the State, who often threaten, stigmatise, arrest, detain, mistreat and prosecute journalists."
    }
  ,
    {
      "stack": "3-3-learn",
      "title": "Learn",
      "type": "card",
      "subtype": "learn",
      "category": [],
      "contents": "In other cases, it may be social actors – religious institutions or groups, political movements, armed groups, or even family members – who try to prevent us from promoting and defending human rights."
    }
  ,
    {
      "stack": "3-3-learn",
      "title": "Learn",
      "type": "card",
      "subtype": "learn",
      "category": [],
      "contents": "Getting a sense of who these actors are will help us to understand the nature of the threats to ourselves, our community and our information."
    }
  ,
    {
      "stack": "3-3-learn",
      "title": "Learn",
      "type": "card",
      "subtype": "learn",
      "category": [],
      "contents": "Different actors will pose different threats to our security, and indeed our digital security: while the State, for example, may have the capacities to listen to our mobile calls, or place viruses on our computers to monitor our online activities."
    }
  ,
    {
      "stack": "3-3-learn",
      "title": "Learn",
      "type": "card",
      "subtype": "learn",
      "category": [],
      "contents": "Non-State actors or even common criminals could gather a huge amount of information about us by just monitoring our Facebook page, if everything is open and public."
    }
  ,
    {
      "stack": "3-3-learn",
      "title": "Learn",
      "type": "card",
      "subtype": "learn",
      "category": [],
      "contents": "Therefore, if we think about what we are up against, we can take the right measures to keep them guessing and keep working."
    }
  ,
    {
      "stack": "3-3-learn",
      "title": "Learn",
      "type": "card",
      "subtype": "learn",
      "category": [],
      "contents": "</p>\n<h1 id=\"2-supporting-forces\">2. Supporting forces</h1>\n<p>Supporting forces  are our friends and allies, who try to support our project in one way or another."
    }
  ,
    {
      "stack": "3-3-learn",
      "title": "Learn",
      "type": "card",
      "subtype": "learn",
      "category": [],
      "contents": "As part of this &#39;actor mapping&#39; exercise, you should also consider the actors who are on your side, whether local, regional or international: these could include friends, community members, police, other organisations, embassies and so on."
    }
  ,
    {
      "stack": "3-3-learn",
      "title": "Learn",
      "type": "card",
      "subtype": "learn",
      "category": [],
      "contents": "It will be important for you to spread your <a href=\"en/topics/understand-4-digisec/0-getting-started/1-intro.md\">digital security practices</a> among your allies."
    }
  ,
    {
      "stack": "3-3-learn",
      "title": "Learn",
      "type": "card",
      "subtype": "learn",
      "category": [],
      "contents": "</p>\n<h1 id=\"3-unknown-forces\">3. Unknown forces</h1>\n<p>Unknown forces are other actors whose exact intentions, with regard to our security and the success of our work, are unknown or ambiguous."
    }
  ,
    {
      "stack": "3-3-learn",
      "title": "Learn",
      "type": "card",
      "subtype": "learn",
      "category": [],
      "contents": "An example may be your Internet Service Provider (ISP) or companies such as Facebook or Google, on whom we depend for a lot of our online activities and who may collect and store a lot of information about us. An ISP, social network or e-mail provider could be legally pressured by a government to hand over information such as your browsing history, chat logs or emails."
    }
  ,
    {
      "stack": "3-3-learn",
      "title": "Learn",
      "type": "card",
      "subtype": "learn",
      "category": [],
      "contents": "Due to the large amount of information they collect about your activities, they may also be targets for malicious hackers who want to access that information about you.</p>"
    }
  ,
    {
      "stack": "3-4-learn",
      "title": "Assessing risk",
      "type": "card",
      "subtype": "learn",
      "category": [],
      "contents": "<p><strong>ASSESSING RISK</strong>\n<strong>Risk refers</strong> to possible events, however uncertain, that result in harm.</p>\n<p>You can think of your risk as an interplay of the threats you face, your vulnerabilities, and the capacities you have.</p>\n<p>"
    }
  ,
    {
      "stack": "3-4-learn",
      "title": "Assessing risk",
      "type": "card",
      "subtype": "learn",
      "category": [],
      "contents": "</p>\n<p><strong>Threats</strong> refer to a declaration or indication of an intention to inflict harm.\nThe higher the threats, the higher your risk.\nAn example of a threat may be someone breaking into your email account and exposing your contacts, or using your emails as evidence against you.</p>\n<p>"
    }
  ,
    {
      "stack": "3-4-learn",
      "title": "Assessing risk",
      "type": "card",
      "subtype": "learn",
      "category": [],
      "contents": "</p>\n<p><strong>Vulnerabilities</strong> refer to any factor which makes it more likely for harm to materialise or result in greater damage. The more vulnerabilities you have, the higher your risk. An example of a vulnerability may be having a very short, simple and easy to break password, like &#39;123456&#39;.</p>\n<p>"
    }
  ,
    {
      "stack": "3-4-learn",
      "title": "Assessing risk",
      "type": "card",
      "subtype": "learn",
      "category": [],
      "contents": "</p>\n<p><strong>Capacities</strong> refer to abilities and resources which improve our security. The higher your capacities, the LOWER your risk. An example might be knowing how to create and store long, complex and varied passwords, thus making it very difficult for people to break into your email account.\nIt&#39;s worth noting that capacities and vulnerabilities are often &quot;two sides of the same coin&quot;.</p>\n<p>"
    }
  ,
    {
      "stack": "3-4-learn",
      "title": "Assessing risk",
      "type": "card",
      "subtype": "learn",
      "category": [],
      "contents": "</p>\n<p><strong>IDENTIFYING THREATS, CAPACITIES AND VULNERABILITIES</strong>\nIt may help for you to map them out on a matrix, like this:</p>\n<table>\n<thead>\n<tr>\n<th>Threats</th>\n<th>Who?</th>\n<th>Digital Vulnerabilities</th>\n<th>Digital Capacities</th>\n<th>Digital Capacities Required</th>\n</tr>\n</thead>\n<tbody>\n<tr>\n<td></td>\n<td></td>\n<td></td>\n<td></td>\n<td></td>\n</tr>\n<tr>\n<td></td>\n<td></td>\n<td></td>\n<td></td>\n</tr>\n</tbody>\n</table>\n<p>"
    }
  ,
    {
      "stack": "3-4-learn",
      "title": "Assessing risk",
      "type": "card",
      "subtype": "learn",
      "category": [],
      "contents": "</p>\n<p><strong>An example for an Investigative Journalist might look like this:</strong></p>\n<table>\n<thead>\n<tr>\n<th>Threats</th>\n<th>Who?</th>\n<th>Digital Vulnerabilities</th>\n<th>Digital Capacities</th>\n<th>Digital Capacities Required</th>\n</tr>\n</thead>\n<tbody>\n<tr>\n<td>Office raid, confiscation, legal action</td>\n<td>Police, judiciary</td>\n<td>Sensitive files are not protected, Computers have unregistered copies of windows, LGBT material in browsing history</td>\n<td>Backups are regular and kept outside the office</td>\n<td>Hiding sensitive information Using Free Software Deleting information securely</td>\n</tr>\n<tr>\n<td>Digital Surveillance of network traffic</td>\n<td>Police/Government officials, untrusted IT administrator</td>\n<td>plain text or unencrypted communications</td>\n<td>Encryption of all communications</td>\n<td>Only access https websites, utilize anonymizing browsing software (Tor), use encrypted communications (Signal, PGP email, etc), encrypt or obfuscate sensitive files</td>\n</tr>\n<tr>\n<td>Burglary</td>\n<td>Local delinquents</td>\n<td>Old locks on the office doors, organisation smartphones are not kept in a safe place</td>\n<td>Smartphones have SIM lock and no social networking apps</td>\n<td>Smartphone encryption, and a safe place to keep them</td>\n</tr>\n<tr>\n<td></td>\n<td></td>\n<td></td>\n<td></td>\n</tr>\n</tbody>\n</table>\n<p>This example is merely for demonstrative purposes and may have nothing in common with your own situation,. It only focuses on digital security vulnerabilities and capacities, which should only be one part of your risk analysis.</p>\n<p>"
    }
  ,
    {
      "stack": "3-4-learn",
      "title": "Assessing risk",
      "type": "card",
      "subtype": "learn",
      "category": [],
      "contents": "</p>\n<p><strong>THE RISK MATRIX: PROBABILITY AND IMPACT</strong>\nIt may be that you find there are a lot of threats to your work, and it can be difficult to get some perspective on where to begin. In these cases it can be useful to think of the different threats in terms of the probability of their occurance, and their impact should they occur.</p>\n<p>"
    }
  ,
    {
      "stack": "3-4-learn",
      "title": "Assessing risk",
      "type": "card",
      "subtype": "learn",
      "category": [],
      "contents": "| Probability |     |          |                           |              |\n|-------------|-----|----------|---------------------------|--------------|\n| Very high   |     |          | Confiscation of materials |              |\n| High        |     | Burglary |                           |              |\n| Medium      |     |          | Entrapment and Assault    | Imprisonment |\n| Low         |     |          |                           |              |\n| Impact      | Low | Medium   | High                      | Catastrophic |</p>\n<p>"
    }
  ,
    {
      "stack": "3-4-learn",
      "title": "Assessing risk",
      "type": "card",
      "subtype": "learn",
      "category": [],
      "contents": "</p>\n<p>Once you have prioritised the risks to yourself and your work, you can then start to take action to reduce them through building the relavent capacities and integrating them into a security plan.</p>"
    }
  ,
    {
      "stack": "3-5-learn",
      "title": "Identifying threats, capacities, and vulnerabilities",
      "type": "card",
      "subtype": "learn",
      "category": [],
      "contents": "<p><strong>IDENTIFYING THREATS, CAPACITIES AND VULNERABILITIES</strong>\nIt may help for you to map them out on a matrix, like this:</p>\n<table>\n<thead>\n<tr>\n<th>Threats</th>\n<th>Who?</th>\n<th>Digital Vulnerabilities</th>\n<th>Digital Capacities</th>\n<th>Digital Capacities Required</th>\n</tr>\n</thead>\n<tbody>\n<tr>\n<td></td>\n<td></td>\n<td></td>\n<td></td>\n<td></td>\n</tr>\n<tr>\n<td></td>\n<td></td>\n<td></td>\n<td></td>\n</tr>\n</tbody>\n</table>\n<p>"
    }
  ,
    {
      "stack": "3-5-learn",
      "title": "Identifying threats, capacities, and vulnerabilities",
      "type": "card",
      "subtype": "learn",
      "category": [],
      "contents": "</p>\n<p><strong>An example for an Investigative Journalist might look like this:</strong></p>\n<table>\n<thead>\n<tr>\n<th>Threats</th>\n<th>Who?</th>\n<th>Digital Vulnerabilities</th>\n<th>Digital Capacities</th>\n<th>Digital Capacities Required</th>\n</tr>\n</thead>\n<tbody>\n<tr>\n<td>Office raid, confiscation, legal action</td>\n<td>Police, judiciary</td>\n<td>Sensitive files are not protected, Computers have unregistered copies of windows, LGBT material in browsing history</td>\n<td>Backups are regular and kept outside the office</td>\n<td>Hiding sensitive information Using Free Software Deleting information securely</td>\n</tr>\n<tr>\n<td>Digital Surveillance of network traffic</td>\n<td>Police/Government officials, untrusted IT administrator</td>\n<td>plain text or unencrypted communications</td>\n<td>Encryption of all communications</td>\n<td>Only access https websites, utilize anonymizing browsing software (Tor), use encrypted communications (Signal, PGP email, etc), encrypt or obfuscate sensitive files</td>\n</tr>\n<tr>\n<td>Burglary</td>\n<td>Local delinquents</td>\n<td>Old locks on the office doors, organisation smartphones are not kept in a safe place</td>\n<td>Smartphones have SIM lock and no social networking apps</td>\n<td>Smartphone encryption, and a safe place to keep them</td>\n</tr>\n<tr>\n<td></td>\n<td></td>\n<td></td>\n<td></td>\n</tr>\n</tbody>\n</table>\n<p>This example is merely for demonstrative purposes and may have nothing in common with your own situation,. It only focuses on digital security vulnerabilities and capacities, which should only be one part of your risk analysis.</p>\n<p>"
    }
  ,
    {
      "stack": "3-5-learn",
      "title": "Identifying threats, capacities, and vulnerabilities",
      "type": "card",
      "subtype": "learn",
      "category": [],
      "contents": "</p>\n<p><strong>THE RISK MATRIX: PROBABILITY AND IMPACT</strong>\nIt may be that you find there are a lot of threats to your work, and it can be difficult to get some perspective on where to begin. In these cases it can be useful to think of the different threats in terms of the probability of their occurance, and their impact should they occur.</p>\n<p>"
    }
  ,
    {
      "stack": "3-5-learn",
      "title": "Identifying threats, capacities, and vulnerabilities",
      "type": "card",
      "subtype": "learn",
      "category": [],
      "contents": "| Probability |     |          |                           |              |\n|-------------|-----|----------|---------------------------|--------------|\n| Very high   |     |          | Confiscation of materials |              |\n| High        |     | Burglary |                           |              |\n| Medium      |     |          | Entrapment and Assault    | Imprisonment |\n| Low         |     |          |                           |              |\n| Impact      | Low | Medium   | High                      | Catastrophic |</p>\n<p>"
    }
  ,
    {
      "stack": "3-5-learn",
      "title": "Identifying threats, capacities, and vulnerabilities",
      "type": "card",
      "subtype": "learn",
      "category": [],
      "contents": "</p>\n<p>Once you have prioritised the risks to yourself and your work, you can then start to take action to reduce them through building the relavent capacities and integrating them into a security plan.</p>"
    }
  ,
    {
      "stack": "3-6-learn",
      "title": "Learn",
      "type": "card",
      "subtype": "learn",
      "category": [],
      "contents": "<p><strong>THE RISK MATRIX: PROBABILITY AND IMPACT</strong>\nIt may be that you find there are a lot of threats to your work, and it can be difficult to get some perspective on where to begin. In these cases it can be useful to think of the different threats in terms of the probability of their occurance, and their impact should they occur.</p>\n<p>"
    }
  ,
    {
      "stack": "3-6-learn",
      "title": "Learn",
      "type": "card",
      "subtype": "learn",
      "category": [],
      "contents": "| Probability |     |          |                           |              |\n|-------------|-----|----------|---------------------------|--------------|\n| Very high   |     |          | Confiscation of materials |              |\n| High        |     | Burglary |                           |              |\n| Medium      |     |          | Entrapment and Assault    | Imprisonment |\n| Low         |     |          |                           |              |\n| Impact      | Low | Medium   | High                      | Catastrophic |</p>\n<p>"
    }
  ,
    {
      "stack": "3-6-learn",
      "title": "Learn",
      "type": "card",
      "subtype": "learn",
      "category": [],
      "contents": "</p>\n<p>Once you have prioritised the risks to yourself and your work, you can then start to take action to reduce them through building the relavent capacities and integrating them into a security plan.</p>"
    }
  ,
    {
      "stack": "4-test",
      "title": "Test",
      "type": "activity",
      "subtype": "test",
      "category": [],
      "contents": "<quiz name=\"Gitbook Quiz\">\n    <question multiple>\n        <p>What is gitbook used for?</p>\n        <answer correct>To read books</answer>\n        <answer>To book hotel named git</answer>\n        <answer correct>To write and publish beautiful books</answer>\n        <explanation>GitBook.com lets you write, publish and manage your books online as a service.</explanation>\n    </question>\n    <question>\n        <p>Is it quiz?</p>\n        <answer correct>Yes</answer>\n        <answer>No</answer>\n    </question>\n</quiz>"
    }
  ,
    {
      "stack": "5-next",
      "title": "Next",
      "type": "card",
      "subtype": "next",
      "category": [],
      "contents": "<hr>\n<ul>\n<li>(en/topics/practice-2-planning/1-threats/1-intro.md): What are threats</li>\n<li>(en/topics/practice-2-planning/4-emergency-plan/1-intro.md): How to make an emergency Plan</li>\n</ul>\n<hr>\n<p>See also:</p>\n<ul>\n<li>Electronic Frontier Foundation: <a href=\"https://ssd.eff.org/en/module/introduction-threat-modeling\">Surveillance Self-Defense</a></li>\n<li>Protection International: <a href=\"https://protectioninternational.org/publications-protection-manual-for-human-rights-defenders/\">Protection Manual for Human Rights Defenders</a></li>\n<li>Front Line Defenders: <a href=\"https://frontlinedefenders.org/en/resource-publication/protection-handbook-human-rights-defenders\">Workbook on Security for Human Rights Defenders</a></li>\n<li>Front Line Defenders, Kvinna till Kvinna and Urgent Action Fund: <a href=\"http://www.frontlinedefenders.org/files/en/Insiste%20Resiste%20Persiste%20Existe.pdf\">Insiste, Resiste, Persiste, Existe - Women Human Rights Defenders Security Strategies</a></li>\n<li>Kvinna till Kvinna: <a href=\"http://integratedsecuritymanual.org/\">Integrated Security Manual</a></li>\n</ul>"
    }
  ]
}
  