{
  "slug": "understand-2-security_1-your-security",
  "type": "unit",
  "title": "Your Security",
  "parentTitle": "Understand Security",
  "locale": "en",
  "categories": [],
  "updatedAt": "2016-05-23T17:07:42.477Z",
  "cards": [
    {
      "stack": "1-intro",
      "title": "Introduction",
      "type": "card",
      "subtype": "intro",
      "category": [],
      "contents": "<p>Journalists often work on stories that may expose them to risk of physical or other forms of harm."
    }
  ,
    {
      "stack": "1-intro",
      "title": "Introduction",
      "type": "card",
      "subtype": "intro",
      "category": [],
      "contents": "This unit will provide an overview of thinking about security in terms of yourself. Much of the information is drawn from the Committee for the Protection of Journalists <a href=\"https://cpj.org/reports/2012/04/journalist-security-guide.php\">Journalist Security Guide</a></p>"
    }
  ,
    {
      "stack": "2-scenario",
      "title": "Scenario",
      "type": "card",
      "subtype": "scenario",
      "category": [],
      "contents": "<p>Lisa is starting a new story about corruption in the gold mining industry, and wants to speak with a number of stakeholder involved."
    }
  ,
    {
      "stack": "2-scenario",
      "title": "Scenario",
      "type": "card",
      "subtype": "scenario",
      "category": [],
      "contents": "Before making plans to meet, however, she makes sure she has told colleagues of her plans and the time and location of her meeting, as well as chosen to meet the stakeholders in a public space."
    }
  ,
    {
      "stack": "2-scenario",
      "title": "Scenario",
      "type": "card",
      "subtype": "scenario",
      "category": [],
      "contents": "After the meeting, Lisa again contacts her colleagues to inform them that she is safe.</p>"
    }
  ,
    {
      "stack": "3-learn",
      "title": "Learn",
      "type": "card",
      "subtype": "learn",
      "category": [],
      "contents": "<p><img src=\"recap.png\" alt=\"\">\nYour security and well being are always more important than a story. To mimise potential risks, it is important to prepare a security assessment before taking on a potentially dangerous story."
    }
  ,
    {
      "stack": "3-learn",
      "title": "Learn",
      "type": "card",
      "subtype": "learn",
      "category": [],
      "contents": "This assessment should identify contact people and the time and means of communication; describe all known hazards, including the history of problems in the reporting area; and outline contingency plans that address the perceived risks."
    }
  ,
    {
      "stack": "3-learn",
      "title": "Learn",
      "type": "card",
      "subtype": "learn",
      "category": [],
      "contents": "Diverse sources should be consulted, including journalists with experience in the location or topic, diplomatic advisories, reports on press freedom and human rights, and academic research."
    }
  ,
    {
      "stack": "3-learn",
      "title": "Learn",
      "type": "card",
      "subtype": "learn",
      "category": [],
      "contents": "Editors working with staffers or freelancers should have substantial input into the assessment, take the initiative in raising security questions, and receive a copy of the assessment."
    }
  ,
    {
      "stack": "3-learn",
      "title": "Learn",
      "type": "card",
      "subtype": "learn",
      "category": [],
      "contents": "An independent journalist working without a relationship with a news organization must be especially rigorous in compiling a security assessment, consulting with peers, researching the risks, and arranging a contact network."
    }
  ,
    {
      "stack": "3-learn",
      "title": "Learn",
      "type": "card",
      "subtype": "learn",
      "category": [],
      "contents": "For more information on conducting a risk assessment, refer to the <a href=\"en/topics/practice-2-planning/0-getting-started/1-intro.md\">Planning and Preparing</a> section of this guide.</p>"
    }
  ,
    {
      "stack": "4-test",
      "title": "Test",
      "type": "activity",
      "subtype": "test",
      "category": [],
      "contents": "<quiz name=\"Gitbook Quiz\">\n    <question multiple>\n        <p>What is gitbook used for?</p>\n        <answer correct>To read books</answer>\n        <answer>To book hotel named git</answer>\n        <answer correct>To write and publish beautiful books</answer>\n        <explanation>GitBook.com lets you write, publish and manage your books online as a service.</explanation>\n    </question>\n    <question>\n        <p>Is it quiz?</p>\n        <answer correct>Yes</answer>\n        <answer>No</answer>\n    </question>\n</quiz>"
    }
  ,
    {
      "stack": "5-next",
      "title": "Next",
      "type": "card",
      "subtype": "next",
      "category": [],
      "contents": "<p>If you found this unit useful, you might be interested in the following units:</p>\n<ul>\n<li><a href=\"en/topics/understand-2-security/2-your-well-being/1-intro.md\">Your well-being</a></li>\n<li><a href=\"en/topics/understand-2-security/3-your-mission-hrd/1-intro.md\">Your mission</a></li>\n<li><a href=\"en/topics/understand-2-security/3-your-story-journo/1-intro.md\">Your story</a></li>\n<li><a href=\"en/topics/understand-2-security/4-your-sources-journo/1-intro.md\">Your sources</a></li>\n<li><a href=\"en/topics/understand-2-security/5-your-colleagues/1-intro.md\">Your colleagues</a></li>\n</ul>"
    }
  ]
}
  