{
  "slug": "practice-4-safe-social-networks_1-access-personal-details",
  "type": "unit",
  "title": "How to control access to your personal details?",
  "parentTitle": "Safe Social Networks",
  "locale": "en",
  "categories": [],
  "updatedAt": "2016-06-22T16:05:45.732Z",
  "cards": [
    {
      "stack": "1-1-intro",
      "title": "Controlling access to your personal details",
      "unit": "1-access-personal-details",
      "images": [],
      "type": "card",
      "subtype": "intro",
      "category": [],
      "contents": "<p>Learn about controlling access to your personal details on social networking sites.</p>"
    }
  ,
    {
      "stack": "1-2-takeaways",
      "title": "Learn how to",
      "unit": "1-access-personal-details",
      "images": [],
      "type": "card",
      "subtype": "takeaways",
      "category": [],
      "contents": "<ul>\n<li><a href=\"en/topics/practice-4-safe-social-networks/2-access-personal-details/3-learn.md\">Be careful in posting personal information to social networking sites</a></li>\n<li><a href=\"en/topics/practice-4-safe-social-networks/2-access-personal-details/4-howto.md\">Control access to personal information on your Facebook profile</a></li>\n</ul>"
    }
  ,
    {
      "stack": "2-scenario",
      "title": "Scenario",
      "unit": "1-access-personal-details",
      "images": [],
      "type": "card",
      "subtype": "scenario",
      "category": [],
      "contents": "<p>Mansour and Magda are human rights defenders from north Africa. They are organising a march, to take place in the middle of a large city. They want to use Facebook to publicise the event. They are worried that the authorities could be tipped off and that anyone who shows an interest could be traced. They plan to use Twitter during the march to give updates on the progress of the march. But what if the police could monitor the tweets, and deploy squads to intercept marchers? Mansour and Magda plan how to share photos and videos of the march without revealing people&#39;s identities, because they worry that participants could face persecution.</p>"
    }
  ,
    {
      "stack": "3-learn",
      "title": "What to post to social networking sites",
      "unit": "1-access-personal-details",
      "images": [],
      "type": "card",
      "subtype": "learn",
      "category": [],
      "contents": "<h1 id=\"be-careful-with-what-information-you-give\">Be careful with what information you give</h1>\n<p>Social networking sites ask you for a good deal of data about yourself to make it easier for other users to find and connect to you."
    }
  ,
    {
      "stack": "3-learn",
      "title": "What to post to social networking sites",
      "unit": "1-access-personal-details",
      "images": [],
      "type": "card",
      "subtype": "learn",
      "category": [],
      "contents": "</p>\n<h1 id=\"identity-fraud-is-common\">Identity fraud is common</h1>\n<p>Perhaps the biggest vulnerability this creates for users of these sites is the possibility of identity fraud, which is increasingly common."
    }
  ,
    {
      "stack": "3-learn",
      "title": "What to post to social networking sites",
      "unit": "1-access-personal-details",
      "images": [],
      "type": "card",
      "subtype": "learn",
      "category": [],
      "contents": "</p>\n<h1 id=\"less-is-more\">Less is more</h1>\n<p>The more information about yourself you reveal online, the easier it becomes for the authorities to identify you and monitor your activities."
    }
  ,
    {
      "stack": "3-learn",
      "title": "What to post to social networking sites",
      "unit": "1-access-personal-details",
      "images": [],
      "type": "card",
      "subtype": "learn",
      "category": [],
      "contents": "</p>\n<h1 id=\"posts-can-impact-your-family\">Posts can impact your family</h1>\n<p>The online activities of diaspora activists from some countries have led to the targeting of their family members by the authorities in their homelands."
    }
  ,
    {
      "stack": "3-learn",
      "title": "What to post to social networking sites",
      "unit": "1-access-personal-details",
      "images": [],
      "type": "card",
      "subtype": "learn",
      "category": [],
      "contents": "</p>\n<h1 id=\"do-you-need-to-post\">Do you need to post</h1>\n<p>Before posting, think about whether it&#39;s necessary to post:</p>\n<ul>\n<li>birth dates</li>\n<li>contact phone numbers</li>\n<li>addresses"
    }
  ,
    {
      "stack": "3-learn",
      "title": "What to post to social networking sites",
      "unit": "1-access-personal-details",
      "images": [],
      "type": "card",
      "subtype": "learn",
      "category": [],
      "contents": "<h1 id=\"do-you-need-to-post\">Do you need to post</h1>\n</li>\n<li>details of family members</li>\n<li>sexual orientation</li>\n<li>education and employment history</li>\n</ul>"
    }
  ,
    {
      "stack": "4-howto",
      "title": "Control access to personal information on your Facebook profile",
      "unit": "1-access-personal-details",
      "images": [],
      "type": "howto",
      "subtype": "howto",
      "category": [],
      "contents": "<p>You can control who can see various elements of your profile. This doesn&#39;t happen in the main privacy settings but directly when editing your profile."
    }
  ,
    {
      "stack": "4-howto",
      "title": "Control access to personal information on your Facebook profile",
      "unit": "1-access-personal-details",
      "images": [],
      "type": "howto",
      "subtype": "howto",
      "category": [],
      "contents": "Go to About &gt; Contact &amp; Basic Info you can see your date of birth:</p>\n<p><img src=\"Screen Shot 2015-11-20 at 16.54.51.png\" alt=\"Screen Shot 2015-11-20 at 16.54.51.png\">"
    }
  ,
    {
      "stack": "4-howto",
      "title": "Control access to personal information on your Facebook profile",
      "unit": "1-access-personal-details",
      "images": [],
      "type": "howto",
      "subtype": "howto",
      "category": [],
      "contents": "If you place your mouse cursor over it, you will see an icon which can be a globe (public), a group (friends of friends), a lock (only me) or possibly other images.</p>\n<p><img src=\"Screen Shot 2015-11-20 at 16.54.57.png\" alt=\"Screen Shot 2015-11-20 at 16.54.57.png\">"
    }
  ,
    {
      "stack": "4-howto",
      "title": "Control access to personal information on your Facebook profile",
      "unit": "1-access-personal-details",
      "images": [],
      "type": "howto",
      "subtype": "howto",
      "category": [],
      "contents": "Clicking on this icon will bring up a menu where you can change this setting:</p>\n<p><img src=\"Screen Shot 2015-11-20 at 17.00.25.png\" alt=\"Screen Shot 2015-11-20 at 17.00.25.png\"></p>"
    }
  ,
    {
      "stack": "6-next",
      "title": "Next",
      "unit": "1-access-personal-details",
      "images": [],
      "type": "card",
      "subtype": "next",
      "category": [],
      "contents": "<p>If you found this section useful, you might be interested in the following sections:</p>\n<ul>\n<li><a href=\"en/topics/practice-4-safe-social-networks/0-getting-started/1-intro-hrd.md\">Getting started with Social Networks</a></li>\n<li><a href=\"en/topics/practice-4-safe-social-networks/1-access-friends-contacts/1-intro.md\">Controlling access to friends &amp; contacts</a>"
    }
  ,
    {
      "stack": "6-next",
      "title": "Next",
      "unit": "1-access-personal-details",
      "images": [],
      "type": "card",
      "subtype": "next",
      "category": [],
      "contents": "</li>\n<li><a href=\"en/topics/practice-4-safe-social-networks/3-facebook-chat/1-intro.md\">Learing to chat securely</a></li>\n<li><a href=\"en/topics/practice-4-safe-social-networks/4-who-controls/1-intro.md\">Who controls and owns your information on Social Networking platforms?</a></li>\n<li><a href=\"en/topics/practice-4-safe-social-networks/5-who-can-access/1-intro.md\">Who can access your information on Social Networking platforms?</a></li>\n</ul>"
    }
  ]
}
  