{
  "slug": "understand-2-security_1-your-security",
  "type": "unit",
  "title": "Your Security",
  "parentTitle": "Understand Security",
  "locale": "en",
  "categories": [],
  "updatedAt": "2016-06-02T09:36:46.768Z",
  "cards": [
    {
      "stack": "1-1-intro",
      "title": "Introduction",
      "type": "card",
      "subtype": "intro",
      "category": [],
      "contents": "<p><img src=\"recap.png\" alt=\"\"></p>\n<p>Learn about creating a security assessment</p>"
    }
  ,
    {
      "stack": "2-scenario",
      "title": "Scenario",
      "type": "card",
      "subtype": "scenario",
      "category": [],
      "contents": "<p><img src=\"scenario.png\" alt=\"\">\nBrenda is writing a story about gold mining and needs to conduct some interviews. Before scheduling appointments, she needs to find out if it is safe to do so."
    }
  ,
    {
      "stack": "2-scenario",
      "title": "Scenario",
      "type": "card",
      "subtype": "scenario",
      "category": [],
      "contents": "<img src=\"scenario.png\" alt=\"\">\nBrenda needs to create a security assessment. If she doesn&#39;t get input from her editors and colleagues, she&#39;s worried she won&#39;t  she won&#39;t be best prepared.</p>"
    }
  ,
    {
      "stack": "3-1-learn",
      "title": "Learn",
      "type": "card",
      "subtype": "learn",
      "category": [],
      "contents": "<p>Your security and well being are always more important than a story. To minimise potential risks, it is important to always prepare a security assessment."
    }
  ,
    {
      "stack": "3-1-learn",
      "title": "Learn",
      "type": "card",
      "subtype": "learn",
      "category": [],
      "contents": "</p>\n<blockquote>\n<p>Step 1</p>\n<h1 id=\"identify-known-hazards\">Identify known hazards</h1>\n</blockquote>\n<p>Identify contact people and the time and means of communication; describe all known hazards, including the history of problems in the reporting area; and outline contingency plans that address the perceived risks."
    }
  ,
    {
      "stack": "3-1-learn",
      "title": "Learn",
      "type": "card",
      "subtype": "learn",
      "category": [],
      "contents": "Consider the possibility that any circumstance — from a tense political situation to a natural disaster — can escalate in severity."
    }
  ,
    {
      "stack": "3-1-learn",
      "title": "Learn",
      "type": "card",
      "subtype": "learn",
      "category": [],
      "contents": "The assessment should include:</p>\n<ul>\n<li>where to stay and where to seek refuge if necessary</li>\n<li>where and how to get updated information inside the country"
    }
  ,
    {
      "stack": "3-1-learn",
      "title": "Learn",
      "type": "card",
      "subtype": "learn",
      "category": [],
      "contents": "</li>\n<li>whether equipment such as a weather-band or shortwave radio is needed</li>\n<li>whom to contact in the country, from local human rights groups to foreign embassies, for emergency information"
    }
  ,
    {
      "stack": "3-1-learn",
      "title": "Learn",
      "type": "card",
      "subtype": "learn",
      "category": [],
      "contents": "<ul>\n<li>travel plans and methods within the country</li>\n<li>multiple entry and exit routes."
    }
  ,
    {
      "stack": "3-1-learn",
      "title": "Learn",
      "type": "card",
      "subtype": "learn",
      "category": [],
      "contents": "<img src=\"recap.png\" alt=\"\"></li>\n</ul>\n</li>\n</ul>"
    }
  ,
    {
      "stack": "3-2-learn",
      "title": "Learn",
      "type": "card",
      "subtype": "learn",
      "category": [],
      "contents": "<blockquote>\n<p>Step 2</p>\n<h1 id=\"address-communications-infrastructure\">Address communications infrastructure</h1>\n</blockquote>\n<p>Address the communications infrastructure in the reporting area and identify any contingency equipment you may need."
    }
  ,
    {
      "stack": "3-2-learn",
      "title": "Learn",
      "type": "card",
      "subtype": "learn",
      "category": [],
      "contents": "Are electricity, Internet access, and mobile and landline phone service available? Are they likely to remain so? This will help you make prepared choices in choosing communications backups."
    }
  ,
    {
      "stack": "3-2-learn",
      "title": "Learn",
      "type": "card",
      "subtype": "learn",
      "category": [],
      "contents": "Is a generator or a car battery with a DC adaptor needed to power one’s computer? Should a satellite phone be used?"
    }
  ,
    {
      "stack": "3-2-learn",
      "title": "Learn",
      "type": "card",
      "subtype": "learn",
      "category": [],
      "contents": "Basic needs such as nourishment and medical care must be addressed as well. Are food and water readily available? Is a hospital, clinic, or physician available? Is a medical kit needed, and what should it include? This is helpful for knowing what kinds of items you should bring along with you."
    }
  ,
    {
      "stack": "3-2-learn",
      "title": "Learn",
      "type": "card",
      "subtype": "learn",
      "category": [],
      "contents": "<img src=\"recap.png\" alt=\"\"></p>"
    }
  ,
    {
      "stack": "3-3-learn",
      "title": "Learn",
      "type": "card",
      "subtype": "learn",
      "category": [],
      "contents": "<blockquote>\n<p>Step 3</p>\n<h1 id=\"consult-diverse-sources\">Consult diverse sources</h1>\n</blockquote>\n<p>Consult diverse sources including journalists with experience in the location or topic, diplomatic advisories, reports on press freedom and human rights, and academic research."
    }
  ,
    {
      "stack": "3-3-learn",
      "title": "Learn",
      "type": "card",
      "subtype": "learn",
      "category": [],
      "contents": "Editors working with staffers or freelancers should have substantial input into the assessment, take the initiative in raising security questions, and receive a copy of the assessment."
    }
  ,
    {
      "stack": "3-3-learn",
      "title": "Learn",
      "type": "card",
      "subtype": "learn",
      "category": [],
      "contents": "An independent journalist working without a relationship with a news organization must be especially rigorous in compiling a security assessment, consulting with peers,<a href=\"en/topics/practice-2-planning/0-getting-started/1-intro.md\">researching the risks</a>, and arranging a contact network."
    }
  ,
    {
      "stack": "3-3-learn",
      "title": "Learn",
      "type": "card",
      "subtype": "learn",
      "category": [],
      "contents": "<img src=\"recap.png\" alt=\"\"></p>"
    }
  ,
    {
      "stack": "4-test",
      "title": "Test",
      "type": "activity",
      "subtype": "test",
      "category": [],
      "contents": "<quiz name=\"Gitbook Quiz\">\n    <question multiple>\n        <p>What is gitbook used for?</p>\n        <answer correct>To read books</answer>\n        <answer>To book hotel named git</answer>\n        <answer correct>To write and publish beautiful books</answer>\n        <explanation>GitBook.com lets you write, publish and manage your books online as a service.</explanation>\n    </question>\n    <question>\n        <p>Is it quiz?</p>\n        <answer correct>Yes</answer>\n        <answer>No</answer>\n    </question>\n</quiz>"
    }
  ,
    {
      "stack": "5-next",
      "title": "Next",
      "type": "card",
      "subtype": "next",
      "category": [],
      "contents": "<p>For more information on conducting a risk assessment, refer to the <a href=\"en/topics/practice-2-planning/0-getting-started/1-intro.md\">Planning and Preparing</a> section of this guide.</p>"
    }
  ]
}
  