{
  "slug": "practice-1-emergencies_5-ddos",
  "type": "unit",
  "title": "DDOS Attack",
  "parentTitle": "Dealing with Emergencies",
  "locale": "en",
  "categories": [],
  "updatedAt": "2016-05-24T13:08:11.712Z",
  "cards": [
    {
      "stack": "1-1-intro",
      "title": "Introduction",
      "type": "card",
      "subtype": "intro",
      "category": [],
      "contents": "<p><img src=\"unit.png\" alt=\"\">"
    }
  ,
    {
      "stack": "1-1-intro",
      "title": "Introduction",
      "type": "card",
      "subtype": "intro",
      "category": [],
      "contents": "This section will provide guidance on waht to do if an adversary tries to silence you by taking down or defacing your website.</p>"
    }
  ,
    {
      "stack": "2-scenario",
      "title": "Scenario",
      "type": "card",
      "subtype": "scenario",
      "category": [],
      "contents": "<p><img src=\"scenario.png\" alt=\"\"></p>\n<p>Brenda published a story about corruption on her organisation&#39;s website. Hours later, the website is down and she worries the site is being attacked to censor the important issues she exposed."
    }
  ,
    {
      "stack": "2-scenario",
      "title": "Scenario",
      "type": "card",
      "subtype": "scenario",
      "category": [],
      "contents": "<img src=\"scenario.png\" alt=\"\"></p>\n<p>Before she can determine if the site is being attacked, Brenda needs to rule out other possible causes for the down website. If it is being attacked, she needs to know how to fix the problem.</p>"
    }
  ,
    {
      "stack": "3-10-learn",
      "title": "Poor site performance",
      "type": "card",
      "subtype": "learn",
      "category": [],
      "contents": "<p><img src=\"recap.png\" alt=\"\"></p>\n<p>Is your site loading intermittently or unusually slowly? Your site may be overwhelmed by the number and speed of requests for pages it is receiving – this is a performance problem."
    }
  ,
    {
      "stack": "3-10-learn",
      "title": "Poor site performance",
      "type": "card",
      "subtype": "learn",
      "category": [],
      "contents": "This could be ‘good’ if your site has become more popular and simply needs some improvements to respond to more readers. Check your site analytics for a long-term pattern in growth.</p>"
    }
  ,
    {
      "stack": "3-1-learn",
      "title": "What is a DDOS attack?",
      "type": "card",
      "subtype": "learn",
      "category": [],
      "contents": "<p><img src=\"recap.png\" alt=\"\"></p>\n<p>A threat faced by many independent journalists, news sites and bloggers is being silenced because their website is down or defaced."
    }
  ,
    {
      "stack": "3-1-learn",
      "title": "What is a DDOS attack?",
      "type": "card",
      "subtype": "learn",
      "category": [],
      "contents": "In many cases, this maybe an innocent and frustrating problem. But on occasion, it may be due to a distributed ‘denial of service’ attack or a website takeover."
    }
  ,
    {
      "stack": "3-1-learn",
      "title": "What is a DDOS attack?",
      "type": "card",
      "subtype": "learn",
      "category": [],
      "contents": "If your site is under a denial of service attack, we suggest some immediate options for next steps.</p>"
    }
  ,
    {
      "stack": "3-11-learn",
      "title": "None of these?",
      "type": "card",
      "subtype": "learn",
      "category": [],
      "contents": "<p><img src=\"recap.png\" alt=\"\"></p>\n<p>If you have determined that none of these are at fault, you may be suffering from a DDOS attack. To mitigate against this, take the following four steps:</p>"
    }
  ,
    {
      "stack": "3-12-learn",
      "title": "Steps to fix the problem",
      "type": "card",
      "subtype": "learn",
      "category": [],
      "contents": "<p><img src=\"recap.png\" alt=\"\"></p>\n<p>Step 1: Contact a trusted person who can help with your website (your webmaster, the people who helped you set up your site, your internal staff if you have them and the company that hosts your site)."
    }
  ,
    {
      "stack": "3-12-learn",
      "title": "Steps to fix the problem",
      "type": "card",
      "subtype": "learn",
      "category": [],
      "contents": "Step 2: Work with the company you bought your domain from (like EasyDNS, Network Solutions, GoDaddy) and change the ‘Time to Live’ or TTL to 1 hour."
    }
  ,
    {
      "stack": "3-12-learn",
      "title": "Steps to fix the problem",
      "type": "card",
      "subtype": "learn",
      "category": [],
      "contents": "This can help you redirect your site much faster once it comes under attack (the default is 72 hours, or three days)."
    }
  ,
    {
      "stack": "3-12-learn",
      "title": "Steps to fix the problem",
      "type": "card",
      "subtype": "learn",
      "category": [],
      "contents": "This setting will often be found in ‘advanced’ properties for your domain, sometimes part of the SRV or Service records."
    }
  ,
    {
      "stack": "3-12-learn",
      "title": "Steps to fix the problem",
      "type": "card",
      "subtype": "learn",
      "category": [],
      "contents": "Step 3: Move your site to a DDoS mitigation service.  Examples:\n-- Deflect.ca\n-- Google’s Project Shield\n-- CloudFlare’s Project Galileo"
    }
  ,
    {
      "stack": "3-12-learn",
      "title": "Steps to fix the problem",
      "type": "card",
      "subtype": "learn",
      "category": [],
      "contents": "Step 4: As soon as you have regained control, review your needs and decide between a secure hosting provider or simply continuing with your DDoS mitigation service</p>"
    }
  ,
    {
      "stack": "3-14-learn",
      "title": "Is your website defaced?",
      "type": "card",
      "subtype": "learn",
      "category": [],
      "contents": "<p><img src=\"recap.png\" alt=\"\"></p>\n<p>Step 1: Verify that this is a malicious takeover of your website. An unfortunate but legal practice is to buy recently expired domain names to ‘take over’ the traffic they had for advertising purposes."
    }
  ,
    {
      "stack": "3-14-learn",
      "title": "Is your website defaced?",
      "type": "card",
      "subtype": "learn",
      "category": [],
      "contents": "To prevent this, it is very important to keep payments for your domain name in order."
    }
  ,
    {
      "stack": "3-14-learn",
      "title": "Is your website defaced?",
      "type": "card",
      "subtype": "learn",
      "category": [],
      "contents": "Step 2: If your website has been defaced, first regain control of your website login account and reset its password, see the <a href=\"en/topics/practice-1-emergencies/2-account-hijacked/1-1-intro.md\">Account Hijacking</a> section for help."
    }
  ,
    {
      "stack": "3-14-learn",
      "title": "Is your website defaced?",
      "type": "card",
      "subtype": "learn",
      "category": [],
      "contents": "Step 3: Make a backup of the defaced site that can later be used for investigation of the defacement."
    }
  ,
    {
      "stack": "3-14-learn",
      "title": "Is your website defaced?",
      "type": "card",
      "subtype": "learn",
      "category": [],
      "contents": "Step 4: Temporarily turn off your website – use a simple landing page or ‘parked’ page."
    }
  ,
    {
      "stack": "3-14-learn",
      "title": "Is your website defaced?",
      "type": "card",
      "subtype": "learn",
      "category": [],
      "contents": "Step 5: Determine how your site was hacked. Your hosting provider may be able to help."
    }
  ,
    {
      "stack": "3-14-learn",
      "title": "Is your website defaced?",
      "type": "card",
      "subtype": "learn",
      "category": [],
      "contents": "Common problems are older parts of your site with custom scripts/tools running on them, out of date content management systems, and custom programming with security flaws."
    }
  ,
    {
      "stack": "3-14-learn",
      "title": "Is your website defaced?",
      "type": "card",
      "subtype": "learn",
      "category": [],
      "contents": "Step 6: Restore your original from backups. If neither you, nor your hosting company have backups, you may have to re-build your website from scratch!"
    }
  ,
    {
      "stack": "3-14-learn",
      "title": "Is your website defaced?",
      "type": "card",
      "subtype": "learn",
      "category": [],
      "contents": "Also note that if your only backups are at your hosting provider, an attacker may be able to delete those when they take control of your site!"
    }
  ,
    {
      "stack": "3-14-learn",
      "title": "Is your website defaced?",
      "type": "card",
      "subtype": "learn",
      "category": [],
      "contents": "Step 7: Move to a DDoS Mitigtion service or secure hosting provider. Deflect.ca can support you in protecting your site from online attacks. CloudFlare can also block many common attacks."
    }
  ,
    {
      "stack": "3-14-learn",
      "title": "Is your website defaced?",
      "type": "card",
      "subtype": "learn",
      "category": [],
      "contents": "Secure hosting providers such as VirtualRoad/Qurium go to great lengths to detect and prevent such attacks.</p>"
    }
  ,
    {
      "stack": "3-13-learn",
      "title": "Questions for your webmaster",
      "type": "card",
      "subtype": "learn",
      "category": [],
      "contents": "<p><img src=\"recap.png\" alt=\"\"></p>\n<p>Who built your website? Are they available to help?"
    }
  ,
    {
      "stack": "3-13-learn",
      "title": "Questions for your webmaster",
      "type": "card",
      "subtype": "learn",
      "category": [],
      "contents": "Who is your web hosting provider? This is the company that provides the server where your website lives."
    }
  ,
    {
      "stack": "3-13-learn",
      "title": "Questions for your webmaster",
      "type": "card",
      "subtype": "learn",
      "category": [],
      "contents": "Do you have your account log in details for this hosting provider?"
    }
  ,
    {
      "stack": "3-13-learn",
      "title": "Questions for your webmaster",
      "type": "card",
      "subtype": "learn",
      "category": [],
      "contents": "Where did you purchase your domain name? In some cases this is also your website host, but it could also be another company."
    }
  ,
    {
      "stack": "3-13-learn",
      "title": "Questions for your webmaster",
      "type": "card",
      "subtype": "learn",
      "category": [],
      "contents": "Do you have the log in details for the domain name service? If not, finding these is your first step to recovering your site"
    }
  ,
    {
      "stack": "3-13-learn",
      "title": "Questions for your webmaster",
      "type": "card",
      "subtype": "learn",
      "category": [],
      "contents": "Who else knows or may have access to these account details?"
    }
  ,
    {
      "stack": "3-13-learn",
      "title": "Questions for your webmaster",
      "type": "card",
      "subtype": "learn",
      "category": [],
      "contents": "After answering these questions, <a href=\"en/topics/practice-1-emergencies/5-ddos/3-11-learn.md\">take the following steps</a> to mitigate the problem.</p>"
    }
  ,
    {
      "stack": "3-2-learn",
      "title": "Other reasons your site might be down",
      "type": "card",
      "subtype": "learn",
      "category": [],
      "contents": "<p><img src=\"recap.png\" alt=\"\"></p>\n<p>To start, it is important to know that there are many reasons why your website can be down. Most often this is due to programming errors or technical problems at the company that hosts the site."
    }
  ,
    {
      "stack": "3-2-learn",
      "title": "Other reasons your site might be down",
      "type": "card",
      "subtype": "learn",
      "category": [],
      "contents": "Sometimes, other things like legal challenges can cause a host to turn a site off as well. Before you conclude you are the victim of a DDOS attack, root out the following potential problems:</p>"
    }
  ,
    {
      "stack": "3-3-learn",
      "title": "Network problem",
      "type": "card",
      "subtype": "learn",
      "category": [],
      "contents": "<p><img src=\"recap.png\" alt=\"\"></p>\n<p>To see whether your web host is working but your website is unavailable, visit <a href=\"https://www.isup.me/\">https://www.isup.me/</a>."
    }
  ,
    {
      "stack": "3-3-learn",
      "title": "Network problem",
      "type": "card",
      "subtype": "learn",
      "category": [],
      "contents": "If your site is up but you cant see it, it might be a network problem. It could also be in indication that your account has been disabled.</p>"
    }
  ,
    {
      "stack": "3-4-learn",
      "title": "Billing problem",
      "type": "card",
      "subtype": "learn",
      "category": [],
      "contents": "<p><img src=\"recap.png\" alt=\"\"></p>\n<p>Make sure your billing information is up to date and that there is no outstanding balance on your hosting services or your domain name to ensure your website is not taken down for billing problems.</p>"
    }
  ,
    {
      "stack": "3-6-learn",
      "title": "Hosting problem",
      "type": "card",
      "subtype": "learn",
      "category": [],
      "contents": "<p><img src=\"recap.png\" alt=\"\"></p>\n<p>If your website is not loading at all, your hosting company may be having problems."
    }
  ,
    {
      "stack": "3-6-learn",
      "title": "Hosting problem",
      "type": "card",
      "subtype": "learn",
      "category": [],
      "contents": "Visit the website of your hosting company and look for a &#39;status&#39; blog, or search on Twitter.com for other users also discussing downtime with the same host.</p>"
    }
  ,
    {
      "stack": "3-5-learn",
      "title": "Legal problem",
      "type": "card",
      "subtype": "learn",
      "category": [],
      "contents": "<p><img src=\"recap.png\" alt=\"\"></p>\n<p>If your website is taken down due to a legal issue, the resources provided by <a href=\"https://ssd.eff.org/\">Electronic Frontier Foundation</a>, while focused on US copyright laws, are a good place to learn more.</p>"
    }
  ,
    {
      "stack": "3-7-learn",
      "title": "Censorship problem",
      "type": "card",
      "subtype": "learn",
      "category": [],
      "contents": "<p><img src=\"recap.png\" alt=\"\"></p>\n<p>Can you visit other sites with similar content to your site? Try visiting websites related to yours or covering similar issues."
    }
  ,
    {
      "stack": "3-7-learn",
      "title": "Censorship problem",
      "type": "card",
      "subtype": "learn",
      "category": [],
      "contents": "Also try using Tor or Psiphon to access your site. If this helps, you have a blocking problem – you are still online for other parts of the world, but are being censored in your own country.</p>"
    }
  ,
    {
      "stack": "3-8-learn",
      "title": "Software problem",
      "type": "card",
      "subtype": "learn",
      "category": [],
      "contents": "<p><img src=\"recap.png\" alt=\"\"></p>\n<p>Are you seeing error messages? This could be a software problem."
    }
  ,
    {
      "stack": "3-8-learn",
      "title": "Software problem",
      "type": "card",
      "subtype": "learn",
      "category": [],
      "contents": "Think about any recent changes you or your team may have made and contact your webmaster."
    }
  ,
    {
      "stack": "3-8-learn",
      "title": "Software problem",
      "type": "card",
      "subtype": "learn",
      "category": [],
      "contents": "Sending your webmaster a screenshot, the link of the page you are having problems with and any error messages you see will help them figure out what might be causing the problem."
    }
  ,
    {
      "stack": "3-8-learn",
      "title": "Software problem",
      "type": "card",
      "subtype": "learn",
      "category": [],
      "contents": "Here are some <a href=\"\">helpful questions</a> to ask your webmaster</p>"
    }
  ,
    {
      "stack": "3-9-learn",
      "title": "Account hijacking",
      "type": "card",
      "subtype": "learn",
      "category": [],
      "contents": "<p><img src=\"recap.png\" alt=\"\"></p>\n<p>Are you seeing a website that is not yours? Are you receiving a warning from your browser about malware on your own site? This could be a defacement problem."
    }
  ,
    {
      "stack": "3-9-learn",
      "title": "Account hijacking",
      "type": "card",
      "subtype": "learn",
      "category": [],
      "contents": "See <a href=\"en/topics/practice-1-emergencies/5-ddos/3-14-learn\">website defacement</a> for next steps. you will need to work with your web hosting provider and review the Account Hijacking section.</p>"
    }
  ,
    {
      "stack": "4-test",
      "title": "Test",
      "type": "activity",
      "subtype": "test",
      "category": [],
      "contents": "<quiz name=\"Gitbook Quiz\">\n    <question multiple>\n        <p>What is gitbook used for?</p>\n        <answer correct>To read books</answer>\n        <answer>To book hotel named git</answer>\n        <answer correct>To write and publish beautiful books</answer>\n        <explanation>GitBook.com lets you write, publish and manage your books online as a service.</explanation>\n    </question>\n    <question>\n        <p>Is it quiz?</p>\n        <answer correct>Yes</answer>\n        <answer>No</answer>\n    </question>\n</quiz>"
    }
  ,
    {
      "stack": "5-next",
      "title": "Next",
      "type": "card",
      "subtype": "next",
      "category": [],
      "contents": "<p>If you found this useful, you might be interested in the following sections:</p>\n<ul>\n<li><a href=\"topics/practice-1-emergencies/1-seeking-help\">How to get help!</a> (Read this section first on how to communicate securely with others, and <em>where you can get help</em>)</li>\n<li><a href=\"topics/practice-1-emergencies/2-account-hijacked\">Has your account been hijacked?</a> (Are you locked out of your account? Seeing unusual activity?)"
    }
  ,
    {
      "stack": "5-next",
      "title": "Next",
      "type": "card",
      "subtype": "next",
      "category": [],
      "contents": "</li>\n<li><a href=\"topics/practice-1-emergencies/3-devices-seized.md\">Has your phone or laptop been taken from you?</a> (Was it taken out of your sight at a security checkpoint? Stolen/siezed? Has it been returned?)</li>\n<li><a href=\"topics/practice-1-emergencies/4-malware.md\">Does your computer have malware?</a> (Is your computer acting suspicious?)"
    }
  ,
    {
      "stack": "5-next",
      "title": "Next",
      "type": "card",
      "subtype": "next",
      "category": [],
      "contents": "</li>\n<li><a href=\"topics/practice-1-emergencies/after.md\">What to do after the emergency is past</a> (What to do when the dust settles? Time to prepare so that you&#39;re ready for the next time.)"
    }
  ,
    {
      "stack": "5-next",
      "title": "Next",
      "type": "card",
      "subtype": "next",
      "category": [],
      "contents": "See also:</li>\n<li><a href=\"resources/glossary.md\">Glossary of terms</a></li>\n</ul>"
    }
  ]
}
  