{
  "slug": "practice-1-emergencies_5-ddos",
  "type": "unit",
  "title": "Website under attack",
  "parentTitle": "Dealing with Emergencies",
  "locale": "en",
  "categories": [],
  "updatedAt": "2016-06-01T17:16:42.823Z",
  "cards": [
    {
      "stack": "1-1-intro",
      "title": "Introduction",
      "type": "card",
      "subtype": "intro",
      "category": [],
      "contents": "<p><img src=\"unit.png\" alt=\"\"></p>\n<p>Recover from having your website from being attacked or defaced.</p>"
    }
  ,
    {
      "stack": "2-scenario",
      "title": "Scenario",
      "type": "card",
      "subtype": "scenario",
      "category": [],
      "contents": "<p><img src=\"scenario.png\" alt=\"\"></p>\n<p>Brenda published a story about corruption on her organisation&#39;s website. Hours later, the website is down and she worries it is being attacked to silence her."
    }
  ,
    {
      "stack": "2-scenario",
      "title": "Scenario",
      "type": "card",
      "subtype": "scenario",
      "category": [],
      "contents": "<img src=\"scenario.png\" alt=\"\"></p>\n<p>Before she can be sure the site is under attack, Brenda needs to rule out other possible causes for the down website. If it is being attacked, she needs to know how to fix it.</p>"
    }
  ,
    {
      "stack": "3-1-learn",
      "title": "What is a DDOS attack?",
      "type": "card",
      "subtype": "learn",
      "category": [],
      "contents": "<p>A threat faced by many independent journalists, news sites and bloggers is being silenced because their website is down or defaced."
    }
  ,
    {
      "stack": "3-1-learn",
      "title": "What is a DDOS attack?",
      "type": "card",
      "subtype": "learn",
      "category": [],
      "contents": "In many cases, this maybe an innocent and frustrating problem. But on occasion, it may be due to a distributed ‘denial of service’ (DDOS) attack or a website takeover."
    }
  ,
    {
      "stack": "3-1-learn",
      "title": "What is a DDOS attack?",
      "type": "card",
      "subtype": "learn",
      "category": [],
      "contents": "A DDOS attack is when an attacker uses thousands of machines and possibly automated tools to repeatedly and rapidly view a webpage in order to crowd out normal readers."
    }
  ,
    {
      "stack": "3-1-learn",
      "title": "What is a DDOS attack?",
      "type": "card",
      "subtype": "learn",
      "category": [],
      "contents": "<img src=\"recap.png\" alt=\"\"></p>"
    }
  ,
    {
      "stack": "3-2-learn",
      "title": "Rule out other reasons",
      "type": "card",
      "subtype": "learn",
      "category": [],
      "contents": "<p>To start, it is important to know that there are many reasons why your website can be down. Most often this is due to programming errors or technical problems at the company that hosts the site."
    }
  ,
    {
      "stack": "3-2-learn",
      "title": "Rule out other reasons",
      "type": "card",
      "subtype": "learn",
      "category": [],
      "contents": "Sometimes, other things like legal challenges can cause a host to turn a site off as well. Before you conclude you are the victim of a DDOS attack, make sure to root out potential problems by speaking with someone in charge of your website."
    }
  ,
    {
      "stack": "3-2-learn",
      "title": "Rule out other reasons",
      "type": "card",
      "subtype": "learn",
      "category": [],
      "contents": "Talk to someone in charge of your website. If you don&#39;t have someone, read the lesson on <a href=\"en/topics/understand-1-how-it-works/5-down-site/1-1-intro.md\">other reasons your site may be down</a>.</p>\n<p><img src=\"recap.png\" alt=\"\"></p>"
    }
  ,
    {
      "stack": "3-4-learn",
      "title": "4 steps to fix the problem",
      "type": "card",
      "subtype": "learn",
      "category": [],
      "contents": "<blockquote>\n<p>Step 1</p>\n<h1 id=\"talk-to-your-webmaster\">Talk to your webmaster</h1>\n</blockquote>\n<p>Contact a trusted person who can help with your website (your webmaster, the people who helped you set up your site, your internal staff if you have them and the company that hosts your site)."
    }
  ,
    {
      "stack": "3-4-learn",
      "title": "4 steps to fix the problem",
      "type": "card",
      "subtype": "learn",
      "category": [],
      "contents": "</p>\n<blockquote>\n<p>Step 2</p>\n<h1 id=\"change-your-domain-settings\">Change your domain settings</h1>\n</blockquote>\n<p>if you are trying to do this yourself....do this....find things here...\nWork with the company you bought your domain from (like EasyDNS, Network Solutions, GoDaddy). TALK ABOUT HOW TO FIND THIS..."
    }
  ,
    {
      "stack": "3-4-learn",
      "title": "4 steps to fix the problem",
      "type": "card",
      "subtype": "learn",
      "category": [],
      "contents": "for webmaster: and change the ‘Time to Live’ or TTL to 1 hour.\nThis can help you redirect your site much faster once it comes under attack (the default is 72 hours, or three days)."
    }
  ,
    {
      "stack": "3-4-learn",
      "title": "4 steps to fix the problem",
      "type": "card",
      "subtype": "learn",
      "category": [],
      "contents": "if you are trying to do this yourself: This setting will often be found in ‘advanced’ properties for your domain, sometimes part of the SRV or Service records."
    }
  ,
    {
      "stack": "3-4-learn",
      "title": "4 steps to fix the problem",
      "type": "card",
      "subtype": "learn",
      "category": [],
      "contents": "</p>\n<blockquote>\n<p>Step 3</p>\n<h1 id=\"use-a-ddos-migitation-service\">Use a DDoS Migitation service</h1>\n</blockquote>\n<p>Have your webmaster move your site to a DDoS mitigation service. Examples:\n-- [Deflect.ca]\n-- [Google’s Project Shield]\n-- [CloudFlare’s Project Galileo]"
    }
  ,
    {
      "stack": "3-4-learn",
      "title": "4 steps to fix the problem",
      "type": "card",
      "subtype": "learn",
      "category": [],
      "contents": "</p>\n<p>If you are doing this yourself...FIND A RESOURCE THAT EXPLAINS HOW TO DO THIS</p>\n<blockquote>\n<p>Step 4</p>\n<p>#Review your needs</p>\n</blockquote>\n<p>As soon as you have regained control, review your needs and decide between a secure hosting provider or simply continuing with your DDoS mitigation service</p>\n<p><img src=\"recap.png\" alt=\"\"></p>"
    }
  ,
    {
      "stack": "3-5-learn",
      "title": "Is your website defaced?",
      "type": "card",
      "subtype": "learn",
      "category": [],
      "contents": "<blockquote>\n<p>Step 1</p>\n<p>#Verify you website is defaced</p>\n</blockquote>\n<p> Verify that this is a malicious takeover of your website. An unfortunate but legal practice is to buy recently expired domain names to ‘take over’ the traffic they had for advertising purposes."
    }
  ,
    {
      "stack": "3-5-learn",
      "title": "Is your website defaced?",
      "type": "card",
      "subtype": "learn",
      "category": [],
      "contents": "To prevent this, it is very important to keep payments for your domain name in order."
    }
  ,
    {
      "stack": "3-5-learn",
      "title": "Is your website defaced?",
      "type": "card",
      "subtype": "learn",
      "category": [],
      "contents": "</p>\n<blockquote>\n<p>Step 2</p>\n<p>#Regain control of your website</p>\n</blockquote>\n<p>If your website has been defaced, first regain control of your website login account and reset its password, see the <a href=\"en/topics/practice-1-emergencies/2-account-hijacked/1-1-intro.md\">Account Hijacking</a> section for help."
    }
  ,
    {
      "stack": "3-5-learn",
      "title": "Is your website defaced?",
      "type": "card",
      "subtype": "learn",
      "category": [],
      "contents": "</p>\n<blockquote>\n<p>Step 3</p>\n<p>#Make a backup of the defaced website</p>\n</blockquote>\n<p>Make a backup of the defaced site that can later be used for investigation of the defacement."
    }
  ,
    {
      "stack": "3-5-learn",
      "title": "Is your website defaced?",
      "type": "card",
      "subtype": "learn",
      "category": [],
      "contents": "</p>\n<blockquote>\n<p>Step 4</p>\n<p>#Turn off your website</p>\n</blockquote>\n<p>Temporarily turn off your website – use a simple landing page or ‘parked’ page."
    }
  ,
    {
      "stack": "3-5-learn",
      "title": "Is your website defaced?",
      "type": "card",
      "subtype": "learn",
      "category": [],
      "contents": "</p>\n<blockquote>\n<p>Step 5</p>\n<p>#Determine how your site was hacked</p>\n</blockquote>\n<p>Determine how your site was hacked. Your hosting provider may be able to help."
    }
  ,
    {
      "stack": "3-5-learn",
      "title": "Is your website defaced?",
      "type": "card",
      "subtype": "learn",
      "category": [],
      "contents": "Common problems are older parts of your site with custom scripts/tools running on them, out of date content management systems, and custom programming with security flaws."
    }
  ,
    {
      "stack": "3-5-learn",
      "title": "Is your website defaced?",
      "type": "card",
      "subtype": "learn",
      "category": [],
      "contents": "</p>\n<blockquote>\n<p>Step 6</p>\n<p>#Restore your original website</p>\n</blockquote>\n<p>Restore your original from backups. If neither you, nor your hosting company have backups, you may have to re-build your website from scratch!"
    }
  ,
    {
      "stack": "3-5-learn",
      "title": "Is your website defaced?",
      "type": "card",
      "subtype": "learn",
      "category": [],
      "contents": "Also note that if your only backups are at your hosting provider, an attacker may be able to delete those when they take control of your site!"
    }
  ,
    {
      "stack": "3-5-learn",
      "title": "Is your website defaced?",
      "type": "card",
      "subtype": "learn",
      "category": [],
      "contents": "</p>\n<blockquote>\n<p>Step 7</p>\n<p>#Use a DDoS mitigation service</p>\n</blockquote>\n<p>Move to a DDoS Mitigation service or secure hosting provider. Deflect.ca can support you in protecting your site from online attacks. CloudFlare can also block many common attacks."
    }
  ,
    {
      "stack": "3-5-learn",
      "title": "Is your website defaced?",
      "type": "card",
      "subtype": "learn",
      "category": [],
      "contents": "Secure hosting providers such as VirtualRoad/Qurium go to great lengths to detect and prevent such attacks.</p>\n<p><img src=\"recap.png\" alt=\"\"></p>"
    }
  ,
    {
      "stack": "5-next",
      "title": "Next",
      "type": "card",
      "subtype": "next",
      "category": [],
      "contents": "<p> See also:</p>\n<ul>\n<li>Digital Defenders Partnership: <a href=\"https://www.digitaldefenders.org/digitalfirstaid/\">Digital First Aid Kit</a></li>\n<li>Jon Camfield: <a href=\"https://github.com/joncamfield/MyWebsiteIsDown\">My Website is Down</a></li>\n<li>Access Now: <a href=\"https://www.accessnow.org/defending-users-at-risk-from-ddos-attacks-an-evolving-challenge/\">Defending users at risk from DDoS attacks: An evolving challenge</a></li>\n</ul>"
    }
  ,
    {
      "stack": "4-test",
      "title": "Test",
      "type": "activity",
      "subtype": "test",
      "category": [],
      "contents": "<quiz name=\"Gitbook Quiz\">\n    <question multiple>\n        <p>What is gitbook used for?</p>\n        <answer correct>To read books</answer>\n        <answer>To book hotel named git</answer>\n        <answer correct>To write and publish beautiful books</answer>\n        <explanation>GitBook.com lets you write, publish and manage your books online as a service.</explanation>\n    </question>\n    <question>\n        <p>Is it quiz?</p>\n        <answer correct>Yes</answer>\n        <answer>No</answer>\n    </question>\n</quiz>"
    }
  ]
}
  