{
  "slug": "understand-2-security_0-getting-started",
  "type": "unit",
  "title": "Getting Started",
  "parentTitle": "Understand Security",
  "locale": "en",
  "categories": [],
  "updatedAt": "2016-06-01T16:54:40.891Z",
  "cards": [
    {
      "stack": "1-1-intro",
      "title": "Getting Started",
      "type": "card",
      "subtype": "intro",
      "category": [],
      "contents": "<p><img src=\"unit.png\" alt=\"\"></p>\n<p>Learn how to recognise and deal with the most common types of security concerns.</p>"
    }
  ,
    {
      "stack": "3-learn",
      "title": "Learn",
      "type": "card",
      "subtype": "learn",
      "category": [],
      "contents": "<p><img src=\"recap.png\" alt=\"\">\nAbout what is in the unit ...:</p>\n<ul>\n<li><a href=\"topics/practice-1-emergencies/1-seeking-help\">Unit description!</a>"
    }
  ,
    {
      "stack": "3-learn",
      "title": "Learn",
      "type": "card",
      "subtype": "learn",
      "category": [],
      "contents": "About what is in the next unit ...:</li>\n<li><a href=\"topics/practice-1-emergencies/1-seeking-help\">Next unit description!</a>"
    }
  ,
    {
      "stack": "3-learn",
      "title": "Learn",
      "type": "card",
      "subtype": "learn",
      "category": [],
      "contents": "</li>\n</ul>"
    }
  ,
    {
      "stack": "2-scenario",
      "title": "Scenario",
      "type": "card",
      "subtype": "scenario",
      "category": [],
      "contents": "<p>Scenario text...</p>\n<pre><code>Putting the reader in the situation where they&#39;re facing a problem.\nProposing an aim or aspiration. Motivate a way to adress the problem.\nWhat&#39;s the first/important obstacle to address the problem. (needs diagnostic, needs learning, needs tool,...)\nWhat are the risks?\n</code></pre>"
    }
  ,
    {
      "stack": "5-next",
      "title": "Next",
      "type": "card",
      "subtype": "next",
      "category": [],
      "contents": "<hr>\n<ul>\n<li>understand-2-security/0-getting-started</li>\n<li>internal-...</li>\n</ul>\n<hr>\n<p>To learn more about XXX, see also:</p>\n<ul>\n<li><a href=\"en/topics/_topic/_unit/index.md\">An external resource to study next</a></li>\n<li><a href=\"en/topics/_topic/_unit/index.md\">Another resource</a></li>\n<li>...</li>\n</ul>"
    }
  ]
}
  