{
  "slug": "practice-2-planning_1-threats",
  "type": "unit",
  "title": "Understanding Threats",
  "parentTitle": "Planning and Preparing",
  "locale": "en",
  "categories": [],
  "updatedAt": "2016-06-02T10:00:14.496Z",
  "cards": [
    {
      "stack": "1-1-intro",
      "title": "Threats",
      "type": "card",
      "subtype": "intro",
      "category": [],
      "contents": "<p>Learn about identifying and dealing with threats</p>"
    }
  ,
    {
      "stack": "2-scenario",
      "title": "Scenario",
      "type": "card",
      "subtype": "scenario",
      "category": [],
      "contents": "<p>Scenario text...</p>"
    }
  ,
    {
      "stack": "3-1-learn",
      "title": "What are threats?",
      "type": "card",
      "subtype": "learn",
      "category": [],
      "contents": "<p>A threat is something bad that can happen to an asset. There are numerous ways that an adversary can threaten your data."
    }
  ,
    {
      "stack": "3-1-learn",
      "title": "What are threats?",
      "type": "card",
      "subtype": "learn",
      "category": [],
      "contents": "For example, an adversary can read your private communications as they pass through the network, or they can delete or corrupt your data. An adversary could also disable your access to your own data."
    }
  ,
    {
      "stack": "3-1-learn",
      "title": "What are threats?",
      "type": "card",
      "subtype": "learn",
      "category": [],
      "contents": "There is no single solution for keeping yourself safe online. Digital security isn’t about which tools you use; rather, it’s about understanding the threats you face and how you can counter those threats."
    }
  ,
    {
      "stack": "3-1-learn",
      "title": "What are threats?",
      "type": "card",
      "subtype": "learn",
      "category": [],
      "contents": "To become more secure, you must determine what you need to protect, and whom you need to protect it from. Threats can change depending on where you’re located, what you’re doing, and whom you’re working with."
    }
  ,
    {
      "stack": "3-1-learn",
      "title": "What are threats?",
      "type": "card",
      "subtype": "learn",
      "category": [],
      "contents": "In order to determine what solutions will be best for you, you should conduct a threat modeling assessment.</p>"
    }
  ,
    {
      "stack": "3-2-learn",
      "title": "Five steps to Conducting a threat assessment",
      "type": "card",
      "subtype": "learn",
      "category": [],
      "contents": "<blockquote>\n<p>Step 1.</p>\n<h1 id=\"what-do-you-want-to-protect-\">What do you want to protect?</h1>\n</blockquote>\n<p>An asset is something you value and want to protect. When we are talking about digital security, the assets in question are usually information."
    }
  ,
    {
      "stack": "3-2-learn",
      "title": "Five steps to Conducting a threat assessment",
      "type": "card",
      "subtype": "learn",
      "category": [],
      "contents": "For example, your emails, contact lists, instant messages, and files are all assets. Your devices are also assets."
    }
  ,
    {
      "stack": "3-2-learn",
      "title": "Five steps to Conducting a threat assessment",
      "type": "card",
      "subtype": "learn",
      "category": [],
      "contents": "Write down a list of data that you keep, where it’s kept, who has access to it, and what stops others from accessing it."
    }
  ,
    {
      "stack": "3-2-learn",
      "title": "Five steps to Conducting a threat assessment",
      "type": "card",
      "subtype": "learn",
      "category": [],
      "contents": "</p>\n<blockquote>\n<p>Step 2.</p>\n<h1 id=\"who-do-you-want-to-protect-it-from-\">Who do you want to protect it from?</h1>\n</blockquote>\n<p>It’s important to understand who might want to target you or your information, or who is your adversary. An adversary is any person or entity that poses a threat against an asset or assets."
    }
  ,
    {
      "stack": "3-2-learn",
      "title": "Five steps to Conducting a threat assessment",
      "type": "card",
      "subtype": "learn",
      "category": [],
      "contents": "Examples of potential adversaries are your boss, your government, or a hacker on a public network."
    }
  ,
    {
      "stack": "3-2-learn",
      "title": "Five steps to Conducting a threat assessment",
      "type": "card",
      "subtype": "learn",
      "category": [],
      "contents": "Make a list of who might want to get ahold of your data or communications. It might be an individual, a government agency, or a corporation."
    }
  ,
    {
      "stack": "3-2-learn",
      "title": "Five steps to Conducting a threat assessment",
      "type": "card",
      "subtype": "learn",
      "category": [],
      "contents": "</p>\n<blockquote>\n<p>Step 3</p>\n<h1 id=\"how-likely-is-it-that-you-will-need-to-protect-it-\">How likely is it that you will need to protect it?</h1>\n</blockquote>\n<p>A final thing to consider is risk. Risk is the likelihood that a particular threat against a particular asset will actually occur, and goes hand-in-hand with capability."
    }
  ,
    {
      "stack": "3-2-learn",
      "title": "Five steps to Conducting a threat assessment",
      "type": "card",
      "subtype": "learn",
      "category": [],
      "contents": "While your mobile phone provider has the capability to access all of your data, the risk of them posting your private data online to harm your reputation is low."
    }
  ,
    {
      "stack": "3-2-learn",
      "title": "Five steps to Conducting a threat assessment",
      "type": "card",
      "subtype": "learn",
      "category": [],
      "contents": "It is important to distinguish between threats and risks. While a threat is a bad thing that can happen, risk is the likelihood that the threat will occur."
    }
  ,
    {
      "stack": "3-2-learn",
      "title": "Five steps to Conducting a threat assessment",
      "type": "card",
      "subtype": "learn",
      "category": [],
      "contents": "For instance, there is a threat that your building might collapse, but the risk of this happening is far greater in San Francisco (where earthquakes are common) than in Stockholm (where they are not)."
    }
  ,
    {
      "stack": "3-2-learn",
      "title": "Five steps to Conducting a threat assessment",
      "type": "card",
      "subtype": "learn",
      "category": [],
      "contents": "<a href=\"en/topics/practice-2-planning/2-assess-risk/1-1-intro.md\">Conducting a risk analysis</a> is both a personal and a subjective process; not everyone has the same priorities or views threats in the same way."
    }
  ,
    {
      "stack": "3-2-learn",
      "title": "Five steps to Conducting a threat assessment",
      "type": "card",
      "subtype": "learn",
      "category": [],
      "contents": "Many people find certain threats unacceptable no matter what the risk, because the mere presence of the threat at any likelihood is not worth the cost."
    }
  ,
    {
      "stack": "3-2-learn",
      "title": "Five steps to Conducting a threat assessment",
      "type": "card",
      "subtype": "learn",
      "category": [],
      "contents": "In other cases, people disregard high risks because they don&#39;t view the threat as a problem."
    }
  ,
    {
      "stack": "3-2-learn",
      "title": "Five steps to Conducting a threat assessment",
      "type": "card",
      "subtype": "learn",
      "category": [],
      "contents": "In a military context, for example, it might be preferable for an asset to be destroyed than for it to fall into enemy hands. Conversely, in many civilian contexts, it&#39;s more important for an asset such as email service to be available than confidential.</p>\n<blockquote>\n<p>Step 4</p>\n<h1 id=\"how-bad-are-the-consequences-if-you-fail-\">How bad are the consequences if you fail?</h1>\n</blockquote>\n<p>The motives of adversaries differ widely, as do their attacks."
    }
  ,
    {
      "stack": "3-2-learn",
      "title": "Five steps to Conducting a threat assessment",
      "type": "card",
      "subtype": "learn",
      "category": [],
      "contents": "A government trying to prevent the spread of a video showing police violence may be content to simply delete or reduce the availability of that video. Whereas a political opponent may wish to gain access to secret content and publish it without you knowing."
    }
  ,
    {
      "stack": "3-2-learn",
      "title": "Five steps to Conducting a threat assessment",
      "type": "card",
      "subtype": "learn",
      "category": [],
      "contents": "Write down what your adversary might want to do with your private data."
    }
  ,
    {
      "stack": "3-2-learn",
      "title": "Five steps to Conducting a threat assessment",
      "type": "card",
      "subtype": "learn",
      "category": [],
      "contents": "The capability of your attacker is also an important thing to think about. For example, your mobile phone provider has access to all of your phone records and therefore has the capability to use that data against you."
    }
  ,
    {
      "stack": "3-2-learn",
      "title": "Five steps to Conducting a threat assessment",
      "type": "card",
      "subtype": "learn",
      "category": [],
      "contents": "A hacker on an open Wi-Fi network can access your unencrypted communications. Your government might have stronger capabilities.</p>\n<blockquote>\n<p>Step 5</p>\n<h1 id=\"how-much-trouble-are-you-willing-to-go-through-in-order-to-try-to-prevent-those-\">How much trouble are you willing to go through in order to try to prevent those?</h1>\n</blockquote>\n<p>Based on the results of your risk analysis, you will be able to better determine how much trouble you will need to go through in order to prevent a threat from causing damage."
    }
  ,
    {
      "stack": "3-2-learn",
      "title": "Five steps to Conducting a threat assessment",
      "type": "card",
      "subtype": "learn",
      "category": [],
      "contents": "Make sure to include responses to threats in your <a href=\"en/topics/practice-2-planning/4-emergency-plan/1-1-intro.md\">emergency plan.</a></p>"
    }
  ,
    {
      "stack": "5-next",
      "title": "Next",
      "type": "card",
      "subtype": "next",
      "category": [],
      "contents": "<p>See also:</p>\n<ul>\n<li>Electronic Frontier Foundation: <a href=\"https://ssd.eff.org/en/module/introduction-threat-modeling\">Surveillance Self-Defense</a></li>\n</ul>"
    }
  ,
    {
      "stack": "4-test",
      "title": "Test",
      "type": "activity",
      "subtype": "test",
      "category": [],
      "contents": "<p>If you want to keep your house and possessions safe, here are a few questions you might ask:</p>\n<p>-Should I lock my door?\n-What kind of lock or locks should I invest in?\n-Do I need a more advanced security system?\n-What are the assets in this scenario?\n  -The privacy of my home\n  -The items inside my home\n-What is the threat?\n  -Someone could break in.\n  -What is the actual risk of someone breaking in? Is it likely?"
    }
  ,
    {
      "stack": "4-test",
      "title": "Test",
      "type": "activity",
      "subtype": "test",
      "category": [],
      "contents": "Once you have asked yourself these questions, you are in a position to assess what measures to take. If your possessions are valuable, but the risk of a break-in is low, then you probably won’t want to invest too much money in a lock. On the other hand, if the risk is high, you’ll want to get the best locks on the market, and perhaps even add a security system.</p>"
    }
  ]
}
  