{
  "slug": "tool-2-signal_2-voice",
  "type": "unit",
  "title": "How to have voice calls?",
  "parentTitle": "Using Signal",
  "locale": "en",
  "categories": [
       "platform:android"
      , "platform:android"
      , "protect:content"
      , "protect:content"],
  "updatedAt": "2016-07-01T14:55:25.676Z",
  "cards": [
    {
      "stack": "1-1-intro",
      "title": "How to make calls?",
      "unit": "2-voice",
      "images": [],
      "type": "card",
      "subtype": "intro",
      "category": [],
      "contents": "<p>Learn how to make and take a call using Signal</p>"
    }
  ,
    {
      "stack": "1-2-takeaways",
      "title": "Learn how to",
      "unit": "2-voice",
      "images": [],
      "type": "card",
      "subtype": "takeaways",
      "category": [],
      "contents": "<ul>\n<li><a href=\"en/topics/tool-2-signal/2-voice/3-1-howto-android-content.md\">Make a call</a></li>\n<li><a href=\"en/topics/tool-2-signal/2-voice/3-2-howto-android-content.md\">Take a call</a></li>\n</ul>"
    }
  ,
    {
      "stack": "3-1-howto-android-content",
      "title": "Making a call",
      "unit": "2-voice",
      "images": [],
      "type": "howto",
      "subtype": "howto",
      "category": [
           "platform:android"
          , "protect:content"],
      "contents": "<h1 id=\"tap-on-a-contact\">Tap on a contact</h1>\n<p>Tap on a contact. If they have Signal there will be a padlock on the top right of the screen."
    }
  ,
    {
      "stack": "3-1-howto-android-content",
      "title": "Making a call",
      "unit": "2-voice",
      "images": [],
      "type": "howto",
      "subtype": "howto",
      "category": [
           "platform:android"
          , "protect:content"],
      "contents": "</p>\n<h1 id=\"call-your-contact-\">Call your contact.</h1>\n<p>When your contact answers you&#39;ll see two words."
    }
  ,
    {
      "stack": "3-1-howto-android-content",
      "title": "Making a call",
      "unit": "2-voice",
      "images": [],
      "type": "howto",
      "subtype": "howto",
      "category": [
           "platform:android"
          , "protect:content"],
      "contents": "</p>\n<h1 id=\"verify-caller-s-identity\">Verify caller&#39;s identity</h1>\n<p>Say one word to your friend and ask them to say the other word. This makes sure you are both who you say you are."
    }
  ,
    {
      "stack": "3-1-howto-android-content",
      "title": "Making a call",
      "unit": "2-voice",
      "images": [],
      "type": "howto",
      "subtype": "howto",
      "category": [
           "platform:android"
          , "protect:content"],
      "contents": "<img src=\"signal-and-en-v02-020.png\" alt=\"\"></p>"
    }
  ,
    {
      "stack": "3-2-howto-android-content",
      "title": "To take a call",
      "unit": "2-voice",
      "images": [],
      "type": "howto",
      "subtype": "howto",
      "category": [
           "platform:android"
          , "protect:content"],
      "contents": "<h1 id=\"call-alert\">Call alert</h1>\n<p>When you get a signal call, you&#39;ll see on your screen &quot;SIGNAL CALL&quot;"
    }
  ,
    {
      "stack": "3-2-howto-android-content",
      "title": "To take a call",
      "unit": "2-voice",
      "images": [],
      "type": "howto",
      "subtype": "howto",
      "category": [
           "platform:android"
          , "protect:content"],
      "contents": "</p>\n<h1 id=\"caller-verification\">Caller verification</h1>\n<p>When you answer you&#39;ll see two words. Say one word to your friend and ask them to say the other world. This makes sure you are both who you say you are."
    }
  ,
    {
      "stack": "3-2-howto-android-content",
      "title": "To take a call",
      "unit": "2-voice",
      "images": [],
      "type": "howto",
      "subtype": "howto",
      "category": [
           "platform:android"
          , "protect:content"],
      "contents": "<img src=\"signal-and-en-v02-022.png\" alt=\"\"></p>"
    }
  ,
    {
      "stack": "5-next",
      "title": "Next",
      "unit": "2-voice",
      "images": [],
      "type": "card",
      "subtype": "next",
      "category": [],
      "contents": "<p>If you found this useful, you might be interested in reading the following units:</p>\n<ul>\n<li><a href=\"en/topics/tool-2-signal/0-getting-started/4-howto-install.md\">Install Signal on your smart phone and encrypting messages</a></li>\n<li><a href=\"en/topics/tool-2-signal/1-messaging/1-intro.md\">Send encrypted messages to other Signal users via SMS or the internet (MMS).</a></li>\n</ul>"
    }
  ]
}
  