{
  "slug": "tool-2-signal_2-voice",
  "type": "unit",
  "title": "How to have voice calls?",
  "parentTitle": "Using Signal",
  "locale": "en",
  "categories": [
       "platform:android"
      , "protect:content"],
  "updatedAt": "2016-05-10T08:40:00.219Z",
  "cards": [
    {
      "stack": "1-intro",
      "title": "How to make calls?",
      "type": "card",
      "subtype": "intro",
      "category": [],
      "contents": "<ul>\n<li>Make a call</li>\n<li>Take a call</li>\n<li>Verifying the call</li>\n</ul>\n<p><a href=\"resources/risk-assessment.md\">Learn more about risk types and levels</a></p>"
    }
  ,
    {
      "stack": "2-scenario",
      "title": "Scenario",
      "type": "card",
      "subtype": "scenario",
      "category": [],
      "contents": "<p>Scenario text...</p>"
    }
  ,
    {
      "stack": "3-howto-android-content",
      "title": "How-to",
      "type": "howto",
      "subtype": "howto",
      "category": [
           "platform:android"
          , "protect:content"],
      "contents": "<p>Make a call</p>\n<p>Tap on a contact. If they have Signal there will be a padlock on the top right of the screen.</p>\n<p>Call your contact. \nWhen your contact answers you&#39;ll see two words.\nSay one word to your friend and ask them to say the other word. \nThis makes sure you are both who you say you are.</p>\n<p><img src=\"10s.png\" alt=\"10s.png\"></p>\n<p>Take a call</p>\n<p>When you get a signal call, you&#39;ll see on your screen &quot;SIGNAL CALL&quot;</p>\n<p>When you answer you&#39;ll see two words. \nSay one word to your friend and ask them to say the other world. \nThis makes sure you are both who you say you are.</p>\n<p><img src=\"11s.png\" alt=\"11s.png\"></p>"
    }
  ]
}
  