{
  "slug": "practice-2-planning_0-getting-started",
  "type": "unit",
  "title": "Getting Started",
  "parentTitle": "Planning and Preparing",
  "locale": "en",
  "categories": [],
  "updatedAt": "2016-06-14T13:31:34.831Z",
  "cards": [
    {
      "stack": "1-1-intro",
      "title": "Introduction",
      "type": "card",
      "subtype": "intro",
      "category": [],
      "contents": "<p>Learn to identity threats and risks you may face as a journalist or human rights defender.</p>"
    }
  ,
    {
      "stack": "2-scenario",
      "title": "Scenario",
      "type": "card",
      "subtype": "scenario",
      "category": [],
      "contents": "<p>Brenda is planning a new project and needs to complete a threat and risk assessment. Before she can, she needs to know the difference between risks and threats and also how to identify them."
    }
  ,
    {
      "stack": "2-scenario",
      "title": "Scenario",
      "type": "card",
      "subtype": "scenario",
      "category": [],
      "contents": "If she doesn&#39;t, she knows that she exposes herself to unnecessary and avoidable harm. She needs to know so she can start the project soon.</p>"
    }
  ,
    {
      "stack": "3-learn",
      "title": "Choose the right lesson",
      "type": "card",
      "subtype": "learn",
      "category": [],
      "contents": "<p>This section aims to providing preliminary support for identifying threats and assessing risk you might face as a journalist or human rights defender. This section is by no means all encompassing; threat and risk assessment are complex and very context dependent."
    }
  ,
    {
      "stack": "3-learn",
      "title": "Choose the right lesson",
      "type": "card",
      "subtype": "learn",
      "category": [],
      "contents": "However, we try providing an introduction to themes and things to consider. This section provides extensive links to additional resources where you can learn more about the topic.</p>\n<p>Interested in learning about what threats are and how they impact your work? Read the Understanding Threats lesson:</p>\n<ul>\n<li><a href=\"en/topics/practice-2-planning/1-threats/1-1-intro.md\">Understanding threats lesson</a></li>\n</ul>\n<p>Want to see how possible events can result in harm, and know the right measures to take in order to be more secure? Read the Assessing Security Risks lesson:</p>\n<ul>\n<li><a href=\"en/topics/practice-2-planning/2-assess-risk/1-1-intro.md\">Assessing Security Risks</a></li>\n</ul>\n<p>Not sure how to turn risk assessment and threat model into real action? Check out the Emergency Plan lesson:</p>\n<ul>\n<li><a href=\"en/topics/practice-2-planning/4-emergency-plan/1-1-intro.md\">Emergency Plan</a></li>\n</ul>"
    }
  ,
    {
      "stack": "5-next",
      "title": "Next",
      "type": "card",
      "subtype": "next",
      "category": [],
      "contents": "<hr>\n<ul>\n<li>en/topics/understand-2-security/0-getting-started: Dig deeper on various aspects of security</li>\n<li>en/topics/understand-3-opsec/0-getting-started: Find out about what operational security or opsec means</li>\n<li>en/topics/understand-4-digisec/0-getting-started: Learn more about important concepts of digital security</li>\n</ul>\n<hr>\n<p>To learn more about dealing with emergencies, see also:</p>\n<ul>\n<li>Digital Defenders Partnership: <a href=\"https://www.digitaldefenders.org/digitalfirstaid/\">Digital First Aid Kit</a></li>\n<li>Tactical Technology Collective: <a href=\"https://securityinabox.org/en/\">Security in a Box</a></li>\n</ul>"
    }
  ]
}
  