{
  "slug": "understand-2-security_0-getting-started",
  "type": "unit",
  "title": "Getting Started",
  "parentTitle": "Understand Security",
  "locale": "en",
  "categories": [],
  "updatedAt": "2016-07-01T17:10:09.861Z",
  "cards": [
    {
      "stack": "1-1-intro",
      "title": "Getting Started",
      "unit": "0-getting-started",
      "images": [],
      "type": "card",
      "subtype": "intro",
      "category": [],
      "contents": "<p>Learn how to recognise and deal with the most common types of security concerns.</p>"
    }
  ,
    {
      "stack": "1-2-takeaways",
      "title": "Learn how to",
      "unit": "0-getting-started",
      "images": [],
      "type": "card",
      "subtype": "takeaways",
      "category": [],
      "contents": "<p>Key takeaways from this topic include lessons on the following:</p>\n<ul>\n<li><a href=\"en/topics/understand-2-security/1-your-security/1-intro.md\">Your security</a></li>\n<li><a href=\"en/topics/understand-2-security/2-your-well-being/1-intro.md\">Your well-being</a></li>\n<li><a href=\"en/topics/understand-2-security/3-your-mission-hrd/1-intro.md\">Your mission</a></li>\n<li><a href=\"en/topics/understand-2-security/3-your-story-journo/1-intro.md\">Your story</a></li>\n<li><a href=\"en/topics/understand-2-security/4-your-sources-journo/1-intro.md\">Your sources</a></li>\n<li><a href=\"en/topics/understand-2-security/5-your-colleagues/1-intro.md\">Your colleagues</a></li>\n</ul>"
    }
  ,
    {
      "stack": "2-scenario",
      "title": "Scenario",
      "unit": "0-getting-started",
      "images": [],
      "type": "card",
      "subtype": "scenario",
      "category": [],
      "contents": "<p>Scenario text...</p>\n<pre><code>Putting the reader in the situation where they&#39;re facing a problem.\nProposing an aim or aspiration. Motivate a way to adress the problem.\nWhat&#39;s the first/important obstacle to address the problem. (needs diagnostic, needs learning, needs tool,...)\nWhat are the risks?\n</code></pre>"
    }
  ,
    {
      "stack": "3-learn",
      "title": "Choosing the right lesson",
      "unit": "0-getting-started",
      "images": [],
      "type": "card",
      "subtype": "learn",
      "category": [],
      "contents": "<p>To minimise potential risks, it is important to always prepare a security assessment. Learn how to do so in the Your Security lesson.</p>\n<ul>\n<li><a href=\"en/topics/understand-2-security/1-your-security/1-intro.md\">Your Security</a></li>\n</ul>\n<p>If you are not taking care of yourself, it becomes impossible to do your important work.  Learn how to be aware and deal with stress, trauma, and emotional care in the Well-Being lesson.</p>\n<ul>\n<li><a href=\"en/topics/understand-2-security/2-your-well-being/1-intro.md\">Well-Being</a>.</li>\n</ul>\n<p>Protecting your sources is one of the core responsibilities of a journalist. To learn how to do so and what things to keep in mind, read the Your Sources lesson.</p>\n<ul>\n<li><a href=\"en/topics/understand-2-security/4-your-sources-journo/1-intro.md\">Your sources</a></li>\n</ul>\n<p>What kind of information you should share, and how to talk about security issues with your colleagues is explained in the ¥our Colleagues lesson.</p>\n<ul>\n<li><p><a href=\"en/topics/understand-2-security/5-your-colleagues/1-intro.md\">Your colleagues</a></p>\n</li>\n<li><p><a href=\"en/topics/understand-2-security/3-your-mission-hrd/1-intro.md\">Your mission</a></p>\n</li>\n<li><a href=\"en/topics/understand-2-security/3-your-story-journo/1-intro.md\">Your story</a></li>\n</ul>"
    }
  ,
    {
      "stack": "5-next",
      "title": "Next",
      "unit": "0-getting-started",
      "images": [],
      "type": "card",
      "subtype": "next",
      "category": [],
      "contents": "<hr>\n<ul>\n<li>understand-2-security/0-getting-started</li>\n<li>internal-...</li>\n</ul>\n<hr>\n<p>To learn more about XXX, see also:</p>\n<ul>\n<li><a href=\"en/topics/_topic/_unit/index.md\">An external resource to study next</a></li>\n<li><a href=\"en/topics/_topic/_unit/index.md\">Another resource</a></li>\n<li>...</li>\n</ul>"
    }
  ]
}
  