{
  "slug": "practice-1-emergencies_6-after",
  "type": "unit",
  "title": "After an Emergency",
  "parentTitle": "Dealing with Emergencies",
  "locale": "en",
  "categories": [],
  "updatedAt": "2016-06-02T09:34:11.226Z",
  "cards": [
    {
      "stack": "1-1-intro",
      "title": "Introduction",
      "type": "card",
      "subtype": "intro",
      "category": [],
      "contents": "<p><img src=\"unit.png\" alt=\"\">\nSteps to take after an emergency has taken place.</p>"
    }
  ,
    {
      "stack": "2-scenario",
      "title": "Scenario",
      "type": "card",
      "subtype": "scenario",
      "category": [],
      "contents": "<p>Isaac and Brenda had their office raided. They are in need of emergency funding to get their website running and new devices, and don&#39;t know who to ask.</p>\n<p><img src=\"scenario.png\" alt=\"\">"
    }
  ,
    {
      "stack": "2-scenario",
      "title": "Scenario",
      "type": "card",
      "subtype": "scenario",
      "category": [],
      "contents": "Brenda suggests they re-evaluate their emergency and security procedures. If they don&#39;t, she fears they might have the same problems again.</p>\n<p><img src=\"scenario.png\" alt=\"\"></p>"
    }
  ,
    {
      "stack": "3-1-learn",
      "title": "Revising emergency plans",
      "type": "card",
      "subtype": "learn",
      "category": [],
      "contents": "<p>Now is a good time to go back to your emergency and security plans to see what worked and what did not."
    }
  ,
    {
      "stack": "3-1-learn",
      "title": "Revising emergency plans",
      "type": "card",
      "subtype": "learn",
      "category": [],
      "contents": "When necessary, this is a good time to try to improve your organisational procedures (e.g. procedures when on a mission or when organising a training)."
    }
  ,
    {
      "stack": "3-1-learn",
      "title": "Revising emergency plans",
      "type": "card",
      "subtype": "learn",
      "category": [],
      "contents": "Think about the best way to either respond or not to potential emergencies in all stages of an event or activity (e.g. in terms of preparation, implementation, and after an activity has ended).</p>\n<p><img src=\"recap.png\" alt=\"\"></p>"
    }
  ,
    {
      "stack": "3-2-learn",
      "title": "Emergency funding",
      "type": "card",
      "subtype": "learn",
      "category": [],
      "contents": "<p>Some organisations offer funding to individuals or groups who have encountered an emergency as a result of their journalism or human rights work."
    }
  ,
    {
      "stack": "3-2-learn",
      "title": "Emergency funding",
      "type": "card",
      "subtype": "learn",
      "category": [],
      "contents": "If you are in need of emergency funding, consider reaching out to <a href=\"https://www.frontlinedefenders.org/en\">Frontline Defenders</a>, <a href=\"https://www.digitaldefenders.org/\">Digital Defenders Partnership</a>, <a href=\"https://rsf.org/en\">Reporters without Borders</a>, the <a href=\"https://www.opentech.fund/\">Open Technology Fund</a>, or <a href=\"www.pen-international.org/\">Pen International</a>.</p>"
    }
  ,
    {
      "stack": "3-3-learn",
      "title": "Traumatic stress",
      "type": "card",
      "subtype": "learn",
      "category": [],
      "contents": "<p>Journalists and human rights defenders do difficult and challenging work, and see a good deal of human misery. We may even be fearful for our lives at times."
    }
  ,
    {
      "stack": "3-3-learn",
      "title": "Traumatic stress",
      "type": "card",
      "subtype": "learn",
      "category": [],
      "contents": "It is therefore important to know how to react following a traumatic event, and how to recognise the symptoms of traumatic stress."
    }
  ,
    {
      "stack": "3-3-learn",
      "title": "Traumatic stress",
      "type": "card",
      "subtype": "learn",
      "category": [],
      "contents": "Traumatic Stress is a normal reaction to an abnormal situation. It&#39;s very possible that after an emergency, you or your colleagues may be suffering from traumatic stress."
    }
  ,
    {
      "stack": "3-3-learn",
      "title": "Traumatic stress",
      "type": "card",
      "subtype": "learn",
      "category": [],
      "contents": "To learn about what traumatic stress is, how it affects you, and how to deal with it, refer to the <a href=\"en/topics/understand-2-security/2-your-well-being/index.html\">Your Well-Being</a> unit presented elsewhere in this tool.</p>\n<p><img src=\"recap.png\" alt=\"\"></p>"
    }
  ,
    {
      "stack": "4-test",
      "title": "Test",
      "type": "activity",
      "subtype": "test",
      "category": [],
      "contents": "<quiz name=\"Gitbook Quiz\">\n    <question multiple>\n        <p>What is gitbook used for?</p>\n        <answer correct>To read books</answer>\n        <answer>To book hotel named git</answer>\n        <answer correct>To write and publish beautiful books</answer>\n        <explanation>GitBook.com lets you write, publish and manage your books online as a service.</explanation>\n    </question>\n    <question>\n        <p>Is it quiz?</p>\n        <answer correct>Yes</answer>\n        <answer>No</answer>\n    </question>\n</quiz>"
    }
  ,
    {
      "stack": "5-next",
      "title": "Next steps",
      "type": "card",
      "subtype": "next",
      "category": [],
      "contents": "<ul>\n<li><a href=\"en/topics/understand-2-security/2-your-well-being/3-learn.md\">Chronic stress</a></li>\n<li><a href=\"en/topics/understand-2-security/2-your-well-being/3-3-learn.md\">Traumatic stress</a></li>\n<li><a href=\"en/topics/understand-2-security/2-your-well-being/3-6-learn.md\">Post-traumatic stress</a></li>\n<li><a href=\"en/topics/practice-2-planning/4-emergency-plan/1-1-intro.md\">Making and emergency plan</a></li>\n</ul>\n<p>See also:</p>\n<ul>\n<li><a href=\"https://protectioninternational.org/publications-protection-manual-for-human-rights-defenders/\">Protection International: Protection Manual for Human Rights Defenders</a></li>\n</ul>"
    }
  ]
}
  