{
  "slug": "practice-1-emergencies_6-after",
  "type": "unit",
  "title": "After an Emergency",
  "parentTitle": "Dealing with Emergencies",
  "locale": "en",
  "categories": [],
  "updatedAt": "2016-05-23T20:33:52.284Z",
  "cards": [
    {
      "stack": "1-1-intro",
      "title": "Introduction",
      "type": "card",
      "subtype": "intro",
      "category": [],
      "contents": "<p><img src=\"unit.png\" alt=\"\">"
    }
  ,
    {
      "stack": "1-1-intro",
      "title": "Introduction",
      "type": "card",
      "subtype": "intro",
      "category": [],
      "contents": "Journalists and human rights defenders do difficult and challenging work, and see a good deal of human misery. We may even be fearful for our lives at times."
    }
  ,
    {
      "stack": "1-1-intro",
      "title": "Introduction",
      "type": "card",
      "subtype": "intro",
      "category": [],
      "contents": "It is therefore imprint to know how to react following a traumatic event, and how to recognise the symptoms of traumatic stress."
    }
  ,
    {
      "stack": "1-1-intro",
      "title": "Introduction",
      "type": "card",
      "subtype": "intro",
      "category": [],
      "contents": "This section describe what to do after an emergency takes place.</p>"
    }
  ,
    {
      "stack": "3-1-learn",
      "title": "Learn",
      "type": "card",
      "subtype": "learn",
      "category": [],
      "contents": "<p>##Emergency funding\nSome organisations offer funding to individuals or organisations who have encountered an emergency as a result of their journlaism or human rights related work."
    }
  ,
    {
      "stack": "3-1-learn",
      "title": "Learn",
      "type": "card",
      "subtype": "learn",
      "category": [],
      "contents": "If you are in need of emergency funding, consider reaching out to <a href=\"https://www.frontlinedefenders.org/en\">Frontline Defenders</a>, <a href=\"https://www.digitaldefenders.org/\">Digital Defenders Partnership</a>, <a href=\"https://rsf.org/en\">Reporters without Borders</a>, the <a href=\"https://www.opentech.fund/\">Open Technology Fund</a>, or <a href=\"www.pen-international.org/\">Pen International</a>."
    }
  ,
    {
      "stack": "3-1-learn",
      "title": "Learn",
      "type": "card",
      "subtype": "learn",
      "category": [],
      "contents": "</p>"
    }
  ,
    {
      "stack": "2-scenario",
      "title": "Scenario",
      "type": "card",
      "subtype": "scenario",
      "category": [],
      "contents": "<p>Scenario text...\n<img src=\"scenario.png\" alt=\"\">"
    }
  ,
    {
      "stack": "2-scenario",
      "title": "Scenario",
      "type": "card",
      "subtype": "scenario",
      "category": [],
      "contents": "<img src=\"scenario.png\" alt=\"\"></p>"
    }
  ,
    {
      "stack": "3-2-learn",
      "title": "Learn",
      "type": "card",
      "subtype": "learn",
      "category": [],
      "contents": "<p>##Traumatic Stress\nTraumatic Stress is a normal reaction to an abnormal situation. It&#39;s very possible that after an emergency, you or your colleagues may be suffering from traumatic stress."
    }
  ,
    {
      "stack": "3-2-learn",
      "title": "Learn",
      "type": "card",
      "subtype": "learn",
      "category": [],
      "contents": "To learn about what traumatic stress is, how traumatic stress affects you, and how to deal with traumatic stress, refer to the <a href=\"en/topics/understand-2-security/2-your-well-being/index.html\">Your Well-Being</a> unit presented elsewhere in this tool.</p>"
    }
  ,
    {
      "stack": "3-learn",
      "title": "Learn",
      "type": "card",
      "subtype": "learn",
      "category": [],
      "contents": "<p>After an emergency has happened, it&#39;s a good time to go back to your emergency and security plans to see what worked and what did not."
    }
  ,
    {
      "stack": "3-learn",
      "title": "Learn",
      "type": "card",
      "subtype": "learn",
      "category": [],
      "contents": "When necessary, this would be a good time to try to improve your organisational procedures (e.g. procedures when on a mission or when organising a training.), determining the best practice of how to respond to an emergency or not."
    }
  ,
    {
      "stack": "3-learn",
      "title": "Learn",
      "type": "card",
      "subtype": "learn",
      "category": [],
      "contents": "This should be considered for all stages of an event or activity - in terms of preparation the implementation of an activity, and when an activity has ended."
    }
  ,
    {
      "stack": "3-learn",
      "title": "Learn",
      "type": "card",
      "subtype": "learn",
      "category": [],
      "contents": "For more information on what to do after an emergency has happened, you might find Protection International&#39;s <a href=\"https://protectioninternational.org/publications-protection-manual-for-human-rights-defenders/\">Protection Manual for Human Rights Defenders</a> useful.</p>"
    }
  ,
    {
      "stack": "4-test",
      "title": "Test",
      "type": "activity",
      "subtype": "test",
      "category": [],
      "contents": "<quiz name=\"Gitbook Quiz\">\n    <question multiple>\n        <p>What is gitbook used for?</p>\n        <answer correct>To read books</answer>\n        <answer>To book hotel named git</answer>\n        <answer correct>To write and publish beautiful books</answer>\n        <explanation>GitBook.com lets you write, publish and manage your books online as a service.</explanation>\n    </question>\n    <question>\n        <p>Is it quiz?</p>\n        <answer correct>Yes</answer>\n        <answer>No</answer>\n    </question>\n</quiz>"
    }
  ,
    {
      "stack": "5-next",
      "title": "Next",
      "type": "card",
      "subtype": "next",
      "category": [],
      "contents": "<p>If you found this useful, you might be interested in the following sections:</p>\n<ul>\n<li><a href=\"topics/practice-1-emergencies/1-seeking-help\">How to get help!</a> (Read this section first on how to communicate securely with others, and <em>where you can get help</em>)</li>\n<li><a href=\"topics/practice-1-emergencies/2-account-hijacked\">Has your account been hijacked?</a> (Are you locked out of your account? Seeing unusual activity?)"
    }
  ,
    {
      "stack": "5-next",
      "title": "Next",
      "type": "card",
      "subtype": "next",
      "category": [],
      "contents": "</li>\n<li><a href=\"topics/practice-1-emergencies/3-devices-seized.md\">Has your phone or laptop been taken from you?</a> (Was it taken out of your sight at a security checkpoint? Stolen/siezed? Has it been returned?)</li>\n<li><a href=\"topics/practice-1-emergencies/4-malware.md\">Does your computer have malware?</a> (Is your computer acting suspicious?)</li>\n<li><a href=\"topics/practice-1-emergencies/ddos.md\">Is your website under attack?</a> (Is your site down? Has it been defaced?)"
    }
  ,
    {
      "stack": "5-next",
      "title": "Next",
      "type": "card",
      "subtype": "next",
      "category": [],
      "contents": "See also:<ul>\n<li><a href=\"en/topics/understand-2-security/2-your-well-being/3-learn.md\">Chronic stress</a></li>\n<li><a href=\"en/topics/understand-2-security/2-your-well-being/3-3-learn.md\">Traumatic stress</a></li>\n<li><a href=\"en/topics/understand-2-security/2-your-well-being/3-6-learn.md\">Post-traumatic stress</a></li>\n</ul>\n</li>\n</ul>"
    }
  ]
}
  