{
  "slug": "understand-2-security_2-your-well-being",
  "type": "unit",
  "title": "Your Well Being",
  "parentTitle": "Understand Security",
  "locale": "en",
  "categories": [],
  "updatedAt": "2016-05-22T12:32:23.492Z",
  "cards": [
    {
      "stack": "1-intro",
      "title": "Introduction",
      "type": "card",
      "subtype": "intro",
      "category": [],
      "contents": "<p>This unit will address issues related to your well-being. Much of the information for this unit draws from Security First&#39;s <a href=\"https://secfirst.org/index.html\">Umbrella project</a>, available on <a href=\"https://play.google.com/store/apps/details?id=org.secfirst.umbrella\">Google Play</a>, <a href=\"https://github.com/securityfirst/Umbrella_android\">Github</a>, and <a href=\"https://secfirst.org/fdroid/repo\">F-Droid</a>.</p>"
    }
  ,
    {
      "stack": "2-scenario",
      "title": "Scenario",
      "type": "card",
      "subtype": "scenario",
      "category": [],
      "contents": "<p>Scenario text...</p>"
    }
  ,
    {
      "stack": "3-1-learn",
      "title": "Learn",
      "type": "card",
      "subtype": "learn",
      "category": [],
      "contents": "<p>##Effects of chronic stress\nThere is a wide range of possible symptoms of negative stress, and people differ in terms of the symptoms they exhibit."
    }
  ,
    {
      "stack": "3-1-learn",
      "title": "Learn",
      "type": "card",
      "subtype": "learn",
      "category": [],
      "contents": "Physical symptoms may include:\n-Exhaustion\n-Hyperactivity\n-Sleeping difficulties or excessive sleep</p>\n<p><Br>\n-Slight flu-like symptoms\n-Headaches\n-Heightened blood pressure and heart rate\n-Nausia or vomiting."
    }
  ,
    {
      "stack": "3-1-learn",
      "title": "Learn",
      "type": "card",
      "subtype": "learn",
      "category": [],
      "contents": "Behavioural symptoms may include:\n-Avoiding genuine social contact and relationships\n-Substance abuse (caffeine/alcohol/drugs)\n-A series of short and casual romatic/sexual relationships"
    }
  ,
    {
      "stack": "3-1-learn",
      "title": "Learn",
      "type": "card",
      "subtype": "learn",
      "category": [],
      "contents": "-Risk taking\n-Withdrawal\n-Irritability or a constant tendency to pick quarrels\n-Aggression"
    }
  ,
    {
      "stack": "3-1-learn",
      "title": "Learn",
      "type": "card",
      "subtype": "learn",
      "category": [],
      "contents": "Work-related symptoms may include\n-Working very long hours\n-Lateness/not coming in to work\n-Poor work performance"
    }
  ,
    {
      "stack": "3-1-learn",
      "title": "Learn",
      "type": "card",
      "subtype": "learn",
      "category": [],
      "contents": "-Loss of perspective\n-Pre-occupation with an idea, even if it is old or ineffective"
    }
  ,
    {
      "stack": "3-1-learn",
      "title": "Learn",
      "type": "card",
      "subtype": "learn",
      "category": [],
      "contents": "-Deterioration in judgment and logical thinking\n-Reduced creativity\n-Deteriorating communication"
    }
  ,
    {
      "stack": "3-1-learn",
      "title": "Learn",
      "type": "card",
      "subtype": "learn",
      "category": [],
      "contents": "Emotional effects may include\n-Low morale\n-Pessimism and cynicism"
    }
  ,
    {
      "stack": "3-1-learn",
      "title": "Learn",
      "type": "card",
      "subtype": "learn",
      "category": [],
      "contents": "-Anxiety\n-Guilt\n-Depression\n-Excitement/hyper-activity"
    }
  ,
    {
      "stack": "3-1-learn",
      "title": "Learn",
      "type": "card",
      "subtype": "learn",
      "category": [],
      "contents": "-A feeling of pwoer and invulnerability\n-Intense identificaiton with, OR lack of compassion for those you work with\n-Nightmares or flashbacks"
    }
  ,
    {
      "stack": "3-1-learn",
      "title": "Learn",
      "type": "card",
      "subtype": "learn",
      "category": [],
      "contents": "-Tendency to avoid/repress intense thoughts or feelings\n-Questioning of major life areas"
    }
  ,
    {
      "stack": "3-1-learn",
      "title": "Learn",
      "type": "card",
      "subtype": "learn",
      "category": [],
      "contents": "Engaging in some of these types of behaviours are security risks in and of themrselves, so it is very important to both the individual affected and your organisation that it is dealt with properly. </p>"
    }
  ,
    {
      "stack": "3-learn",
      "title": "Learn",
      "type": "card",
      "subtype": "learn",
      "category": [],
      "contents": "<p>##What is of chronic stress?\nChronic stress occurs regularly among journalists and human rights defenders, yet often goes unrecognised or unreported."
    }
  ,
    {
      "stack": "3-learn",
      "title": "Learn",
      "type": "card",
      "subtype": "learn",
      "category": [],
      "contents": "With healthy levels of stress, symptoms are generally mild and temporary - people return to functioning when the stress factor is removed."
    }
  ,
    {
      "stack": "3-learn",
      "title": "Learn",
      "type": "card",
      "subtype": "learn",
      "category": [],
      "contents": "If exposure to stress is excessive or long-term however, symptoms can persist and multiply, resulting in chronic or cumulative stress."
    }
  ,
    {
      "stack": "3-learn",
      "title": "Learn",
      "type": "card",
      "subtype": "learn",
      "category": [],
      "contents": "Not only is this worse for the body physically and mentally, but chronic stress can also erode coping mechanisms."
    }
  ,
    {
      "stack": "3-learn",
      "title": "Learn",
      "type": "card",
      "subtype": "learn",
      "category": [],
      "contents": "Chronic stress builds slowly and may be hard to notice in yourself or others. If not properly manged, chronic stress can lead to burnout. </p>"
    }
  ,
    {
      "stack": "4-test",
      "title": "Test",
      "type": "activity",
      "subtype": "test",
      "category": [],
      "contents": "<quiz name=\"Gitbook Quiz\">\n    <question multiple>\n        <p>What is gitbook used for?</p>\n        <answer correct>To read books</answer>\n        <answer>To book hotel named git</answer>\n        <answer correct>To write and publish beautiful books</answer>\n        <explanation>GitBook.com lets you write, publish and manage your books online as a service.</explanation>\n    </question>\n    <question>\n        <p>Is it quiz?</p>\n        <answer correct>Yes</answer>\n        <answer>No</answer>\n    </question>\n</quiz>"
    }
  ,
    {
      "stack": "5-next",
      "title": "Next",
      "type": "card",
      "subtype": "next",
      "category": [],
      "contents": "<ul>\n<li><a href=\"en/topics/_topic/_unit/index.md\">A topic to study next</a></li>\n<li><a href=\"en/topics/_topic/_unit/index.md\">Another topic</a></li>\n<li>...</li>\n</ul>"
    }
  ]
}
  