{
  "slug": "understand-2-security_2-your-well-being",
  "type": "unit",
  "title": "Your Well Being",
  "parentTitle": "Understand Security",
  "locale": "en",
  "categories": [],
  "updatedAt": "2016-07-01T15:23:59.142Z",
  "cards": [
    {
      "stack": "1-1-intro",
      "title": "Introduction",
      "unit": "2-your-well-being",
      "images": [],
      "type": "card",
      "subtype": "intro",
      "category": [],
      "contents": "<p>Learn about ensuring your short and long term well-being.</p>"
    }
  ,
    {
      "stack": "1-2-takeaways",
      "title": "Learn about",
      "unit": "2-your-well-being",
      "images": [],
      "type": "card",
      "subtype": "takeaways",
      "category": [],
      "contents": "<h1 id=\"stress-and-security\">stress and security</h1>\n<ul>\n<li><a href=\"en/topics/understand-2-security/2-your-well-being/3-0-learn.md\">Stress and security</a></li>\n<li><a href=\"en/topics/understand-2-security/2-your-well-being/3-1-learn.md\">Building your own emotional resilience</a></li>\n<li><a href=\"en/topics/understand-2-security/2-your-well-being/3-2-learn.md\">Stress that accumulates and leads to burnout</a></li>\n</ul>\n<h1 id=\"dealing-with-shocking-events\">dealing with shocking events</h1>\n<ul>\n<li><a href=\"en/topics/understand-2-security/2-your-well-being/3-5-learn.md\">Stress following trauma</a></li>\n<li><a href=\"en/topics/understand-2-security/2-your-well-being/3-7-learn.md\">Post-traumatic stress syndrome</a></li>\n<li><a href=\"en/topics/understand-2-security/2-your-well-being/3-12-learn.md\">Get to grips with fear</a></li>\n<li><a href=\"en/topics/understand-2-security/2-your-well-being/3-11-learn.md\">Dealing with unfounded fears</a></li>\n</ul>"
    }
  ,
    {
      "stack": "3-0-learn",
      "title": "Learn",
      "unit": "2-your-well-being",
      "images": [],
      "type": "card",
      "subtype": "learn",
      "category": [],
      "contents": "<h1 id=\"basics\">Basics</h1>\n<p>Every person has a level of challenge or threat that stimulates them to a point of maximum productivity and well-being."
    }
  ,
    {
      "stack": "3-0-learn",
      "title": "Learn",
      "unit": "2-your-well-being",
      "images": [],
      "type": "card",
      "subtype": "learn",
      "category": [],
      "contents": "</p>\n<h1 id=\"benefits-of-stress\">Benefits of stress</h1>\n<p>If there is not enough stimulation and challenge in our lives, we feel bored and become unproductive, even depressed."
    }
  ,
    {
      "stack": "3-0-learn",
      "title": "Learn",
      "unit": "2-your-well-being",
      "images": [],
      "type": "card",
      "subtype": "learn",
      "category": [],
      "contents": "</p>\n<h1 id=\"too-much-is-overwhelming\">Too much is overwhelming</h1>\n<p>If there is too much challenge or threat, we start to become overwhelmed."
    }
  ,
    {
      "stack": "3-0-learn",
      "title": "Learn",
      "unit": "2-your-well-being",
      "images": [],
      "type": "card",
      "subtype": "learn",
      "category": [],
      "contents": "</p>\n<h1 id=\"a-natural-response\">A natural response</h1>\n<p>When we feel overwhelmed by the challenges in our work and home lives, or when we have been working too hard, for too long and without enough rest, our bodies naturally start to behave differently."
    }
  ,
    {
      "stack": "3-0-learn",
      "title": "Learn",
      "unit": "2-your-well-being",
      "images": [],
      "type": "card",
      "subtype": "learn",
      "category": [],
      "contents": "</p>\n<h1 id=\"rest-is-important\">Rest is important</h1>\n<p>Stress and fatigue can result in us identifying and responding to threats in the wrong way. If you are exhausted, burnt out or depressed, you are unlikely to be as secure or effective as you would be if you were healthier or better rested."
    }
  ,
    {
      "stack": "3-0-learn",
      "title": "Learn",
      "unit": "2-your-well-being",
      "images": [],
      "type": "card",
      "subtype": "learn",
      "category": [],
      "contents": "</p>\n<h1 id=\"self-care-is-empowering\">Self care is empowering</h1>\n<p>Being sensitive towards ourselves and handling our emotional and physical vulnerabilities with care may contribute to our security as much as it might prove a source of inspiration and power.</p>"
    }
  ,
    {
      "stack": "3-1-learn",
      "title": "Learn",
      "unit": "2-your-well-being",
      "images": [],
      "type": "card",
      "subtype": "learn",
      "category": [],
      "contents": "<h1 id=\"dealing-with-trauma\">Dealing with trauma</h1>\n<p>Any person whose work exposes them to many stories and pictures of traumatic events is at an increased risk of indirect exposure to traumatic stress."
    }
  ,
    {
      "stack": "3-1-learn",
      "title": "Learn",
      "unit": "2-your-well-being",
      "images": [],
      "type": "card",
      "subtype": "learn",
      "category": [],
      "contents": "</p>\n<h1 id=\"professions-where-trauma-is-common\">Professions where trauma is common</h1>\n<p>This includes psychologists, counselors, journalists, nurses, paramedics, as well as police officers and other emergency personnel."
    }
  ,
    {
      "stack": "3-1-learn",
      "title": "Learn",
      "unit": "2-your-well-being",
      "images": [],
      "type": "card",
      "subtype": "learn",
      "category": [],
      "contents": "</p>\n<h1 id=\"two-pronged-emotional-risk\">Two-pronged emotional risk</h1>\n<p>The emotional risk is two-pronged: burnout and vicarious traumatization."
    }
  ,
    {
      "stack": "3-1-learn",
      "title": "Learn",
      "unit": "2-your-well-being",
      "images": [],
      "type": "card",
      "subtype": "learn",
      "category": [],
      "contents": "</p>\n<h1 id=\"burnout\">Burnout</h1>\n<p>Burnout refers to long-term exhaustion caused by working too hard, for too long, and without sufficient support. It has been linked to a range of emotional and physical health problems, as well as poor performance in the workplace."
    }
  ,
    {
      "stack": "3-1-learn",
      "title": "Learn",
      "unit": "2-your-well-being",
      "images": [],
      "type": "card",
      "subtype": "learn",
      "category": [],
      "contents": "</p>\n<h1 id=\"what-causes-burnout\">What causes burnout</h1>\n<p>While exposure to threats or trauma is not a necessary feature of burnout, more emotionally demanding responsibilities place workers at greater risk."
    }
  ,
    {
      "stack": "3-1-learn",
      "title": "Learn",
      "unit": "2-your-well-being",
      "images": [],
      "type": "card",
      "subtype": "learn",
      "category": [],
      "contents": "</p>\n<h1 id=\"preventing-burnout\">Preventing burnout</h1>\n<p>The prevention of burnout requires a two-part strategy. The prevention of burnout is a shared responsibility between you and your employer."
    }
  ,
    {
      "stack": "3-1-learn",
      "title": "Learn",
      "unit": "2-your-well-being",
      "images": [],
      "type": "card",
      "subtype": "learn",
      "category": [],
      "contents": "</p>\n<h1 id=\"1-organisational-prevention-of-burnout\">1. Organisational prevention of burnout</h1>\n<p>Organizations must ensure a healthy work environment; appropriate levels of training, supervision, and support; reachable expectations and targets; as well as regular vacation time."
    }
  ,
    {
      "stack": "3-1-learn",
      "title": "Learn",
      "unit": "2-your-well-being",
      "images": [],
      "type": "card",
      "subtype": "learn",
      "category": [],
      "contents": "</p>\n<h1 id=\"2-personal-prevention-of-burnout\">2. Personal prevention of burnout</h1>\n<p>You should educate yourself of the risks of burnout, monitor your own emotional health, and actively sustain your own emotional health."
    }
  ,
    {
      "stack": "3-1-learn",
      "title": "Learn",
      "unit": "2-your-well-being",
      "images": [],
      "type": "card",
      "subtype": "learn",
      "category": [],
      "contents": "</p>\n<h1 id=\"dealing-with-burnout\">Dealing with burnout</h1>\n<p>If you are suffering from burnout , the key to recovery is rest. It is essential that the you take time away from work to recover their emotional health."
    }
  ,
    {
      "stack": "3-1-learn",
      "title": "Learn",
      "unit": "2-your-well-being",
      "images": [],
      "type": "card",
      "subtype": "learn",
      "category": [],
      "contents": "</p>\n<h1 id=\"preventing-future-recurrence\">Preventing future recurrence</h1>\n<p>During this period, it is important to examine and redesign the work situation that led to the problem in the first place. In addition, stress management training might help prevent future recurrence."
    }
  ,
    {
      "stack": "3-1-learn",
      "title": "Learn",
      "unit": "2-your-well-being",
      "images": [],
      "type": "card",
      "subtype": "learn",
      "category": [],
      "contents": "</p>\n<h1 id=\"vicarious-traumatisation\">Vicarious Traumatisation</h1>\n<p>Vicarious traumatisation refers to traumatic stress arising from exposure to the frightening experiences of others."
    }
  ,
    {
      "stack": "3-1-learn",
      "title": "Learn",
      "unit": "2-your-well-being",
      "images": [],
      "type": "card",
      "subtype": "learn",
      "category": [],
      "contents": "</p>\n<h1 id=\"symptoms-of-vicarious-trauma\">Symptoms of vicarious trauma</h1>\n<p>In most cases, vicarious traumatisation shares the features of the <a href=\"en/topics/understand-2-security/2-your-well-being/3-4-learn.md\">traumatic stress reaction</a> relating to the stories that they have heard or the work they do."
    }
  ,
    {
      "stack": "3-1-learn",
      "title": "Learn",
      "unit": "2-your-well-being",
      "images": [],
      "type": "card",
      "subtype": "learn",
      "category": [],
      "contents": "</p>\n<h1 id=\"loss-of-faith-in-others\">Loss of faith in others</h1>\n<p>In some cases, vicarious traumatisation takes the form of a loss of faith in the essential goodness of others and a growing sense that one’s work is meaningless."
    }
  ,
    {
      "stack": "3-1-learn",
      "title": "Learn",
      "unit": "2-your-well-being",
      "images": [],
      "type": "card",
      "subtype": "learn",
      "category": [],
      "contents": "</p>\n<h1 id=\"preventing-vicarious-traumatisation\">Preventing vicarious traumatisation</h1>\n<p>The prevention of vicarious traumatisation requires limiting exposure to distressing stories or increasing the capacity to process traumatic material."
    }
  ,
    {
      "stack": "3-1-learn",
      "title": "Learn",
      "unit": "2-your-well-being",
      "images": [],
      "type": "card",
      "subtype": "learn",
      "category": [],
      "contents": "</p>\n<h1 id=\"ongoing-support\">Ongoing support</h1>\n<p>While the former may be difficult for many people due to the demands of their jobs, regular supervision and ongoing support is helpful for the latter."
    }
  ,
    {
      "stack": "3-1-learn",
      "title": "Learn",
      "unit": "2-your-well-being",
      "images": [],
      "type": "card",
      "subtype": "learn",
      "category": [],
      "contents": "</p>\n<h1 id=\"seek-out-counseling\">Seek out counseling</h1>\n<p>If you are suffering from vicarious traumatisation, counseling is recommended. If you do not seek counseling, you might not make the most of your time off, resolve the vicarious trauma, or rest.</p>"
    }
  ,
    {
      "stack": "3-10-learn",
      "title": "Dealing with post-traumatic stress",
      "unit": "2-your-well-being",
      "images": [],
      "type": "card",
      "subtype": "learn",
      "category": [],
      "contents": "<h1 id=\"improving-naturally\">Improving naturally</h1>\n<p>It is normal to experience upsetting and confusing thoughts after a traumatic event, but in most people these will improve naturally over a few weeks."
    }
  ,
    {
      "stack": "3-10-learn",
      "title": "Dealing with post-traumatic stress",
      "unit": "2-your-well-being",
      "images": [],
      "type": "card",
      "subtype": "learn",
      "category": [],
      "contents": "</p>\n<h1 id=\"visit-a-doctor\">Visit a doctor</h1>\n<p>If you are still having problems for weeks after the traumatic experience, or if symptoms are particularly troublesome, you should visit a doctor."
    }
  ,
    {
      "stack": "3-10-learn",
      "title": "Dealing with post-traumatic stress",
      "unit": "2-your-well-being",
      "images": [],
      "type": "card",
      "subtype": "learn",
      "category": [],
      "contents": "</p>\n<h1 id=\"mental-health-specialists\">Mental health specialists</h1>\n<p>Your doctor may refer you to mental health specialists if they feel you would benefit from this treatment."
    }
  ,
    {
      "stack": "3-10-learn",
      "title": "Dealing with post-traumatic stress",
      "unit": "2-your-well-being",
      "images": [],
      "type": "card",
      "subtype": "learn",
      "category": [],
      "contents": "</p>\n<h1 id=\"ptsd-is-temporary\">PTSD is temporary</h1>\n<p>PTSD can be successfully treated, even when it develops many years after a traumatic event. Treatment depends on the severity of symptoms and how soon they occur after the traumatic event."
    }
  ,
    {
      "stack": "3-10-learn",
      "title": "Dealing with post-traumatic stress",
      "unit": "2-your-well-being",
      "images": [],
      "type": "card",
      "subtype": "learn",
      "category": [],
      "contents": "</p>\n<h1 id=\"treatment-options\">Treatment options</h1>\n<ul>\n<li>Watchful waiting — waiting to see whether the symptoms improve without treatment</li>\n<li>Psychological treatment — such as psychotherapy or trauma-focused cognitive behavioural therapy (CPT)</li>\n<li>Antidepressant medication</li>\n</ul>"
    }
  ,
    {
      "stack": "3-11-learn",
      "title": "Dealing with unfounded fears",
      "unit": "2-your-well-being",
      "images": [],
      "type": "card",
      "subtype": "learn",
      "category": [],
      "contents": "<h1 id=\"unfounded-fears-are-normal\">Unfounded fears are normal</h1>\n<p>Stress, tiredness, fear, and experiencing previous trauma might inspire unfounded fears. Although this feeling is not desirable, it is natural - we all have unfounded fears at certain times."
    }
  ,
    {
      "stack": "3-11-learn",
      "title": "Dealing with unfounded fears",
      "unit": "2-your-well-being",
      "images": [],
      "type": "card",
      "subtype": "learn",
      "category": [],
      "contents": "</p>\n<h1 id=\"being-aware-of-fears\">Being aware of fears</h1>\n<p>You might feel the need for increased caution or be extremely suspicious of strangers, public figures, organisations, family, or friends. Being aware of this will help you find tools for checking your perception."
    }
  ,
    {
      "stack": "3-11-learn",
      "title": "Dealing with unfounded fears",
      "unit": "2-your-well-being",
      "images": [],
      "type": "card",
      "subtype": "learn",
      "category": [],
      "contents": "</p>\n<h1 id=\"checking-your-perception\">Checking your perception</h1>\n<p>We can do this through further research or through speaking with people we trust. We can also take steps to check our perceptions by speaking as a group or with our trusted allies, colleagues and friends."
    }
  ,
    {
      "stack": "3-11-learn",
      "title": "Dealing with unfounded fears",
      "unit": "2-your-well-being",
      "images": [],
      "type": "card",
      "subtype": "learn",
      "category": [],
      "contents": "</p>\n<h1 id=\"become-informed\">Become informed</h1>\n<p>For example, fears of surveillance could be clarified by taking the time to learn or review the basics of how <a href=\"en/topics/understand-1-how-it-works/4-internet/1-intro.md\">internet</a> and <a href=\"en/topics/understand-1-how-it-works/2-phones/1-intro.md\">mobile communication</a> works.</p>\n<h1 id=\"reduce-misinformation\">Reduce misinformation</h1>\n<p>Doing so can reduce our anxiety or unfounded fears which may arise from misinformation, myths and mysteries associated with digital technology and electronic surveillance.</p>"
    }
  ,
    {
      "stack": "3-12-learn",
      "title": "Learn",
      "unit": "2-your-well-being",
      "images": [],
      "type": "card",
      "subtype": "learn",
      "category": [],
      "contents": "<h1 id=\"fear-is-natural\">Fear is natural</h1>\n<p>Our survival response as humans is hardwired into special structures within our brains designed to drive our reactions to danger. We can call these special structures the “survival brain,” and the start-up mechanism for the survival brain is fear."
    }
  ,
    {
      "stack": "3-12-learn",
      "title": "Learn",
      "unit": "2-your-well-being",
      "images": [],
      "type": "card",
      "subtype": "learn",
      "category": [],
      "contents": "</p>\n<h1 id=\"activating-our-fear-button-\">Activating our &quot;fear button&quot;</h1>\n<p>When our &quot;fear buttons&quot; are pressed, our bodies are preparing to enact our instinctual responses to danger. Your body will react in one of seven ways:"
    }
  ,
    {
      "stack": "3-12-learn",
      "title": "Learn",
      "unit": "2-your-well-being",
      "images": [],
      "type": "card",
      "subtype": "learn",
      "category": [],
      "contents": "</p>\n<h1 id=\"1-freeze\">1. Freeze</h1>\n<p>This response involves a person becoming utterly still—although highly alert—and ready for action. The strategy is to escape notice until the danger has passed."
    }
  ,
    {
      "stack": "3-12-learn",
      "title": "Learn",
      "unit": "2-your-well-being",
      "images": [],
      "type": "card",
      "subtype": "learn",
      "category": [],
      "contents": "</p>\n<h1 id=\"1-freeze\">1. Freeze</h1>\n<p>A great example would be of a bank robbery in which a customer stands quietly in the corner, thereby managing to avoid the robbers’ unwanted attention."
    }
  ,
    {
      "stack": "3-12-learn",
      "title": "Learn",
      "unit": "2-your-well-being",
      "images": [],
      "type": "card",
      "subtype": "learn",
      "category": [],
      "contents": "</p>\n<h1 id=\"2-flight\">2. Flight</h1>\n<p>This response is the strategy that puts as much distance as possible between us and danger. In the bank robbery example, we might imagine a customer who leaps over a desk and breaks down a door to get away."
    }
  ,
    {
      "stack": "3-12-learn",
      "title": "Learn",
      "unit": "2-your-well-being",
      "images": [],
      "type": "card",
      "subtype": "learn",
      "category": [],
      "contents": "</p>\n<h1 id=\"2-flight\">2. Flight</h1>\n<p>You might experience this in your work when sources or colleagues stop listening to you, evading or changing the subject, talking to a neighbor, or crack inappropriate jokes."
    }
  ,
    {
      "stack": "3-12-learn",
      "title": "Learn",
      "unit": "2-your-well-being",
      "images": [],
      "type": "card",
      "subtype": "learn",
      "category": [],
      "contents": "</p>\n<h1 id=\"3-comply\">3. Comply</h1>\n<p>This response involves completely submitting to the aggressor in the hopes that cooperation will result in the attack ending quickly and without injury."
    }
  ,
    {
      "stack": "3-12-learn",
      "title": "Learn",
      "unit": "2-your-well-being",
      "images": [],
      "type": "card",
      "subtype": "learn",
      "category": [],
      "contents": "</p>\n<h1 id=\"3-comply\">3. Comply</h1>\n<p>In the bank robbery example, this could be an employee who assists the robbers in opening the safe, packing up the money, and escaping."
    }
  ,
    {
      "stack": "3-12-learn",
      "title": "Learn",
      "unit": "2-your-well-being",
      "images": [],
      "type": "card",
      "subtype": "learn",
      "category": [],
      "contents": "</p>\n<h1 id=\"3-comply\">3. Comply</h1>\n<p>In your work, you may see this with people participating in something they find particularly uncomfortable. They do this in the mindset that if they just cooperate they will get through it quickly and will then be able to move on to less distressing work."
    }
  ,
    {
      "stack": "3-12-learn",
      "title": "Learn",
      "unit": "2-your-well-being",
      "images": [],
      "type": "card",
      "subtype": "learn",
      "category": [],
      "contents": "</p>\n<h1 id=\"4-tend-and-befriend\">4. Tend and Befriend</h1>\n<p>This response aims to ensure survival by getting closer to other human beings. We protect and care for those who are injured and more vulnerable, and we try to build relationships with those who are stronger and can protect and care for us."
    }
  ,
    {
      "stack": "3-12-learn",
      "title": "Learn",
      "unit": "2-your-well-being",
      "images": [],
      "type": "card",
      "subtype": "learn",
      "category": [],
      "contents": "</p>\n<h1 id=\"4-tend-and-befriend\">4. Tend and befriend</h1>\n<p>In extreme cases we might even try to befriend an aggressor—commonly referred to as Stockholm Syndrome."
    }
  ,
    {
      "stack": "3-12-learn",
      "title": "Learn",
      "unit": "2-your-well-being",
      "images": [],
      "type": "card",
      "subtype": "learn",
      "category": [],
      "contents": "</p>\n<h1 id=\"4-tend-and-befriend\">4. Tend and befriend</h1>\n<p>In the bank robbery situation, an instance where a customer draws children together, comforts and quiets them so as to reduce the danger is perfect example of this response method."
    }
  ,
    {
      "stack": "3-12-learn",
      "title": "Learn",
      "unit": "2-your-well-being",
      "images": [],
      "type": "card",
      "subtype": "learn",
      "category": [],
      "contents": "</p>\n<h1 id=\"4-tend-and-befriend\">4. Tend and befriend</h1>\n<p>In doing so, she gains the respect and gratitude of the parents in the room. Should violence ensue, it is more likely those parents will act to protect and care for her."
    }
  ,
    {
      "stack": "3-12-learn",
      "title": "Learn",
      "unit": "2-your-well-being",
      "images": [],
      "type": "card",
      "subtype": "learn",
      "category": [],
      "contents": "</p>\n<h1 id=\"4-tend-and-befriend\">4. Tend and befriend</h1>\n<p>At the heart of this response is the fact that human beings are social creatures and we draw together in times of danger."
    }
  ,
    {
      "stack": "3-12-learn",
      "title": "Learn",
      "unit": "2-your-well-being",
      "images": [],
      "type": "card",
      "subtype": "learn",
      "category": [],
      "contents": "</p>\n<h1 id=\"4-tend-and-befriend\">4. Tend and befriend</h1>\n<p>In your work, you may see this with colleagues becoming overly concerned for each other’s well-being—a sign that they themselves might be experiencing distress.</p>\n<h1 id=\"5-posture\">5. Posture</h1>\n<p>This response is an attempt to drive off the danger by pretending to have greater physical strength than one actually does."
    }
  ,
    {
      "stack": "3-12-learn",
      "title": "Learn",
      "unit": "2-your-well-being",
      "images": [],
      "type": "card",
      "subtype": "learn",
      "category": [],
      "contents": "</p>\n<h1 id=\"5-posture\">5. Posture</h1>\n<p>Going back to the bank robbery, a manager may confront the robbers with the lie that a silent alarm has been activated and the police are on their way."
    }
  ,
    {
      "stack": "3-12-learn",
      "title": "Learn",
      "unit": "2-your-well-being",
      "images": [],
      "type": "card",
      "subtype": "learn",
      "category": [],
      "contents": "</p>\n<h1 id=\"5-posture\">5. Posture</h1>\n<p>In your work, you may see this with colleagues becoming argumentative and obstructive in order to undermine the authority of the trainer."
    }
  ,
    {
      "stack": "3-12-learn",
      "title": "Learn",
      "unit": "2-your-well-being",
      "images": [],
      "type": "card",
      "subtype": "learn",
      "category": [],
      "contents": "</p>\n<h1 id=\"6-fight\">6. Fight</h1>\n<p>This response is the strategy of destroying or driving off the threat by attacking."
    }
  ,
    {
      "stack": "3-12-learn",
      "title": "Learn",
      "unit": "2-your-well-being",
      "images": [],
      "type": "card",
      "subtype": "learn",
      "category": [],
      "contents": "</p>\n<h1 id=\"6-fight\">6. Fight</h1>\n<p>In the bank robbery situation, this would involve one or more people physically attacking the robbers, with or without weapons."
    }
  ,
    {
      "stack": "3-12-learn",
      "title": "Learn",
      "unit": "2-your-well-being",
      "images": [],
      "type": "card",
      "subtype": "learn",
      "category": [],
      "contents": "</p>\n<h1 id=\"6-fight\">6. Fight</h1>\n<p>In your work, you might see this by a colleague being blamed for or even insulting another colleague for distress they are experiencing."
    }
  ,
    {
      "stack": "3-12-learn",
      "title": "Learn",
      "unit": "2-your-well-being",
      "images": [],
      "type": "card",
      "subtype": "learn",
      "category": [],
      "contents": "</p>\n<h1 id=\"7-dissociation\">7. Dissociation</h1>\n<p>The Dissociation Response is characterized by the slowing of heart rate and breathing, a drop in blood pressure, and the person feeling calm and disconnected from the frightening reality in which they find themselves."
    }
  ,
    {
      "stack": "3-12-learn",
      "title": "Learn",
      "unit": "2-your-well-being",
      "images": [],
      "type": "card",
      "subtype": "learn",
      "category": [],
      "contents": "</p>\n<h1 id=\"7-dissociation\">7. Dissociation</h1>\n<p>In the situation of the bank robbery, we might imagine a customer starting to giggle inappropriately or merely drifting off into a dreamlike state."
    }
  ,
    {
      "stack": "3-12-learn",
      "title": "Learn",
      "unit": "2-your-well-being",
      "images": [],
      "type": "card",
      "subtype": "learn",
      "category": [],
      "contents": "</p>\n<h1 id=\"7-dissociation\">7. Dissociation</h1>\n<p>You might see this in your work if someone experiencing great distress becomes emotionally disconnected or inappropriate. Uncontrollable laughter when nothing is funny or daydreaming may both be signs of dissociation."
    }
  ,
    {
      "stack": "3-12-learn",
      "title": "Learn",
      "unit": "2-your-well-being",
      "images": [],
      "type": "card",
      "subtype": "learn",
      "category": [],
      "contents": "</p>\n<h1 id=\"7-dissociation\">7. Dissociation</h1>\n<p>Dissociation is a sign of serious traumatization.</p>"
    }
  ,
    {
      "stack": "3-2-learn",
      "title": "Identifying chronic stress",
      "unit": "2-your-well-being",
      "images": [],
      "type": "card",
      "subtype": "learn",
      "category": [],
      "contents": "<h1 id=\"healthy-levels-of-stress\">Healthy levels of stress</h1>\n<p>With healthy levels of stress, symptoms are generally mild and temporary - people return to functioning when the stress factor is removed."
    }
  ,
    {
      "stack": "3-2-learn",
      "title": "Identifying chronic stress",
      "unit": "2-your-well-being",
      "images": [],
      "type": "card",
      "subtype": "learn",
      "category": [],
      "contents": "</p>\n<h1 id=\"chronic-stress\">Chronic stress</h1>\n<p>If exposure to stress is excessive or long-term however, symptoms can persist and multiply, resulting in chronic or cumulative stress."
    }
  ,
    {
      "stack": "3-2-learn",
      "title": "Identifying chronic stress",
      "unit": "2-your-well-being",
      "images": [],
      "type": "card",
      "subtype": "learn",
      "category": [],
      "contents": "</p>\n<h1 id=\"chronic-stress-and-burnout\">Chronic stress and burnout</h1>\n<p>Chronic stress builds slowly and may be hard to notice in yourself or others. If not properly managed, chronic stress can lead to burnout."
    }
  ,
    {
      "stack": "3-2-learn",
      "title": "Identifying chronic stress",
      "unit": "2-your-well-being",
      "images": [],
      "type": "card",
      "subtype": "learn",
      "category": [],
      "contents": "</p>\n<h1 id=\"a-common-problem\">A common problem</h1>\n<p>Chronic stress occurs regularly among journalists and human rights defenders, yet often goes unrecognised or unreported."
    }
  ,
    {
      "stack": "3-2-learn",
      "title": "Identifying chronic stress",
      "unit": "2-your-well-being",
      "images": [],
      "type": "card",
      "subtype": "learn",
      "category": [],
      "contents": "</p>\n<h1 id=\"hard-to-deal-with-problems\">Hard to deal with problems</h1>\n<p>Not only is chronic stress harmful for the body physically and mentally, it can also can make it hard to deal with daily problems.</p>"
    }
  ,
    {
      "stack": "3-3-learn",
      "title": "Identifying Traumatic stress",
      "unit": "2-your-well-being",
      "images": [],
      "type": "card",
      "subtype": "learn",
      "category": [],
      "contents": "<p>#\nJournalists and human rights defenders do difficult and challenging work, and see a good deal of human misery. We may even be fearful for our lives at times."
    }
  ,
    {
      "stack": "3-3-learn",
      "title": "Identifying Traumatic stress",
      "unit": "2-your-well-being",
      "images": [],
      "type": "card",
      "subtype": "learn",
      "category": [],
      "contents": "#\nIt is therefore important to know how to react following a traumatic event, and how to recognise the symptoms of traumatic stress."
    }
  ,
    {
      "stack": "3-3-learn",
      "title": "Identifying Traumatic stress",
      "unit": "2-your-well-being",
      "images": [],
      "type": "card",
      "subtype": "learn",
      "category": [],
      "contents": "Any event which is very distressing and outside of the realm of normal human experience can result in traumatic stress. Such a response is a normal reaction to an abnormal situation."
    }
  ,
    {
      "stack": "3-3-learn",
      "title": "Identifying Traumatic stress",
      "unit": "2-your-well-being",
      "images": [],
      "type": "card",
      "subtype": "learn",
      "category": [],
      "contents": "Traumatic stress usually produces a very intense response, including fear and/or helplessness, which may overwhelm the individual’s coping mechanisms."
    }
  ,
    {
      "stack": "3-3-learn",
      "title": "Identifying Traumatic stress",
      "unit": "2-your-well-being",
      "images": [],
      "type": "card",
      "subtype": "learn",
      "category": [],
      "contents": "<img src=\"recap.png\" alt=\"\"></p>"
    }
  ,
    {
      "stack": "3-4-learn",
      "title": "Dealing with chronic stress",
      "unit": "2-your-well-being",
      "images": [],
      "type": "card",
      "subtype": "learn",
      "category": [],
      "contents": "<h1 id=\"stress-management\">Stress management</h1>\n<p>Stress management is an individual process. There is no one best set of techniques. For stress management to be effective, it must be include techniques that work best for each person."
    }
  ,
    {
      "stack": "3-4-learn",
      "title": "Dealing with chronic stress",
      "unit": "2-your-well-being",
      "images": [],
      "type": "card",
      "subtype": "learn",
      "category": [],
      "contents": "</p>\n<h1 id=\"take-care-of-yourself\">Take care of yourself</h1>\n<p>It is important to recognise that is it is impossible to take care of others if you do not take care of yourself."
    }
  ,
    {
      "stack": "3-4-learn",
      "title": "Dealing with chronic stress",
      "unit": "2-your-well-being",
      "images": [],
      "type": "card",
      "subtype": "learn",
      "category": [],
      "contents": "</p>\n<h1 id=\"learn-about-stress-\">Learn about stress.</h1>\n<p>Be aware of the <a href=\"en/topics/understand-2-security/2-your-well-being/3-2-learn.md\">signs and symptoms</a> of stress."
    }
  ,
    {
      "stack": "3-4-learn",
      "title": "Dealing with chronic stress",
      "unit": "2-your-well-being",
      "images": [],
      "type": "card",
      "subtype": "learn",
      "category": [],
      "contents": "</p>\n<h1 id=\"know-yourself\">Know yourself</h1>\n<p>Learn to <a href=\"en/topics/understand-2-security/2-your-well-being/3-3-learn.md\">observe your feelings</a> and attitudes before trying to control your behaviour."
    }
  ,
    {
      "stack": "3-4-learn",
      "title": "Dealing with chronic stress",
      "unit": "2-your-well-being",
      "images": [],
      "type": "card",
      "subtype": "learn",
      "category": [],
      "contents": "</p>\n<h1 id=\"eat-well-and-exercise\">Eat well and exercise</h1>\n<p>Establish a regular exercise program and stick to it. Beneficial exercise includes deep breathing and muscle relaxation exercises. Keep a healthy diet and eat regularly."
    }
  ,
    {
      "stack": "3-4-learn",
      "title": "Dealing with chronic stress",
      "unit": "2-your-well-being",
      "images": [],
      "type": "card",
      "subtype": "learn",
      "category": [],
      "contents": "</p>\n<h1 id=\"get-rest-and-relaxation\">Get rest and relaxation</h1>\n<p>Get adequate, regular sleep. Maintain your normal routines for relaxation, such as hobbies, reading, etc."
    }
  ,
    {
      "stack": "3-4-learn",
      "title": "Dealing with chronic stress",
      "unit": "2-your-well-being",
      "images": [],
      "type": "card",
      "subtype": "learn",
      "category": [],
      "contents": "</p>\n<h1 id=\"practice-belief-systems\">Practice belief systems</h1>\n<p>Maintain spiritual health consistent with your personal beliefs."
    }
  ,
    {
      "stack": "3-4-learn",
      "title": "Dealing with chronic stress",
      "unit": "2-your-well-being",
      "images": [],
      "type": "card",
      "subtype": "learn",
      "category": [],
      "contents": "</p>\n<h1 id=\"maintain-a-sense-of-humour\">Maintain a sense of humour</h1>\n<p>Try to have contact with others outside of the work environment to maintain perspective"
    }
  ,
    {
      "stack": "3-4-learn",
      "title": "Dealing with chronic stress",
      "unit": "2-your-well-being",
      "images": [],
      "type": "card",
      "subtype": "learn",
      "category": [],
      "contents": "</p>\n<h1 id=\"be-informed\">Be informed</h1>\n<p>Knowledge of the work situation and environment provides an effective way of checking rumours and immediately addressing concerns."
    }
  ,
    {
      "stack": "3-4-learn",
      "title": "Dealing with chronic stress",
      "unit": "2-your-well-being",
      "images": [],
      "type": "card",
      "subtype": "learn",
      "category": [],
      "contents": "</p>\n<h1 id=\"talk-to-others\">Talk to others</h1>\n<p>Sharing a problem with others may help you find a solution and will make you feel less isolated. If unable to talk to others about your feelings, keep a journal or diary or write letters."
    }
  ,
    {
      "stack": "3-4-learn",
      "title": "Dealing with chronic stress",
      "unit": "2-your-well-being",
      "images": [],
      "type": "card",
      "subtype": "learn",
      "category": [],
      "contents": "</p>\n<h1 id=\"change-a-stressful-environment-as-much-as-possible\">Change a stressful environment as much as possible</h1>\n<p>Refuse to see yourself as a helpless victim of circumstance. When faced with a difficult situation, identify the problem, think of alternative, evaluate the alternatives, and finally select and implement the best alternative."
    }
  ,
    {
      "stack": "3-4-learn",
      "title": "Dealing with chronic stress",
      "unit": "2-your-well-being",
      "images": [],
      "type": "card",
      "subtype": "learn",
      "category": [],
      "contents": "</p>\n<h1 id=\"think-positive-\">Think positive!</h1>"
    }
  ,
    {
      "stack": "3-5-learn",
      "title": "Identifying trauma",
      "unit": "2-your-well-being",
      "images": [],
      "type": "card",
      "subtype": "learn",
      "category": [],
      "contents": "<h1 id=\"trauma-stress-is-common\">Trauma stress is common</h1>\n<p>Journalists and human rights defenders do difficult and challenging work, and see a good deal of human misery. We may even be fearful for our lives at times."
    }
  ,
    {
      "stack": "3-5-learn",
      "title": "Identifying trauma",
      "unit": "2-your-well-being",
      "images": [],
      "type": "card",
      "subtype": "learn",
      "category": [],
      "contents": "</p>\n<h1 id=\"recognise-symptoms\">Recognise symptoms</h1>\n<p>It is therefore important to know how to react following a traumatic event, and how to recognise the symptoms of traumatic stress."
    }
  ,
    {
      "stack": "3-5-learn",
      "title": "Identifying trauma",
      "unit": "2-your-well-being",
      "images": [],
      "type": "card",
      "subtype": "learn",
      "category": [],
      "contents": "</p>\n<h1 id=\"normal-reaction-to-abnormal-situation\">Normal reaction to abnormal situation</h1>\n<p>Any event which is very distressing and outside of the realm of normal human experience can result in trauma. Such a response is a normal reaction to an abnormal situation."
    }
  ,
    {
      "stack": "3-5-learn",
      "title": "Identifying trauma",
      "unit": "2-your-well-being",
      "images": [],
      "type": "card",
      "subtype": "learn",
      "category": [],
      "contents": "</p>\n<h1 id=\"how-you-respond\">How you respond</h1>\n<p>Trauma usually produces a very intense response, including fear and/or helplessness, which may overwhelm the individual’s coping mechanisms.</p>"
    }
  ,
    {
      "stack": "3-6-learn",
      "title": "Effects of trauma",
      "unit": "2-your-well-being",
      "images": [],
      "type": "card",
      "subtype": "learn",
      "category": [],
      "contents": "<h1 id=\"immediate-numbness\">Immediate numbness</h1>\n<p>At the time you experience a traumatic event, you might feel numb and unable to respond."
    }
  ,
    {
      "stack": "3-6-learn",
      "title": "Effects of trauma",
      "unit": "2-your-well-being",
      "images": [],
      "type": "card",
      "subtype": "learn",
      "category": [],
      "contents": "</p>\n<h1 id=\"shock\">Shock</h1>\n<p>Immediately after a traumatic event, it is common to feel shocked, or dazed, or unable to process your own feelings."
    }
  ,
    {
      "stack": "3-6-learn",
      "title": "Effects of trauma",
      "unit": "2-your-well-being",
      "images": [],
      "type": "card",
      "subtype": "learn",
      "category": [],
      "contents": "</p>\n<h1 id=\"other-feelings\">Other feelings</h1>\n<p>Over several hours or days, the feelings of shock and denial gradually fade, and other thoughts and feelings take their place."
    }
  ,
    {
      "stack": "3-6-learn",
      "title": "Effects of trauma",
      "unit": "2-your-well-being",
      "images": [],
      "type": "card",
      "subtype": "learn",
      "category": [],
      "contents": "</p>\n<h1 id=\"trauma-is-strong\">Trauma is strong</h1>\n<p>People react differently and take different amounts of time to come to terms with a traumatic event. Even so, you may be surprised by the strength of your feelings."
    }
  ,
    {
      "stack": "3-6-learn",
      "title": "Effects of trauma",
      "unit": "2-your-well-being",
      "images": [],
      "type": "card",
      "subtype": "learn",
      "category": [],
      "contents": "</p>\n<h1 id=\"emotional\">Emotional</h1>\n<p><em>Frightened</em> — that the same thing will happen again, or that you might lose control of your feelings and break down"
    }
  ,
    {
      "stack": "3-6-learn",
      "title": "Effects of trauma",
      "unit": "2-your-well-being",
      "images": [],
      "type": "card",
      "subtype": "learn",
      "category": [],
      "contents": "</p>\n<h1 id=\"emotional\">Emotional</h1>\n<p><em>Helpless</em> - that something really bad happened and you could do nothing about it."
    }
  ,
    {
      "stack": "3-6-learn",
      "title": "Effects of trauma",
      "unit": "2-your-well-being",
      "images": [],
      "type": "card",
      "subtype": "learn",
      "category": [],
      "contents": "</p>\n<h1 id=\"emotional\">Emotional</h1>\n<p><em>Angry</em> — about what has happened and with whoever was responsible"
    }
  ,
    {
      "stack": "3-6-learn",
      "title": "Effects of trauma",
      "unit": "2-your-well-being",
      "images": [],
      "type": "card",
      "subtype": "learn",
      "category": [],
      "contents": "</p>\n<h1 id=\"emotional\">Emotional</h1>\n<p><em>Guilty</em> — that you have survived when others have suffered or died"
    }
  ,
    {
      "stack": "3-6-learn",
      "title": "Effects of trauma",
      "unit": "2-your-well-being",
      "images": [],
      "type": "card",
      "subtype": "learn",
      "category": [],
      "contents": "</p>\n<h1 id=\"emotional\">Emotional</h1>\n<p><em>Sad</em> - particularly if people were injured or killed, especially someone you knew."
    }
  ,
    {
      "stack": "3-6-learn",
      "title": "Effects of trauma",
      "unit": "2-your-well-being",
      "images": [],
      "type": "card",
      "subtype": "learn",
      "category": [],
      "contents": "</p>\n<h1 id=\"emotional\">Emotional</h1>\n<p><em>Ashamed or embarrassed</em> — that you have these strong feelings you can’t control, especially if you need others to support you"
    }
  ,
    {
      "stack": "3-6-learn",
      "title": "Effects of trauma",
      "unit": "2-your-well-being",
      "images": [],
      "type": "card",
      "subtype": "learn",
      "category": [],
      "contents": "</p>\n<h1 id=\"emotional\">Emotional</h1>\n<p><em>Relieved</em> - that danger is over and that the danger has gone."
    }
  ,
    {
      "stack": "3-6-learn",
      "title": "Effects of trauma",
      "unit": "2-your-well-being",
      "images": [],
      "type": "card",
      "subtype": "learn",
      "category": [],
      "contents": "</p>\n<h1 id=\"emotional\">Emotional</h1>\n<p><em>Hopeful</em> - that your life will return to normal. People can start to feel more positive about things quite soon after a trauma."
    }
  ,
    {
      "stack": "3-6-learn",
      "title": "Effects of trauma",
      "unit": "2-your-well-being",
      "images": [],
      "type": "card",
      "subtype": "learn",
      "category": [],
      "contents": "</p>\n<h1 id=\"physical\">Physical</h1>\n<p>Strong feelings affect your physical health. In the weeks after a trauma, you may find that you:"
    }
  ,
    {
      "stack": "3-6-learn",
      "title": "Effects of trauma",
      "unit": "2-your-well-being",
      "images": [],
      "type": "card",
      "subtype": "learn",
      "category": [],
      "contents": "</p>\n<ul>\n<li>Cannot sleep</li>\n<li>Feel very tired</li>\n<li>Dream a lot and have nightmares"
    }
  ,
    {
      "stack": "3-6-learn",
      "title": "Effects of trauma",
      "unit": "2-your-well-being",
      "images": [],
      "type": "card",
      "subtype": "learn",
      "category": [],
      "contents": "<h1 id=\"physical\">Physical</h1>\n</li>\n<li>Have poor concentration</li>\n<li>Have memory problems</li>\n<li>Have difficulty thinking clearly</li>\n<li>Suffer from headaches"
    }
  ,
    {
      "stack": "3-6-learn",
      "title": "Effects of trauma",
      "unit": "2-your-well-being",
      "images": [],
      "type": "card",
      "subtype": "learn",
      "category": [],
      "contents": "<h1 id=\"physical\">Physical</h1>\n</li>\n<li>Experiences change in appetite</li>\n<li>Experiences changes in sex-drive or libido</li>\n<li>Have aches and pains</li>\n<li>Feel that your heart is beating faster."
    }
  ,
    {
      "stack": "3-6-learn",
      "title": "Effects of trauma",
      "unit": "2-your-well-being",
      "images": [],
      "type": "card",
      "subtype": "learn",
      "category": [],
      "contents": "<h1 id=\"physical\">Physical</h1>\nIt may take weeks for some of these feelings and symptoms to pass. Remember that these are normal reactions to extreme circumstances. They are not signs that you are weak or sick.</li>\n</ul>"
    }
  ,
    {
      "stack": "3-7-learn",
      "title": "Dealing with traumatic",
      "unit": "2-your-well-being",
      "images": [],
      "type": "card",
      "subtype": "learn",
      "category": [],
      "contents": "<h1 id=\"use-your-own-strategy\">Use your own strategy</h1>\n<p>Everyone has natural ways of coping. Use your own positive coping strategies to feel stronger and regain a sense of control."
    }
  ,
    {
      "stack": "3-7-learn",
      "title": "Dealing with traumatic",
      "unit": "2-your-well-being",
      "images": [],
      "type": "card",
      "subtype": "learn",
      "category": [],
      "contents": "</p>\n<h1 id=\"possible-strategies\">Possible strategies</h1>\n<p>Adapt the following suggestions to take account of what is possible after the crisis."
    }
  ,
    {
      "stack": "3-7-learn",
      "title": "Dealing with traumatic",
      "unit": "2-your-well-being",
      "images": [],
      "type": "card",
      "subtype": "learn",
      "category": [],
      "contents": "</p>\n<h1 id=\"use-positive-coping-strategies\">Use positive coping strategies</h1>\n<ul>\n<li>Get enough rest</li>\n<li>Eat as regularly as possible and drink water</li>\n<li>Talk and spend time with family and friends."
    }
  ,
    {
      "stack": "3-7-learn",
      "title": "Dealing with traumatic",
      "unit": "2-your-well-being",
      "images": [],
      "type": "card",
      "subtype": "learn",
      "category": [],
      "contents": "<h1 id=\"use-positive-coping-strategies\">Use positive coping strategies</h1>\n</li>\n<li>Discuss problems with someone you trust.</li>\n<li>Do activities that help you relax (walk, sing, pray, play with children).</li>\n<li>Do physical exercise</li>\n<li>Find safe ways to help others in the crisis and get involved in community activities."
    }
  ,
    {
      "stack": "3-7-learn",
      "title": "Dealing with traumatic",
      "unit": "2-your-well-being",
      "images": [],
      "type": "card",
      "subtype": "learn",
      "category": [],
      "contents": "<h1 id=\"avoid-negative-coping-strategies\">Avoid negative coping strategies</h1>\n</li>\n<li>Don’t take drugs, smoke or drink alcohol</li>\n<li>Don’t sleep all day</li>\n<li>Don’t work all the time without any rest or relation"
    }
  ,
    {
      "stack": "3-7-learn",
      "title": "Dealing with traumatic",
      "unit": "2-your-well-being",
      "images": [],
      "type": "card",
      "subtype": "learn",
      "category": [],
      "contents": "<h1 id=\"avoid-negative-coping-strategies\">Avoid negative coping strategies</h1>\n</li>\n<li>Don&#39;t isolate yourself from friends and loved ones.</li>\n<li>Don’t neglect basic personal hygiene</li>\n<li>Don’t be violent"
    }
  ,
    {
      "stack": "3-7-learn",
      "title": "Dealing with traumatic",
      "unit": "2-your-well-being",
      "images": [],
      "type": "card",
      "subtype": "learn",
      "category": [],
      "contents": "<h1 id=\"weeks-and-months-after\">Weeks and months after</h1>\nKeep an eye out for changes in your personal attitude (depression, frustration, etc.) as these may be signs of longer-term <a href=\"en/topics/understand-2-security/2-your-well-being/3-7-learn.md\">post-traumatic stress disorder (PTSD)</a>.</li>\n</ul>"
    }
  ,
    {
      "stack": "3-8-learn",
      "title": "Identifying post-traumatic stress",
      "unit": "2-your-well-being",
      "images": [],
      "type": "card",
      "subtype": "learn",
      "category": [],
      "contents": "<h1 id=\"ptsd-is-common\">PTSD is common</h1>\n<p>Post-Traumatic Stress Disorder (PTSD) develops in about 1 in 3 people who experience severe trauma."
    }
  ,
    {
      "stack": "3-8-learn",
      "title": "Identifying post-traumatic stress",
      "unit": "2-your-well-being",
      "images": [],
      "type": "card",
      "subtype": "learn",
      "category": [],
      "contents": "</p>\n<h1 id=\"factors-that-increase-ptsd\">Factors that increase PTSD</h1>\n<p>Certain factors can make you more susceptible to developing PTSD after a traumatic event. These include if you or your family have had depression or anxiety in the past, or if you don’t receive much support from family or friends."
    }
  ,
    {
      "stack": "3-8-learn",
      "title": "Identifying post-traumatic stress",
      "unit": "2-your-well-being",
      "images": [],
      "type": "card",
      "subtype": "learn",
      "category": [],
      "contents": "</p>\n<h1 id=\"when-ptsd-occurs\">When PTSD occurs</h1>\n<p>In most cases, PTSD develops during the first month after a traumatic event. However, in a minority of cases, there may be a delay of months or even years before symptoms start to appear.</p>"
    }
  ,
    {
      "stack": "3-9-learn",
      "title": "Effects of post-traumatic stress",
      "unit": "2-your-well-being",
      "images": [],
      "type": "card",
      "subtype": "learn",
      "category": [],
      "contents": "<h1 id=\"symptoms-vary-widely\">Symptoms vary widely</h1>\n<p>The specific symptoms of PTSD can vary widely between people, but generally fall into the following categories:"
    }
  ,
    {
      "stack": "3-9-learn",
      "title": "Effects of post-traumatic stress",
      "unit": "2-your-well-being",
      "images": [],
      "type": "card",
      "subtype": "learn",
      "category": [],
      "contents": "</p>\n<h1 id=\"severe-and-persistent\">Severe and persistent</h1>\n<p>These symptoms are often severe and persistent and enough to have a significant impact on your day-to-day life."
    }
  ,
    {
      "stack": "3-9-learn",
      "title": "Effects of post-traumatic stress",
      "unit": "2-your-well-being",
      "images": [],
      "type": "card",
      "subtype": "learn",
      "category": [],
      "contents": "</p>\n<h1 id=\"re-experiencing\">Re-experiencing</h1>\n<p>Re-experiencing is the most typical symptom of PTSD. This is when you involuntarily and vividly re-lives the traumatic event in the form of flashbacks, nightmares or repetitive and distressing images or sensations."
    }
  ,
    {
      "stack": "3-9-learn",
      "title": "Effects of post-traumatic stress",
      "unit": "2-your-well-being",
      "images": [],
      "type": "card",
      "subtype": "learn",
      "category": [],
      "contents": "</p>\n<h1 id=\"physical-sensations\">Physical sensations</h1>\n<p>This can even include physical sensations such as pain, sweating and trembling or negative thoughts about your experience."
    }
  ,
    {
      "stack": "3-9-learn",
      "title": "Effects of post-traumatic stress",
      "unit": "2-your-well-being",
      "images": [],
      "type": "card",
      "subtype": "learn",
      "category": [],
      "contents": "</p>\n<h1 id=\"avoidance\">Avoidance</h1>\n<p>Trying to avoid being reminded of the traumatic event is another key symptom of PTSD."
    }
  ,
    {
      "stack": "3-9-learn",
      "title": "Effects of post-traumatic stress",
      "unit": "2-your-well-being",
      "images": [],
      "type": "card",
      "subtype": "learn",
      "category": [],
      "contents": "</p>\n<h1 id=\"coping-with-distractions\">Coping with distractions</h1>\n<p>This usually means avoiding certain people or places that remind you of the trauma, or avoiding talking to anyone about your experience. Many people with PTSD try distraction themselves with work or hobbies."
    }
  ,
    {
      "stack": "3-9-learn",
      "title": "Effects of post-traumatic stress",
      "unit": "2-your-well-being",
      "images": [],
      "type": "card",
      "subtype": "learn",
      "category": [],
      "contents": "</p>\n<h1 id=\"becoming-withdrawn\">Becoming withdrawn</h1>\n<p>Some people attempt to deal with their feelings by trying not to feel anything at all, which can lead you to becoming isolated and withdrawn."
    }
  ,
    {
      "stack": "3-9-learn",
      "title": "Effects of post-traumatic stress",
      "unit": "2-your-well-being",
      "images": [],
      "type": "card",
      "subtype": "learn",
      "category": [],
      "contents": "</p>\n<h1 id=\"feeling-on-edge\">Feeling on edge</h1>\n<p>Someone with PTSD may be very anxious and find it difficult to relax. You might feel constantly aware of threats and easily startled."
    }
  ,
    {
      "stack": "3-9-learn",
      "title": "Effects of post-traumatic stress",
      "unit": "2-your-well-being",
      "images": [],
      "type": "card",
      "subtype": "learn",
      "category": [],
      "contents": "</p>\n<h1 id=\"hyper-arousal\">Hyper-arousal</h1>\n<p>This state of mind is known as hyper-arousal. Hyper-arousal often leads to irritability, angry outburst, sleeping problems (insomnia) and difficulty concentrating."
    }
  ,
    {
      "stack": "3-9-learn",
      "title": "Effects of post-traumatic stress",
      "unit": "2-your-well-being",
      "images": [],
      "type": "card",
      "subtype": "learn",
      "category": [],
      "contents": "</p>\n<h1 id=\"other-effects\">Other effects</h1>\n<ul>\n<li>depression, anxiety and phobias</li>\n<li>drug misuse or alcohol misuse</li>\n<li>headaches, dizziness, chest pains and stomach aches</li>\n<li>PTSD sometimes leads to work-related problems and the breakdown of relationships.</li>\n</ul>"
    }
  ,
    {
      "stack": "4-test",
      "title": "Test",
      "unit": "2-your-well-being",
      "images": [],
      "type": "activity",
      "subtype": "test",
      "category": [],
      "contents": "<quiz name=\"Gitbook Quiz\">\n    <question multiple>\n        <p>What is gitbook used for?</p>\n        <answer correct>To read books</answer>\n        <answer>To book hotel named git</answer>\n        <answer correct>To write and publish beautiful books</answer>\n        <explanation>GitBook.com lets you write, publish and manage your books online as a service.</explanation>\n    </question>\n    <question>\n        <p>Is it quiz?</p>\n        <answer correct>Yes</answer>\n        <answer>No</answer>\n    </question>\n</quiz>"
    }
  ,
    {
      "stack": "5-next",
      "title": "Next",
      "unit": "2-your-well-being",
      "images": [],
      "type": "card",
      "subtype": "next",
      "category": [],
      "contents": "<hr>\n<ul>\n<li>(en/topics/understand-2-security/1-your-security/1-intro.md): Learn more about your security</li>\n<li>(en/topics/understand-2-security/3-your-mission-hrd/1-intro.md): Learn about your mission as a Human Rights Defender</li>\n<li>(en/topics/understand-2-security/3-your-story-journo/1-intro.md): Things to consider when writing your story</li>\n<li>(en/topics/understand-2-security/4-your-sources-journo/1-intro.md): How to protect your sources</li>\n<li>(en/topics/understand-2-security/5-your-colleagues/1-intro.md): How to protect your colleagues</li>\n</ul>\n<hr>\n<p>See also:</p>\n<ul>\n<li>Security First: <a href=\"https://secfirst.org/index.html\">Umbrella</a></li>\n<li>De Becker, G. (1997). The Gift of Fear and Other Survival Signals that Protect us from Violence, New York: Dell Publishing.</li>\n<li>Level-up: <a href=\"https://www.level-up.cc/resources-for-trainers/holistic/psychological-underpinnings-security-training\">Psychological underpinnings of security training</a></li>\n<li><a href=\"http://www.integratedsecuritymanual.org/\">Integrated Security Manual</a></li>\n</ul>"
    }
  ]
}
  