{
  "slug": "understand-4-digisec_2-passwords",
  "type": "unit",
  "title": "Passwords",
  "parentTitle": "Understanding Digital Security",
  "locale": "en",
  "categories": [],
  "updatedAt": "2016-06-02T10:00:14.496Z",
  "cards": [
    {
      "stack": "1-1-intro",
      "title": "Getting started with passwords",
      "type": "card",
      "subtype": "intro",
      "category": [],
      "contents": "<p>Learn about how to create strong and secure passwords</p>"
    }
  ,
    {
      "stack": "2-scenario",
      "title": "Scenario",
      "type": "card",
      "subtype": "scenario",
      "category": [],
      "contents": "<p>Scenario text...</p>"
    }
  ,
    {
      "stack": "3-1-learn",
      "title": "Password basics",
      "type": "card",
      "subtype": "learn",
      "category": [],
      "contents": "<p>Passwords are often the first and only barrier between your information and anyone who might want to read, use, or destroy it without your mission"
    }
  ,
    {
      "stack": "3-1-learn",
      "title": "Password basics",
      "type": "card",
      "subtype": "learn",
      "category": [],
      "contents": "Passwords are important for both online security and privacy. Bad passwords can easily nullify most of your other efforts."
    }
  ,
    {
      "stack": "3-1-learn",
      "title": "Password basics",
      "type": "card",
      "subtype": "learn",
      "category": [],
      "contents": "In general, when you want to protect something - whether a house or an email account - you lock it up with a key."
    }
  ,
    {
      "stack": "3-1-learn",
      "title": "Password basics",
      "type": "card",
      "subtype": "learn",
      "category": [],
      "contents": "All keys, physical and electronic, have one thing in common: they open their locks just as effectively in the hands of somebody else."
    }
  ,
    {
      "stack": "3-1-learn",
      "title": "Password basics",
      "type": "card",
      "subtype": "learn",
      "category": [],
      "contents": "You can use the most advanced security tools, but if your password is week, or if you allow it to fall into the wrong hands, they will not do you any good."
    }
  ,
    {
      "stack": "3-1-learn",
      "title": "Password basics",
      "type": "card",
      "subtype": "learn",
      "category": [],
      "contents": "</p>"
    }
  ,
    {
      "stack": "3-3-learn",
      "title": "Use a password manager",
      "type": "card",
      "subtype": "learn",
      "category": [],
      "contents": "<p>We recommend you use a password manager to keep track of passwords that are long and complex enough to be adequately secure. A secure password database, such as KeypassX, is a helpful tool for managing passwords for multiple accounts."
    }
  ,
    {
      "stack": "3-3-learn",
      "title": "Use a password manager",
      "type": "card",
      "subtype": "learn",
      "category": [],
      "contents": "Password managers are considered to be the most secure way to use complex and varying passwords and still remember them. KeePassX is an open-source password manager, and once you&#39;ve set your master password, it creates and saves passwords for you."
    }
  ,
    {
      "stack": "3-3-learn",
      "title": "Use a password manager",
      "type": "card",
      "subtype": "learn",
      "category": [],
      "contents": "To enhance convenience, you can synchronise your password database - for example, by using a cloud service, so that you can access your passwords on various computers as well as your phone. That way, you&#39;ll have round the clock access to strong passwords."
    }
  ,
    {
      "stack": "3-3-learn",
      "title": "Use a password manager",
      "type": "card",
      "subtype": "learn",
      "category": [],
      "contents": "</p>"
    }
  ,
    {
      "stack": "3-2-learn",
      "title": "Choosing a strong password",
      "type": "card",
      "subtype": "learn",
      "category": [],
      "contents": "<p>A password should be difficult for a computer program to guess, difficult for others to figure out, and should be chosen so as to minimise damage if someone does learn it."
    }
  ,
    {
      "stack": "3-2-learn",
      "title": "Choosing a strong password",
      "type": "card",
      "subtype": "learn",
      "category": [],
      "contents": "</p>\n<h1 id=\"make-it-long-\">Make it long:</h1>\n<p>The longer a password is, the longer it takes to guess it. Use more than ten characters or ideally a long phrase or sentence."
    }
  ,
    {
      "stack": "3-2-learn",
      "title": "Choosing a strong password",
      "type": "card",
      "subtype": "learn",
      "category": [],
      "contents": "Short passwords of any kind, even totally random ones, are not strong enough for use with encryption today."
    }
  ,
    {
      "stack": "3-2-learn",
      "title": "Choosing a strong password",
      "type": "card",
      "subtype": "learn",
      "category": [],
      "contents": "</p>\n<h1 id=\"make-it-complex-\">Make it complex:</h1>\n<p>Strong passwords are long and include a combination of lower and uppercase letters, numbers and special characters; their strength increases with length and complexity."
    }
  ,
    {
      "stack": "3-2-learn",
      "title": "Choosing a strong password",
      "type": "card",
      "subtype": "learn",
      "category": [],
      "contents": "</p>\n<h1 id=\"don-t-make-it-personal-\">Don&#39;t make it personal:</h1>\n<p>Don&#39;t choose a word or phrase based on information such as you name, telephone number, child&#39;s name, pet&#39;s name, birth date, or anything else that a person could easily learn by doing a little research about you."
    }
  ,
    {
      "stack": "3-2-learn",
      "title": "Choosing a strong password",
      "type": "card",
      "subtype": "learn",
      "category": [],
      "contents": "</p>\n<h1 id=\"keep-it-secret-\">Keep it secret:</h1>\n<p>Don&#39;t share your password with anybody unless absolutely necessary! If you must share a password with a family member or colleague, you should change it to a temporary password first, share that one, then change it back when they are done using it."
    }
  ,
    {
      "stack": "3-2-learn",
      "title": "Choosing a strong password",
      "type": "card",
      "subtype": "learn",
      "category": [],
      "contents": "</p>\n<h1 id=\"keep-it-unique-\">Keep it unique:</h1>\n<p>Don’t use the same password across devices or for multiple accounts. Otherwise anyone who learns that password will be able to access all accounts with the same password"
    }
  ,
    {
      "stack": "3-2-learn",
      "title": "Choosing a strong password",
      "type": "card",
      "subtype": "learn",
      "category": [],
      "contents": "</p>\n<h1 id=\"keep-it-fresh-\">Keep it fresh:</h1>\n<p>It&#39;s important to change your passwords regularly, regardless of how strong of a password you have. We recommend you change your password at least once every three months."
    }
  ,
    {
      "stack": "3-2-learn",
      "title": "Choosing a strong password",
      "type": "card",
      "subtype": "learn",
      "category": [],
      "contents": "</p>\n<h1 id=\"make-it-memorable-\">Make it memorable:</h1>\n<p>Password patterns can allow you to use very different but related phrases for all of your accounts, basing one off of the other. For example, if you use your mother’s birthday, you could use your dad’s, brother’s, grandmother’s or dog’s for other accounts."
    }
  ,
    {
      "stack": "3-2-learn",
      "title": "Choosing a strong password",
      "type": "card",
      "subtype": "learn",
      "category": [],
      "contents": "Repeating patterns will make your passwords easy to remember, though it can put you at risk if an adversary gains access to multiple passwords and recognizes the patterns."
    }
  ,
    {
      "stack": "3-2-learn",
      "title": "Choosing a strong password",
      "type": "card",
      "subtype": "learn",
      "category": [],
      "contents": "Of course, any pattern model becomes ineffective as soon as it is written or suggested anywhere online (so never use the one we just suggested).</p>"
    }
  ,
    {
      "stack": "3-4-learn",
      "title": "Test your password strength",
      "type": "card",
      "subtype": "learn",
      "category": [],
      "contents": "<p>To test your password, you can play around with the “How secure is my password?” tool. This site will calculate how quickly a desktop PC could crack your password. “Hello12,” for example, would take about 19 seconds."
    }
  ,
    {
      "stack": "3-4-learn",
      "title": "Test your password strength",
      "type": "card",
      "subtype": "learn",
      "category": [],
      "contents": "But caution: after you enter your password into this public site, it might not be a bad idea to change it. And if you really believe that you are up against advanced adversaries, keep in mind that they’ll have much more computing power than a normal desktop PC.</p>"
    }
  ,
    {
      "stack": "3-5-learn",
      "title": "Two-factor authentication",
      "type": "card",
      "subtype": "learn",
      "category": [],
      "contents": "<p>Take advantage of online services that offer two-factor authentication. These programs require not only a password, but also, say, a code sent to you in a text message."
    }
  ,
    {
      "stack": "3-5-learn",
      "title": "Two-factor authentication",
      "type": "card",
      "subtype": "learn",
      "category": [],
      "contents": "You input the code to verify that you are indeed the person trying to access the account. Google, Twitter and Dropbox were the first to offer this procedure. However now, the practice is widespread in common service providers.</p>"
    }
  ,
    {
      "stack": "4-test",
      "title": "Test",
      "type": "activity",
      "subtype": "test",
      "category": [],
      "contents": "<quiz name=\"Gitbook Quiz\">\n    <question multiple>\n        <p>What is gitbook used for?</p>\n        <answer correct>To read books</answer>\n        <answer>To book hotel named git</answer>\n        <answer correct>To write and publish beautiful books</answer>\n        <explanation>GitBook.com lets you write, publish and manage your books online as a service.</explanation>\n    </question>\n    <question>\n        <p>Is it quiz?</p>\n        <answer correct>Yes</answer>\n        <answer>No</answer>\n    </question>\n</quiz>"
    }
  ,
    {
      "stack": "5-next",
      "title": "Next",
      "type": "card",
      "subtype": "next",
      "category": [],
      "contents": "<ul>\n<li><a href=\"en/topics/_topic/_unit/index.md\">A topic to study next</a></li>\n<li><a href=\"en/topics/_topic/_unit/index.md\">Another topic</a></li>\n<li>...</li>\n</ul>"
    }
  ]
}
  