{
  "slug": "tool-1-open-mentoring_1-sharing",
  "type": "unit",
  "title": "How to share the Open Mentoring App",
  "parentTitle": "Using the Open Mentoring App",
  "locale": "en",
  "categories": [
       "platform:android"
      , "platform:android"
      , "platform:android"
      , "protect:content,identity"
      , "protect:content"
      , "protect:identity"
      , "protect:content,identity"
      , "protect:content"],
  "updatedAt": "2016-07-01T13:27:38.667Z",
  "cards": [
    {
      "stack": "1-2-takeaways",
      "title": "Key takeaways",
      "unit": "1-sharing",
      "images": [],
      "type": "card",
      "subtype": "takeaways",
      "category": [],
      "contents": "<h2 id=\"a-new-post\">A New Post</h2>\n<p>Enter text in <a href=\"http://daringfireball.net/projects/markdown/\">Markdown</a>. Use the toolbar above, or click the <strong>?</strong> button for formatting help.</p>"
    }
  ,
    {
      "stack": "1-intro",
      "title": "How to share Open Mentoring content with others?",
      "unit": "1-sharing",
      "images": [],
      "type": "card",
      "subtype": "intro",
      "category": [],
      "contents": "<ul>\n<li>First you need to share the app.</li>\n<li>Then you need to share content.</li>\n</ul>\n<p><a href=\"resources/risk-assessment.md\">Learn more about risk types and levels</a></p>"
    }
  ,
    {
      "stack": "2-scenario",
      "title": "Scenario",
      "unit": "1-sharing",
      "images": [],
      "type": "card",
      "subtype": "scenario",
      "category": [
           "protect:content"
          , "protect:identity"],
      "contents": "<p>Mansour is an investigative journalist who wants to share the app with his source Magda who has a sensitive story about government corruption. She wants to enable Magda to communicate safely and share documents. He needs to be careful to share the app and its content in ways that doesn&#39;t allow to link them together to protect Magda as a source.</p>"
    }
  ,
    {
      "stack": "3-howto-android-content",
      "title": "How-to",
      "unit": "1-sharing",
      "images": [],
      "type": "howto",
      "subtype": "howto",
      "category": [
           "platform:android"
          , "protect:content"],
      "contents": "<p>First you need to share the app</p>\n<ul>\n<li>If you want to share this app as a link </li>\n<li>If you want to share the app with a QR code</li>\n</ul>\n<p>Then you need to share the content</p>\n<ul>\n<li>...</li>\n</ul>"
    }
  ,
    {
      "stack": "3-howto-android-identity",
      "title": "How-to",
      "unit": "1-sharing",
      "images": [],
      "type": "howto",
      "subtype": "howto",
      "category": [
           "platform:android"
          , "protect:identity"],
      "contents": "<p>First you need to share the app</p>\n<ul>\n<li>If you want to share this app as a link </li>\n<li>If you want to share the app with a QR code</li>\n</ul>\n<p>Then you need to share the content</p>\n<ul>\n<li>...</li>\n</ul>"
    }
  ,
    {
      "stack": "3-howto-android",
      "title": "How-to",
      "unit": "1-sharing",
      "images": [],
      "type": "howto",
      "subtype": "howto",
      "category": [
           "platform:android"],
      "contents": "<p>First you need to share the app</p>\n<ul>\n<li>If you want to share this app as a link </li>\n<li>If you want to share the app with a QR code</li>\n</ul>\n<p>Then you need to share the content</p>\n<ul>\n<li>...</li>\n</ul>"
    }
  ]
}
  