{
  "slug": "tool-7-computer-hygiene_1-computer-hygiene",
  "type": "unit",
  "title": "Getting started with computer hygiene",
  "parentTitle": "Computer Hygiene",
  "locale": "en",
  "categories": [],
  "updatedAt": "2016-06-14T14:59:06.244Z",
  "cards": [
    {
      "stack": "1-1-intro",
      "title": "Getting Started",
      "type": "card",
      "subtype": "intro",
      "category": [],
      "contents": "<p>Learn to implement common computer hygiene practices.</p>"
    }
  ,
    {
      "stack": "3-1-learn",
      "title": "Protecting your computer against malware",
      "type": "card",
      "subtype": "learn",
      "category": [],
      "contents": "<p>You will be better able to successfully implement some of the more sophisticated digital technologies and tactics if your computer is well protected from malware."
    }
  ,
    {
      "stack": "3-1-learn",
      "title": "Protecting your computer against malware",
      "type": "card",
      "subtype": "learn",
      "category": [],
      "contents": "Malware is the general name for any malicious and undesirable software that attacks your computer and prevents it from working correctly."
    }
  ,
    {
      "stack": "3-1-learn",
      "title": "Protecting your computer against malware",
      "type": "card",
      "subtype": "learn",
      "category": [],
      "contents": "To learn how to protect yourself from malware, refer to the <a href=\"en/topics/practice-1-emergencies/4-malware/1-1-intro.md\">Malware</a> and <a href=\"en/topics/tool-7-computer-hygiene/2-antivirus/1-1-intro.md\">anti-virus</a> lessons.</p>"
    }
  ,
    {
      "stack": "3-2-learn",
      "title": "Keeping your software up to date",
      "type": "card",
      "subtype": "learn",
      "category": [],
      "contents": "<p>It is critical to always update your computer’s software regularly and ensure that you have the latest version available. Keeping your software up to date limits weaknesses in the software that can be exploited by malware."
    }
  ,
    {
      "stack": "3-2-learn",
      "title": "Keeping your software up to date",
      "type": "card",
      "subtype": "learn",
      "category": [],
      "contents": "Always keep your operating system (Windows, Linux, Mac OS, etc) updated by downloading the latest updates from the respective websites."
    }
  ,
    {
      "stack": "3-2-learn",
      "title": "Keeping your software up to date",
      "type": "card",
      "subtype": "learn",
      "category": [],
      "contents": "Application software (Word, Excel, LibreOffice), either bought or open source, should also be kept up to date. Set your software to send you alerts about security updates, if such an option is available, so that you can get them as soon as they are released."
    }
  ,
    {
      "stack": "3-2-learn",
      "title": "Keeping your software up to date",
      "type": "card",
      "subtype": "learn",
      "category": [],
      "contents": "Most software on Windows will either update automatically or alert you to available updates, and point you to where you can download them. Windows operating system is set to auto-update by default."
    }
  ,
    {
      "stack": "3-2-learn",
      "title": "Keeping your software up to date",
      "type": "card",
      "subtype": "learn",
      "category": [],
      "contents": "If your settings are not set to auto-update (mobile-based GSM data providers often advise you to turn off automatic Windows updates to conserve your data bundles) you can turn this function on by going to your computer’s Start menu, selecting All Programs and clicking Windows Update."
    }
  ,
    {
      "stack": "3-2-learn",
      "title": "Keeping your software up to date",
      "type": "card",
      "subtype": "learn",
      "category": [],
      "contents": "Alternatively, through the process above you can set Windows Update to inform you of available updates and let you decide whether to download them or not. This way, you can download and install all your updates when you are in a place with a good and affordable internet connection (e.g. your office)</p>"
    }
  ,
    {
      "stack": "3-3-learn",
      "title": "Open source software",
      "type": "card",
      "subtype": "learn",
      "category": [],
      "contents": "<p>For most small organisations, keeping your paid-for software up to date can be a challenge. Sometimes you have to buy new licences, or whole new software suites, which can be a drain on your budget."
    }
  ,
    {
      "stack": "3-3-learn",
      "title": "Open source software",
      "type": "card",
      "subtype": "learn",
      "category": [],
      "contents": "Consider switching to free and open source software (FOSS) such as the office suite LibreOffice, and an open source operating system such as GNU/Linux-based Ubuntu."
    }
  ,
    {
      "stack": "3-3-learn",
      "title": "Open source software",
      "type": "card",
      "subtype": "learn",
      "category": [],
      "contents": "Also consider using Mozilla Thunderbird as your email client and Firefox as your internet browser. As well as being free, FOSS software is also relatively more secure, as there are millions of volunteers looking at the source code and any one of them can spot bugs and fix them much quicker than engineers of proprietary software can."
    }
  ,
    {
      "stack": "3-3-learn",
      "title": "Open source software",
      "type": "card",
      "subtype": "learn",
      "category": [],
      "contents": "Independent developers are also constantly developing digital security tools to add to FOSS software."
    }
  ,
    {
      "stack": "3-3-learn",
      "title": "Open source software",
      "type": "card",
      "subtype": "learn",
      "category": [],
      "contents": "For a list of recommended free and open software, <a href=\"https://securityinabox.org/en/eco-rights-africa/malware#392\">refer to the list</a> Tactical Technology Collective has put together</p>"
    }
  ,
    {
      "stack": "3-4-learn",
      "title": "Keeping backups of information",
      "type": "card",
      "subtype": "learn",
      "category": [],
      "contents": "<p>Loss of digital information from computer theft or collapse is fairly common in many countries. In some countries, confiscation and destruction of computers by government security agents is also something that you should be wary of."
    }
  ,
    {
      "stack": "3-4-learn",
      "title": "Keeping backups of information",
      "type": "card",
      "subtype": "learn",
      "category": [],
      "contents": "Fortunately, you can take measures to ensure that you recover your most important information in the unfortunate event that you should lose a computer either through theft, system collapse, or confiscation/destruction by your adversaries."
    }
  ,
    {
      "stack": "3-4-learn",
      "title": "Keeping backups of information",
      "type": "card",
      "subtype": "learn",
      "category": [],
      "contents": "Your best bet is to keep a backup of your important information. When creating a backup:"
    }
  ,
    {
      "stack": "3-4-learn",
      "title": "Keeping backups of information",
      "type": "card",
      "subtype": "learn",
      "category": [],
      "contents": "</p>\n<ul>\n<li>Identify your important information and organize it in one place, such as a folder in your computer.</li>\n<li>Select a backup storage medium that allows you to replace your backup document with its latest version. An external hard disk drive (HDD), which connects to your computer via USB, has become the storage medium of choice for many."
    }
  ,
    {
      "stack": "3-4-learn",
      "title": "Keeping backups of information",
      "type": "card",
      "subtype": "learn",
      "category": [],
      "contents": "External HDDs can offer storage space of up to 6TB. It is, however, recommended that you store your backups on smaller HDDs, from 350MB to 1TB, which you can keep in separate locations."
    }
  ,
    {
      "stack": "3-4-learn",
      "title": "Keeping backups of information",
      "type": "card",
      "subtype": "learn",
      "category": [],
      "contents": "Keep your backups in a separate location from your computer. This ensures that you do not lose both the files on your computer and your backup at the same time. Keeping a couple of backups in different locations is good practice, as long as these too are secured."
    }
  ,
    {
      "stack": "3-4-learn",
      "title": "Keeping backups of information",
      "type": "card",
      "subtype": "learn",
      "category": [],
      "contents": "You can also store your backups on remote servers via the internet – on what is now known as the cloud. Ensure you choose a secure online storage service. Consider secure services like Tresorit and SpiderOak, which are both quite secure and reliable.</li>\n</ul>"
    }
  ,
    {
      "stack": "5-next",
      "title": "Next",
      "type": "card",
      "subtype": "next",
      "category": [],
      "contents": "<hr>\n<ul>\n<li>en/topics/understand-4-digisec/0-getting-started/1-1-intro.md: Getting started with digital security</li>\n<li>en/topics/practice-1-emergencies/3-seized-devices/1-1-intro.md: What to do if your device is seized</li>\n</ul>\n<hr>\n<p>See also:</p>\n<ul>\n<li>Tactical Technology Collective: <a href=\"https://securityinabox.org/en/eco-rights-africa/computer-hygiene\">Basic computer hygiene</a></li>\n</ul>"
    }
  ]
}
  