{
  "slug": "tool-8-android-hygiene_1-antivirus",
  "type": "unit",
  "title": "Understanding Threats",
  "parentTitle": "Android Hygiene",
  "locale": "en",
  "categories": [],
  "updatedAt": "2016-07-01T11:55:42.744Z",
  "cards": [
    {
      "stack": "1-1-intro",
      "title": "Anti-virus software",
      "unit": "1-antivirus",
      "images": [],
      "type": "card",
      "subtype": "intro",
      "category": [],
      "contents": "<p>Anti-virus software is a valuable tool against non-targeted but still dangerous malware.</p>"
    }
  ,
    {
      "stack": "2-scenario",
      "title": "Scenario",
      "unit": "1-antivirus",
      "images": [],
      "type": "card",
      "subtype": "scenario",
      "category": [],
      "contents": "<p>Scenario text...</p>"
    }
  ,
    {
      "stack": "3-1-learn",
      "title": "Recommended anti-virus software",
      "unit": "1-antivirus",
      "images": [],
      "type": "card",
      "subtype": "learn",
      "category": [],
      "contents": "<ul>\n<li>Microsoft Safety Scanner (Windows)</li>\n<li>F-Secure</li>\n<li>Kaspersky</li>\n<li>ClamXav (Mac OS X)</li>\n<li>TrendMicro</li>\n<li>ClamAV (Windows and Linux)</li>\n</ul>"
    }
  ,
    {
      "stack": "3-2-learn",
      "title": "Using anti-virus software",
      "unit": "1-antivirus",
      "images": [],
      "type": "card",
      "subtype": "learn",
      "category": [],
      "contents": "<p>When you run anti-virus software, ensure that it is up to date."
    }
  ,
    {
      "stack": "3-2-learn",
      "title": "Using anti-virus software",
      "unit": "1-antivirus",
      "images": [],
      "type": "card",
      "subtype": "learn",
      "category": [],
      "contents": "</p>\n<blockquote>\n<p>Step 1:</p>\n<h1 id=\"take-a-screenshot-of-the-message\">Take a screenshot of the message</h1>\n</blockquote>\n<p>"
    }
  ,
    {
      "stack": "3-2-learn",
      "title": "Using anti-virus software",
      "unit": "1-antivirus",
      "images": [],
      "type": "card",
      "subtype": "learn",
      "category": [],
      "contents": "</p>\n<blockquote>\n<p>Step 2</p>\n<h1 id=\"continue-with-the-recommended-steps-to-remove-the-virus\">Continue with the recommended steps to remove the virus</h1>\n</blockquote>\n<p>"
    }
  ,
    {
      "stack": "3-2-learn",
      "title": "Using anti-virus software",
      "unit": "1-antivirus",
      "images": [],
      "type": "card",
      "subtype": "learn",
      "category": [],
      "contents": "</p>\n<blockquote>\n<p>Step 3</p>\n<h1 id=\"following-the-guidelines-in-the-safer-communication-en-topics-understand-4-digisec-4-secure-communications-1-intro-md-section-send-the-screenshot-to-a-trusted-person-with-security-expertise\">Following the guidelines in the <a href=\"en/topics/understand-4-digisec/4-secure-communications/1-intro.md\">Safer Communication</a> section, send the screenshot to a trusted person with security expertise</h1>\n</blockquote>"
    }
  ,
    {
      "stack": "3-9-learn",
      "title": "Anti-virus software",
      "unit": "1-antivirus",
      "images": [],
      "type": "card",
      "subtype": "learn",
      "category": [],
      "contents": "<p>We recommend using anti-virus software because it is a valuable tool against non-targeted but still dangerous malware.</p>"
    }
  ,
    {
      "stack": "1-2-takeaways",
      "title": "Learn about",
      "unit": "1-antivirus",
      "images": [],
      "type": "card",
      "subtype": "takeaways",
      "category": [],
      "contents": "<ul>\n<li><a href=\"en/topics/practice-2-planning/1-threats/3-1-learn.md\">Recommended anti-virus software</a></li>\n<li><a href=\"en/topics/practice-2-planning/1-threats/3-2-learn.md\">Using anti-virus software</a></li>\n</ul>"
    }
  ,
    {
      "stack": "5-next",
      "title": "Next",
      "unit": "1-antivirus",
      "images": [],
      "type": "card",
      "subtype": "next",
      "category": [],
      "contents": "<p>See also:</p>\n<ul>\n<li>Electronic Frontier Foundation: <a href=\"https://ssd.eff.org/en/module/introduction-threat-modeling\">Surveillance Self-Defense</a></li>\n</ul>"
    }
  ]
}
  