{
  "slug": "practice-1-emergencies_1-seeking-help",
  "type": "unit",
  "title": "Seeking Remote Help",
  "parentTitle": "Dealing with Emergencies",
  "locale": "en",
  "categories": [],
  "updatedAt": "2016-05-03T08:41:29.083Z",
  "cards": [
    {
      "stack": "1-intro",
      "title": "Introduction",
      "type": "card",
      "subtype": "intro",
      "category": [],
      "contents": "<p>This section will provide you with guidance on ways to establish secure communication when reaching out for help when confronted with a potential digital attack.</p>"
    }
  ,
    {
      "stack": "2-scenario",
      "title": "Scenario",
      "type": "card",
      "subtype": "scenario",
      "category": [],
      "contents": "<p>Isaac is worried that his computer might have been hacked into. He wants to reach out to his friend Brenda who he thinks can advise her."
    }
  ,
    {
      "stack": "2-scenario",
      "title": "Scenario",
      "type": "card",
      "subtype": "scenario",
      "category": [],
      "contents": "But Isaac thinks that he might be at risk if he reveals too much about his situation, or worse, that he could put Brenda herself at risk if he doesn&#39;t use secure communications to reach out to her.</p>"
    }
  ,
    {
      "stack": "3-learn",
      "title": "Learn",
      "type": "card",
      "subtype": "learn",
      "category": [],
      "contents": "<p>As a general rule, it is important to understand that most ‘normal’ communications tools are not very secure against eavesdropping."
    }
  ,
    {
      "stack": "3-learn",
      "title": "Learn",
      "type": "card",
      "subtype": "learn",
      "category": [],
      "contents": "Mobile and landline phone communication is not encrypted and can be listened to by governments, law enforcement agencies, or other parties with the necessary technical equipment."
    }
  ,
    {
      "stack": "3-learn",
      "title": "Learn",
      "type": "card",
      "subtype": "learn",
      "category": [],
      "contents": "Sending unencrypted communication is like sending a postcard, anyone who has access to the postcard can read the message."
    }
  ,
    {
      "stack": "3-learn",
      "title": "Learn",
      "type": "card",
      "subtype": "learn",
      "category": [],
      "contents": "Sending encrypted communication is like placing the postcard inside a safe and then sending the safe, which only you and those you trust know the combination to and are able to open and read the message.</p>"
    }
  ,
    {
      "stack": "4-test",
      "title": "Test",
      "type": "activity",
      "subtype": "test",
      "category": [],
      "contents": "<quiz name=\"\">\n    <question>\n        <p>Landlines are not encrypted but mobile phones are</p>\n        <answer correct>Yes</answer>\n        <answer>No</answer>\n        <explanation> Mobile and landline phone communication is not encrypted and can be listened to by governments, law enforcement agencies, or other parties with the necessary technical equipment.</explanation>\n    </question>\n</quiz>"
    }
  ,
    {
      "stack": "6-test",
      "title": "Test",
      "type": "activity",
      "subtype": "test",
      "category": [],
      "contents": "<quiz name=\"\">\n    <question>\n        <p>With end-to-end encryption the company providing the service is able to read my content.</p>\n        <answer>Yes</answer>\n        <answer correct>No</answer>\n        <explanation>End-to-end encryption means that only you and the person you&#39;re communicating with have the encryption keys. If the keys are not available to anyone else, then no one can eavesdrop on your communications.</explanation>\n    </question>\n    <question>\n        <p>With transport layer encryption the company providing the service is able to read my content.</p>\n        <answer correct>Yes</answer>\n        <answer>No</answer>\n        <explanation>With transport-layer encryption (HTTPS), the communication is encrypted between you and the company&#39;s server. In other words, it&#39;s the internet company that is providing the encryption and they have the encryption keys. In the end-to-end case you and the person you&#39;re communicating with are providing the encryption.</explanation>\n    </question>\n</quiz>"
    }
  ,
    {
      "stack": "7-next",
      "title": "Next",
      "type": "card",
      "subtype": "next",
      "category": [],
      "contents": "<p>Do the best that you can with the resources and skills available."
    }
  ,
    {
      "stack": "7-next",
      "title": "Next",
      "type": "card",
      "subtype": "next",
      "category": [],
      "contents": "Start with the most secure form of communication you can manage and the person you reach out to may be able to help you establish a line of communications that is more secure, if necessary."
    }
  ,
    {
      "stack": "7-next",
      "title": "Next",
      "type": "card",
      "subtype": "next",
      "category": [],
      "contents": "In many cases, it is better to reach out for help insecurely than not to reach out for help at all."
    }
  ,
    {
      "stack": "7-next",
      "title": "Next",
      "type": "card",
      "subtype": "next",
      "category": [],
      "contents": "</p>\n<ul>\n<li><a href=\"en/topics/practice-2-planning/0-getting-started/index.md\">Understanding Threats</a></li>\n<li>...</li>\n</ul>"
    }
  ]
}
  