{
  "slug": "practice-1-emergencies_1-seeking-help",
  "type": "unit",
  "title": "Seek Remote Help",
  "parentTitle": "Deal with Emergencies",
  "locale": "en",
  "categories": [],
  "updatedAt": "2016-07-01T15:23:59.142Z",
  "cards": [
    {
      "stack": "1-1-intro",
      "title": "Seek help",
      "unit": "1-seeking-help",
      "images": [ "unit.svg"],
      "type": "card",
      "subtype": "intro",
      "category": [],
      "contents": "<p>Establish secure communications when reaching out for help.</p>"
    }
  ]
}
  