{
  "slug": "practice-1-emergencies_2-account-hijacked",
  "type": "unit",
  "title": "Account Hijacking",
  "parentTitle": "Dealing with Emergencies",
  "locale": "en",
  "categories": [],
  "updatedAt": "2016-05-22T16:06:09.890Z",
  "cards": [
    {
      "stack": "1-intro",
      "title": "Introduction",
      "type": "card",
      "subtype": "intro",
      "category": [],
      "contents": "<p><img src=\"unit.png\" alt=\"\" title=\"Landing image for the unit\"></p>\n<p>This section will provide recommendations on steps to take should you suspect your online accounts are hijacked.</p>"
    }
  ,
    {
      "stack": "2-scenario",
      "title": "Scenario",
      "type": "card",
      "subtype": "scenario",
      "category": [],
      "contents": "<p><img src=\"scenario.png\" alt=\"\" title=\"Illustrate scenario 1\"></p>\n<p>Michael just received an email from his service provider allerting him that his social media account password has recently changed. However, he did not request such a change."
    }
  ,
    {
      "stack": "2-scenario",
      "title": "Scenario",
      "type": "card",
      "subtype": "scenario",
      "category": [],
      "contents": "<img src=\"scenario.png\" alt=\"\" title=\"Illustrate scenario 2\"></p>\n<p>More worrying, his social media account is now making posts he didn&#39;t write. Michael suspects that his social media account has been hijacked.</p>"
    }
  ,
    {
      "stack": "3-1-learn",
      "title": "Mitigating the problem",
      "type": "card",
      "subtype": "learn",
      "category": [],
      "contents": "<p>Should you suspect your account has been hijacked, the first step you should take is mitigating the problem."
    }
  ,
    {
      "stack": "3-1-learn",
      "title": "Mitigating the problem",
      "type": "card",
      "subtype": "learn",
      "category": [],
      "contents": "</p>\n<p>##If you have access to the account\nIf you still have access to the account, take the following steps:</p>\n<ul>\n<li>Move to a different computer that you believe to be safe or uncompromised</li>\n<li>Log into your account from the new computer and change the password on your account</li>\n<li>Stop using this account for sharing of sensitive information until you better understand the situation.</li>\n</ul>\n<p><img src=\"recap.png\" alt=\"\" title=\"Lesson section recap image\">"
    }
  ,
    {
      "stack": "3-1-learn",
      "title": "Mitigating the problem",
      "type": "card",
      "subtype": "learn",
      "category": [],
      "contents": "</p>\n<p>##If you do not have access to the account\nIf you no longer have access to the account, different providers have different recovery procedures or ways to reset passwords."
    }
  ,
    {
      "stack": "3-1-learn",
      "title": "Mitigating the problem",
      "type": "card",
      "subtype": "learn",
      "category": [],
      "contents": "Some providers will send a link to change your password to your recovery email address, while other platforms reset it to your last password."
    }
  ,
    {
      "stack": "3-1-learn",
      "title": "Mitigating the problem",
      "type": "card",
      "subtype": "learn",
      "category": [],
      "contents": "In the reset case, it is important to change the password immediately after regaining access to your account."
    }
  ,
    {
      "stack": "3-1-learn",
      "title": "Mitigating the problem",
      "type": "card",
      "subtype": "learn",
      "category": [],
      "contents": "If these steps do not work and your account is being abused, contact the platform provider directly. Alternatively, contact the following organisations for possible support in shutting the account down."
    }
  ,
    {
      "stack": "3-1-learn",
      "title": "Mitigating the problem",
      "type": "card",
      "subtype": "learn",
      "category": [],
      "contents": "</p>\n<p>##Organisations to contact for support\nElectronic Frontier Foundation: info@eff.org\nFront Line Defenders: info@frontlinedefenders.org\nCommittee to Protect Journalists: info@cpj.org\nReporters Sans Frontieres: internet@rsf.org\nAccess: help@accessnow.org\nDigital Defenders Partnership: ddp@hivos.org\nInternews: info@internews.org</p>"
    }
  ,
    {
      "stack": "3-4-learn",
      "title": "Reviewing Account Activity",
      "type": "card",
      "subtype": "learn",
      "category": [],
      "contents": "<p>For some platforms (e.g. Facebook, Gmail), it is possible to review conneciton history and account activity."
    }
  ,
    {
      "stack": "3-4-learn",
      "title": "Reviewing Account Activity",
      "type": "card",
      "subtype": "learn",
      "category": [],
      "contents": "Check to see if your account was accessed at a time when you were not online or if your account was accessed from an unfamiliar location or IP address."
    }
  ,
    {
      "stack": "3-4-learn",
      "title": "Reviewing Account Activity",
      "type": "card",
      "subtype": "learn",
      "category": [],
      "contents": "Be mindful that if you are using the Tor browser or a VPN service, it is possible that the location or IP address may differ from the location you have accessed the platform.</p>"
    }
  ,
    {
      "stack": "3-5-learn",
      "title": "Adjusting account settings",
      "type": "card",
      "subtype": "learn",
      "category": [],
      "contents": "<p>Look at the account settings. Have they changed?"
    }
  ,
    {
      "stack": "3-5-learn",
      "title": "Adjusting account settings",
      "type": "card",
      "subtype": "learn",
      "category": [],
      "contents": "For email accounts, check for auto-forwards in email, possible changes to the backup/reset email address of phone numbers, synchronisation to different devices, including phones, computers or tablets, permisions to applications or other account permisions.</p>"
    }
  ,
    {
      "stack": "3-6-learn",
      "title": "Changing account passwords",
      "type": "card",
      "subtype": "learn",
      "category": [],
      "contents": "<p>Change the passwords for all your other online accounts that are linked to your hijacked account.</p>\n<p>For example, if you are looking at an email account and it is the recovery address for another account, change the password for that account as well.</p>"
    }
  ,
    {
      "stack": "4-test",
      "title": "Test",
      "type": "activity",
      "subtype": "test",
      "category": [],
      "contents": "<quiz name=\"Gitbook Quiz\">\n    <question multiple>\n        <p>What is gitbook used for?</p>\n        <answer correct>To read books</answer>\n        <answer>To book hotel named git</answer>\n        <answer correct>To write and publish beautiful books</answer>\n        <explanation>GitBook.com lets you write, publish and manage your books online as a service.</explanation>\n    </question>\n    <question>\n        <p>Is it quiz?</p>\n        <answer correct>Yes</answer>\n        <answer>No</answer>\n    </question>\n</quiz>"
    }
  ,
    {
      "stack": "5-next",
      "title": "Next",
      "type": "card",
      "subtype": "next",
      "category": [],
      "contents": "<p> You might be interested in reading these other topics:</p>\n<ul>\n<li><a href=\"topics/practice-1-emergencies/1-seeking-help\">How to get help!</a> (Read this section first on how to communicate securely with others, and <em>where you can get help</em>)</li>\n<li><a href=\"topics/practice-1-emergencies/3-devices-seized.md\">Has your phone or laptop been taken from you?</a> (Was it taken out of your sight at a security checkpoint? Stolen/siezed? Has it been returned?)"
    }
  ,
    {
      "stack": "5-next",
      "title": "Next",
      "type": "card",
      "subtype": "next",
      "category": [],
      "contents": "</li>\n<li><a href=\"topics/practice-1-emergencies/4-malware.md\">Does your computer have malware?</a> (Is your computer acting suspicious?)</li>\n<li><a href=\"topics/practice-1-emergencies/ddos.md\">Is your website under attack?</a> (Is your site down? Has it been defaced?)</li>\n<li><a href=\"topics/practice-1-emergencies/after.md\">What to do after the emergency is past</a> (What to do when the dust settles? Time to prepare so that you&#39;re ready for the next time.)"
    }
  ,
    {
      "stack": "5-next",
      "title": "Next",
      "type": "card",
      "subtype": "next",
      "category": [],
      "contents": "See also:</li>\n<li><a href=\"resources/glossary.md\">Glossary of terms</a></li>\n<li><a href=\"resources\">Further Reading and Resources</a></li>\n</ul>"
    }
  ]
}
  