{
  "slug": "understand-2-security_5-your-colleagues",
  "type": "unit",
  "title": "Your colleagues",
  "parentTitle": "Understand Security",
  "locale": "en",
  "categories": [],
  "updatedAt": "2016-07-01T17:08:47.485Z",
  "cards": [
    {
      "stack": "1-1-intro",
      "title": "Your colleagues",
      "unit": "5-your-colleagues",
      "images": [],
      "type": "card",
      "subtype": "intro",
      "category": [],
      "contents": "<p>The security of your colleagues is part of your own security.</p>"
    }
  ,
    {
      "stack": "1-2-takeaways",
      "title": "Learn about",
      "unit": "5-your-colleagues",
      "images": [],
      "type": "card",
      "subtype": "takeaways",
      "category": [],
      "contents": "<ul>\n<li><a href=\"en/topics/understand-2-security/5-your-colleagues/3-1-learn.md\">Security within your teams</a></li>\n<li><a href=\"en/topics/understand-2-security/5-your-colleagues/3-2-learn.md\">Sharing of information with your teams</a></li>\n<li><a href=\"en/topics/understand-2-security/5-your-colleagues/3-3-learn.md\">Talking about security with your team</a></li>\n</ul>\n<p>give out some examples of team configurations, it can be that you are working by yourself, you have people in the field, people in the newsroom, your editor....</p>\n<p>sharing of info/collaboration: generally it&#39;s important to think about what you share and what has been shared. on the one end sometimes you want your colelagues to continue investigation so giving them enough of information so they can access ... also a way of dealing with infiltration</p>\n<p>talking about sercurity - impact things can have with yoru coleague rather than putting on a brave face/pretending thse risks dont&#39; exist. this promotes a culture of carelessness.</p>\n<p>talking about that it&#39;s courageous to bring this subject up and when other people bring it up to not take it as a worry or a weakness but as an opportunity to develop and make sure everyone is on same page.</p>"
    }
  ,
    {
      "stack": "2-scenario",
      "title": "Scenario",
      "unit": "5-your-colleagues",
      "images": [],
      "type": "card",
      "subtype": "scenario",
      "category": [],
      "contents": "<p>Scenario text...</p>"
    }
  ,
    {
      "stack": "3-1-learn",
      "title": "Learn",
      "unit": "5-your-colleagues",
      "images": [],
      "type": "card",
      "subtype": "learn",
      "category": [],
      "contents": "<h1 id=\"weakest-link\">Weakest link</h1>\n<p>As the old adage goes, &quot;A chain is only as strong as it&#39;s weakest link.&quot; Your security is dependent on the security of your colleagues."
    }
  ,
    {
      "stack": "3-1-learn",
      "title": "Learn",
      "unit": "5-your-colleagues",
      "images": [],
      "type": "card",
      "subtype": "learn",
      "category": [],
      "contents": "</p>\n<h1 id=\"security-for-all\">Security for all</h1>\n<p>When developing a security plan with your colleagues, be sure to include people in all roles of your organisation."
    }
  ,
    {
      "stack": "3-1-learn",
      "title": "Learn",
      "unit": "5-your-colleagues",
      "images": [],
      "type": "card",
      "subtype": "learn",
      "category": [],
      "contents": "</p>\n<h1 id=\"positions-to-include\">Positions to include</h1>\n<p>For journalists, this means developing information and operational security strategies for everyone from a stringer to a driver, from a journalist to an editor."
    }
  ,
    {
      "stack": "3-1-learn",
      "title": "Learn",
      "unit": "5-your-colleagues",
      "images": [],
      "type": "card",
      "subtype": "learn",
      "category": [],
      "contents": "</p>\n<h1 id=\"see-also\">See also</h1>\n<ul>\n<li>opsec - information compartmentalisation.</li>\n</ul>"
    }
  ,
    {
      "stack": "3-2-learn",
      "title": "Information compartmentalisation",
      "unit": "5-your-colleagues",
      "images": [],
      "type": "card",
      "subtype": "learn",
      "category": [],
      "contents": "<h1 id=\"information-security\">Information security</h1>\n<p>Think about what kinds of information you share with your colleagues and what information to keep private."
    }
  ,
    {
      "stack": "3-2-learn",
      "title": "Information compartmentalisation",
      "unit": "5-your-colleagues",
      "images": [],
      "type": "card",
      "subtype": "learn",
      "category": [],
      "contents": "</p>\n<h1 id=\"work-continuity\">Work continuity</h1>\n<p>Sharing information with your colleagues about your sources and research means that they will be able to continue your important investigations should something unexpected arise."
    }
  ,
    {
      "stack": "3-2-learn",
      "title": "Information compartmentalisation",
      "unit": "5-your-colleagues",
      "images": [],
      "type": "card",
      "subtype": "learn",
      "category": [],
      "contents": "</p>\n<h1 id=\"-need-to-know-basis\">&#39;Need to know&#39; basis</h1>\n<p>On the other hand, sharing information only on a &#39;need to know&#39; basis means you might be better able to protect people and prevent <a href=\"link to future lesson\">infiltration by adversaries</a>."
    }
  ,
    {
      "stack": "3-2-learn",
      "title": "Information compartmentalisation",
      "unit": "5-your-colleagues",
      "images": [],
      "type": "card",
      "subtype": "learn",
      "category": [],
      "contents": "</p>\n<h1 id=\"sharing-security\">Sharing security</h1>\n<p>Whether you share much or little information with your colleagues, it is important that all information shared is done so securely."
    }
  ,
    {
      "stack": "3-2-learn",
      "title": "Information compartmentalisation",
      "unit": "5-your-colleagues",
      "images": [],
      "type": "card",
      "subtype": "learn",
      "category": [],
      "contents": "</p>\n<h1 id=\"see-also\">See also</h1>\n<p>Refer to the <a href=\"en/topics/understand-4-digisec/4-secure-communications/1-1-intro.md\">Secure Communications</a> and <a href=\"en/topics/understand-3-opsec/0-getting-started/1-1-intro.md\">Operational Security</a> lessons to learn how to do do so.</p>\n<blockquote>\n<p>sharing information with teams - missing bits - point to lesson on setting up a practice (7) section on setting up safe istant messaging. - in priority - create a place holder here and point towards it.</p>\n</blockquote>"
    }
  ,
    {
      "stack": "3-4-learn",
      "title": "Learn",
      "unit": "5-your-colleagues",
      "images": [],
      "type": "card",
      "subtype": "learn",
      "category": [],
      "contents": "<h1 id=\"-be-careful-with-each-other-\">&quot;Be careful with each other...&quot;</h1>\n<p>The old activist motto &quot;Be careful with each other, so that we can be dangerous together” has a lot to do with trust."
    }
  ,
    {
      "stack": "3-4-learn",
      "title": "Learn",
      "unit": "5-your-colleagues",
      "images": [],
      "type": "card",
      "subtype": "learn",
      "category": [],
      "contents": "</p>\n<h1 id=\"productivity-and-security\">Productivity and security</h1>\n<p>Trusting your team is important both your organisations productivity and overall security. Building  trust  within  a  team  is  not  a  trivial  task - it  involves  investment  and  taking risks."
    }
  ,
    {
      "stack": "3-4-learn",
      "title": "Learn",
      "unit": "5-your-colleagues",
      "images": [],
      "type": "card",
      "subtype": "learn",
      "category": [],
      "contents": "</p>\n<h1 id=\"trying-new-tactics\">Trying new tactics</h1>\n<p>Trust allows for trying new organisational security tactics, especially if you could not be, or were not involved in making decisions about it before."
    }
  ,
    {
      "stack": "3-4-learn",
      "title": "Learn",
      "unit": "5-your-colleagues",
      "images": [],
      "type": "card",
      "subtype": "learn",
      "category": [],
      "contents": "</p>\n<h1 id=\"sharing-mistakes\">Sharing mistakes</h1>\n<p>It also creates an atmosphere of openness where you feel more comfortable sharing your security incidents, information you feel is important, and also your mistakes."
    }
  ,
    {
      "stack": "3-4-learn",
      "title": "Learn",
      "unit": "5-your-colleagues",
      "images": [],
      "type": "card",
      "subtype": "learn",
      "category": [],
      "contents": "</p>\n<h1 id=\"increased-confidence\">Increased confidence</h1>\n<p>Trust gives team members confidence to know whom to talk to about which aspects of security.</p>"
    }
  ,
    {
      "stack": "3-5-learn",
      "title": "Learn",
      "unit": "5-your-colleagues",
      "images": [],
      "type": "card",
      "subtype": "learn",
      "category": [],
      "contents": "<h1 id=\"increasing-trust-in-a-team\">Increasing trust in a team</h1>\n<p>There are several ways we can work on increasing trust within a team:"
    }
  ,
    {
      "stack": "3-5-learn",
      "title": "Learn",
      "unit": "5-your-colleagues",
      "images": [],
      "type": "card",
      "subtype": "learn",
      "category": [],
      "contents": "</p>\n<h1 id=\"getting-to-knew-each-other\">Getting to knew each other</h1>\n<ul>\n<li>Getting  to  know  each  other  outside  the  professional  or  activist  context,  e.g. through out-of-work activities, socialising and having fun."
    }
  ,
    {
      "stack": "3-5-learn",
      "title": "Learn",
      "unit": "5-your-colleagues",
      "images": [],
      "type": "card",
      "subtype": "learn",
      "category": [],
      "contents": "<h1 id=\"checking-on-well-being-of-others\">Checking on well-being of others</h1>\n</li>\n<li>Check in regularly (e.g. before a meeting) on  your team&#39;s  stress levels, general mood, and what they are bringing to their activism from their personal lives."
    }
  ,
    {
      "stack": "3-5-learn",
      "title": "Learn",
      "unit": "5-your-colleagues",
      "images": [],
      "type": "card",
      "subtype": "learn",
      "category": [],
      "contents": "<h1 id=\"organisational-transparency\">Organisational Transparency</h1>\n</li>\n<li>Transparency about hierarchies and decision-making structures."
    }
  ,
    {
      "stack": "3-5-learn",
      "title": "Learn",
      "unit": "5-your-colleagues",
      "images": [],
      "type": "card",
      "subtype": "learn",
      "category": [],
      "contents": "<h1 id=\"clear-security-strategies\">Clear security strategies</h1>\n</li>\n<li>Clear strategies for how to deal with personal or sensitive issues that may arise including (but not limited to) security incidents, threats and so on."
    }
  ,
    {
      "stack": "3-5-learn",
      "title": "Learn",
      "unit": "5-your-colleagues",
      "images": [],
      "type": "card",
      "subtype": "learn",
      "category": [],
      "contents": "<h1 id=\"access-to-a-counsellor\">Access to a counsellor</h1>\n</li>\n<li>Having access to a counsellor or trusted psychologist."
    }
  ,
    {
      "stack": "3-5-learn",
      "title": "Learn",
      "unit": "5-your-colleagues",
      "images": [],
      "type": "card",
      "subtype": "learn",
      "category": [],
      "contents": "<h1 id=\"trust-in-managing-information\">Trust in managing information</h1>\nAside from trust in one another, we can also build trust in our strategies for managing sensitive information, clear channels and create means for communication about it.</li>\n</ul>"
    }
  ,
    {
      "stack": "3-6-learn",
      "title": "Talking about security with your colleagues",
      "unit": "5-your-colleagues",
      "images": [],
      "type": "card",
      "subtype": "learn",
      "category": [],
      "contents": "<h1 id=\"security-is-courageous\">Security is courageous</h1>\n<p>Talking about security is courageous. Failing to talk about security, or or pretending risks do not exist, promotes a culture of carelessness."
    }
  ,
    {
      "stack": "3-6-learn",
      "title": "Talking about security with your colleagues",
      "unit": "5-your-colleagues",
      "images": [],
      "type": "card",
      "subtype": "learn",
      "category": [],
      "contents": "</p>\n<h1 id=\"sometimes-hard\">Sometimes hard</h1>\n<p>Sometimes, though, it can be hard to talk about security with your colleagues."
    }
  ,
    {
      "stack": "3-6-learn",
      "title": "Talking about security with your colleagues",
      "unit": "5-your-colleagues",
      "images": [],
      "type": "card",
      "subtype": "learn",
      "category": [],
      "contents": "</p>\n<h1 id=\"possible-opposition\">Possible opposition</h1>\n<p>You might face opposition from those who feel talking about security takes away valuable time you could spend doing your jobs."
    }
  ,
    {
      "stack": "3-6-learn",
      "title": "Talking about security with your colleagues",
      "unit": "5-your-colleagues",
      "images": [],
      "type": "card",
      "subtype": "learn",
      "category": [],
      "contents": "</p>\n<h1 id=\"putting-on-a-brave-face\">Putting on a brave face</h1>\n<p>Your colleagues might even put on a brave face and pretending these risks do not exist. It&#39;s also possible you might feel this way yourself.</p>\n<h1 id=\"tips-to-bringing-up-security-with-your-colleagues\">Tips to bringing up security with your colleagues</h1>\n<ul>\n<li>incorporating into meetings</li>\n<li>find pragmatic path to bringing it up. converting a culture of good risk planning - this is good for everyone.</li>\n<li>tips are start with colleagues that would be mmore receptive, see if they can also talk to others they have good contact with about these issues. share the app.</li>\n<li>if the time arrises to bring this up in a team setting, bring up with manager in terms of what it will bring to the organisation -"
    }
  ,
    {
      "stack": "3-6-learn",
      "title": "Talking about security with your colleagues",
      "unit": "5-your-colleagues",
      "images": [],
      "type": "card",
      "subtype": "learn",
      "category": [],
      "contents": "<h1 id=\"responsible\">Responsible</h1>\nWhen you or other people bring it up, it is important not to take this as a weakness or a worry, but as an opportunity to develop and make sure everyone is on the same page."
    }
  ,
    {
      "stack": "3-6-learn",
      "title": "Talking about security with your colleagues",
      "unit": "5-your-colleagues",
      "images": [],
      "type": "card",
      "subtype": "learn",
      "category": [],
      "contents": "<h1 id=\"see-also\">See also</h1>\nTo learn how to develop security with your colleagues, refer to the <a href=\"en/topics/understand-3-opsec/0-getting-started/1-1-intro.md\">Operational Security</a> and the <a href=\"en/topics/practice-2-planning/0-getting-started/1-1-intro.md\">Planning and Preparing</a> lessons.</li>\n</ul>"
    }
  ,
    {
      "stack": "4-test",
      "title": "Test",
      "unit": "5-your-colleagues",
      "images": [],
      "type": "activity",
      "subtype": "test",
      "category": [],
      "contents": "<quiz name=\"Gitbook Quiz\">\n    <question multiple>\n        <p>What is gitbook used for?</p>\n        <answer correct>To read books</answer>\n        <answer>To book hotel named git</answer>\n        <answer correct>To write and publish beautiful books</answer>\n        <explanation>GitBook.com lets you write, publish and manage your books online as a service.</explanation>\n    </question>\n    <question>\n        <p>Is it quiz?</p>\n        <answer correct>Yes</answer>\n        <answer>No</answer>\n    </question>\n</quiz>"
    }
  ,
    {
      "stack": "5-next",
      "title": "Next",
      "unit": "5-your-colleagues",
      "images": [],
      "type": "card",
      "subtype": "next",
      "category": [],
      "contents": "<hr>\n<ul>\n<li>(en/topics/understand-3-opsec/0-getting-started/1-1-intro.md): Operational Security</li>\n<li>(en/topics/practice-2-planning/0-getting-started/1-1-intro.md): Planning and Preparing</li>\n<li>(en/topics/understand-4-digisec/4-secure-communications/1-1-intro.md): Secure Communications</li>\n</ul>\n<hr>\n<p>See also:</p>\n<ul>\n<li>Internews: <a href=\"saferjourno.internews.org/pdf/SaferJourno_Guide.pdf\">SaferJourno: Digital Security Resources for Media Trainers</a></li>\n</ul>"
    }
  ]
}
  