{
  "slug": "understand-2-security_5-your-colleagues",
  "type": "unit",
  "title": "Your colleagues",
  "parentTitle": "Understand Security",
  "locale": "en",
  "categories": [],
  "updatedAt": "2016-06-01T15:14:31.521Z",
  "cards": [
    {
      "stack": "1-1-intro",
      "title": "Introduction",
      "type": "card",
      "subtype": "intro",
      "category": [],
      "contents": "<p>DW is particuarly interested in this!!!!!!!</p>"
    }
  ,
    {
      "stack": "2-scenario",
      "title": "Scenario",
      "type": "card",
      "subtype": "scenario",
      "category": [],
      "contents": "<p>Scenario text...</p>"
    }
  ,
    {
      "stack": "3-1-learn",
      "title": "Team configurations",
      "type": "card",
      "subtype": "learn",
      "category": [],
      "contents": "<blockquote>\n<p>give out some examples of team configurations, it can be that you are working by yourself, you have people in the field, people in the newsroom, your editor....</p>\n</blockquote>"
    }
  ,
    {
      "stack": "3-2-learn",
      "title": "Sharing of information with your teams",
      "type": "card",
      "subtype": "learn",
      "category": [],
      "contents": "<blockquote>\n<p>sharing of info/collaboration: generally it&#39;s important to think about what you share and what has been shared. on the one end sometimes you want your colelagues to continue investigation so giving them enough of information so they can access ... also a way of dealing with infiltration</p>\n<p>link here to operational security section and also to secure communication section</p>\n</blockquote>"
    }
  ,
    {
      "stack": "3-3-learn",
      "title": "Talking about security with your colleagues",
      "type": "card",
      "subtype": "learn",
      "category": [],
      "contents": "<blockquote>\n<p>talking about security - impact things can have with your colleagues rather than putting on a brave face/pretending these risks do not exist. this promotes a culture of carelessness.</p>\n<p>talking about that it&#39;s courageous to bring this subject up and when other people bring it up to not take it as a worry or a weakness but as an opportunity to develop and make sure everyone is on same page.</p>\n</blockquote>"
    }
  ,
    {
      "stack": "4-test",
      "title": "Test",
      "type": "activity",
      "subtype": "test",
      "category": [],
      "contents": "<quiz name=\"Gitbook Quiz\">\n    <question multiple>\n        <p>What is gitbook used for?</p>\n        <answer correct>To read books</answer>\n        <answer>To book hotel named git</answer>\n        <answer correct>To write and publish beautiful books</answer>\n        <explanation>GitBook.com lets you write, publish and manage your books online as a service.</explanation>\n    </question>\n    <question>\n        <p>Is it quiz?</p>\n        <answer correct>Yes</answer>\n        <answer>No</answer>\n    </question>\n</quiz>"
    }
  ,
    {
      "stack": "5-next",
      "title": "Next",
      "type": "card",
      "subtype": "next",
      "category": [],
      "contents": "<p>If you found this unit helpful, you might be interested in the following units:</p>\n<ul>\n<li><a href=\"en/topics/understand-2-security/1-your-security/1-intro.md\">Your security</a></li>\n<li><a href=\"en/topics/understand-2-security/2-your-well-being/1-intro.md\">Your well-being</a></li>\n<li><a href=\"en/topics/understand-2-security/3-your-mission-hrd/1-intro.md\">Your mission</a></li>\n<li><a href=\"en/topics/understand-2-security/3-your-story-journo/1-intro.md\">Your story</a></li>\n<li><a href=\"en/topics/understand-2-security/4-your-sources-journo/1-intro.md\">Your sources</a></li>\n</ul>"
    }
  ]
}
  