{
  "slug": "understand-2-security_4-your-sources-journo",
  "type": "unit",
  "title": "Your Sources",
  "parentTitle": "Understand Security",
  "locale": "en",
  "categories": [],
  "updatedAt": "2016-06-14T15:07:49.934Z",
  "cards": [
    {
      "stack": "1-1-intro",
      "title": "Your sources",
      "type": "card",
      "subtype": "intro",
      "category": [],
      "contents": "<p>Understand security issues for your sources</p>"
    }
  ,
    {
      "stack": "2-scenario",
      "title": "Scenario",
      "type": "card",
      "subtype": "scenario",
      "category": [],
      "contents": "<p>Isaac has a new source for a story he is writing. He knows it&#39;s important to protect the identity of his source, both for his and his source&#39;s safety, but he is unsure of how to do so."
    }
  ,
    {
      "stack": "2-scenario",
      "title": "Scenario",
      "type": "card",
      "subtype": "scenario",
      "category": [],
      "contents": "He needs some techniques on how to protect the identity of his sources. If he doesn&#39;t learn how, he&#39;s worried the identity of his new source will be revealed.</p>"
    }
  ,
    {
      "stack": "3-1-learn",
      "title": "Why it&#39;s important to protect your sources",
      "type": "card",
      "subtype": "learn",
      "category": [],
      "contents": "<p>Protecting sources is a cornerstone of journalism. This is especially important when covering topics such as violent crime, national security, and armed conflict, in which sources could be put at legal or physical risk."
    }
  ,
    {
      "stack": "3-1-learn",
      "title": "Why it&#39;s important to protect your sources",
      "type": "card",
      "subtype": "learn",
      "category": [],
      "contents": "As a journalist, you need to know that this burden rests primarily with you. In some some countries, journalists working for established media houses also face risks.</p>"
    }
  ,
    {
      "stack": "3-2-learn",
      "title": "Things to consider when offering sources confidentiality",
      "type": "card",
      "subtype": "learn",
      "category": [],
      "contents": "<p>Never promise a source that you can keep their identity confidential until you weight possible consequences of doing so."
    }
  ,
    {
      "stack": "3-2-learn",
      "title": "Things to consider when offering sources confidentiality",
      "type": "card",
      "subtype": "learn",
      "category": [],
      "contents": "Media houses require often journalists to provide the editor with the name of sources, however this is not always the case."
    }
  ,
    {
      "stack": "3-2-learn",
      "title": "Things to consider when offering sources confidentiality",
      "type": "card",
      "subtype": "learn",
      "category": [],
      "contents": "In some nations, local journalists covering organized crime, national security, or armed conflict are especially vulnerable to imprisonment, torture, coercion, or attack related to the use of confidential information.</p>"
    }
  ,
    {
      "stack": "3-3-learn",
      "title": "Techniques to protect you and your sources",
      "type": "card",
      "subtype": "learn",
      "category": [],
      "contents": "<p>It is important consider when and how to contact your sources:  whether to call them on a landline or cell phone, whether to visit them in their office or home, and whether to use open or secure email or chat message."
    }
  ,
    {
      "stack": "3-3-learn",
      "title": "Techniques to protect you and your sources",
      "type": "card",
      "subtype": "learn",
      "category": [],
      "contents": "Consider using simple code or pseudonyms to hide your source’s identity in written or electronic files. Physically secure written files and <a href=\"en/topics/understand-4-digisec/4-secure-communications/1-intro.md\">communicate security</a> with your sources</p>"
    }
  ,
    {
      "stack": "4-test",
      "title": "Test",
      "type": "activity",
      "subtype": "test",
      "category": [],
      "contents": "<quiz name=\"Gitbook Quiz\">\n    <question multiple>\n        <p>What is gitbook used for?</p>\n        <answer correct>To read books</answer>\n        <answer>To book hotel named git</answer>\n        <answer correct>To write and publish beautiful books</answer>\n        <explanation>GitBook.com lets you write, publish and manage your books online as a service.</explanation>\n    </question>\n    <question>\n        <p>Is it quiz?</p>\n        <answer correct>Yes</answer>\n        <answer>No</answer>\n    </question>\n</quiz>"
    }
  ,
    {
      "stack": "5-next",
      "title": "Next steps",
      "type": "card",
      "subtype": "next",
      "category": [],
      "contents": "<h1 id=\"see-also-\">See also:</h1>\n<p>Committee for the Protection of Journalists <a href=\"https://cpj.org/reports/2012/04/journalist-security-guide.php\">Journalist Security Guide.</a></p>"
    }
  ]
}
  