{
  "slug": "tool-4-keepassx_2-create-new-entry",
  "type": "unit",
  "title": "How to have voice calls?",
  "parentTitle": "Using KeepassX",
  "locale": "en",
  "categories": [],
  "updatedAt": "2016-06-06T14:39:15.032Z",
  "cards": [
    {
      "stack": "1-1-intro",
      "title": "Create new KeePassX entries",
      "type": "card",
      "subtype": "intro",
      "category": [],
      "contents": "<p>Learn how to create new KeePassX entries.</p>"
    }
  ,
    {
      "stack": "2-scenario",
      "title": "Scenario",
      "type": "card",
      "subtype": "scenario",
      "category": [],
      "contents": "<p>Scenario text...</p>"
    }
  ,
    {
      "stack": "3-1-howto",
      "title": "Create a new entry",
      "type": "howto",
      "subtype": "howto",
      "category": [],
      "contents": "<h1 id=\"step-1-select-new-entry\">Step 1. Select New Entry</h1>\n<p>In the KeePassX menu, select Entries, then Add New Entry. Or you can use the Add New Entry shortcut key combination: Command-Y.</p>\n<h1 id=\"step-2-name-your-new-entry\">Step 2. Name your new entry</h1>\n<p>Enter a title for the new entry \nYou will be asked to create a title, username, URL, password, and confirm password. Be sure to create a strong password</p>\n<p>Learn about the various elements in a KeePassX entry.</p>\n<p>The Add Entry window presents you with a number of fields to be completed. None of these fields are mandatory; information submitted here is largely for your own convenience.</p>\n<p>A brief explanation of the text fields and elements in a KeePassX entry is presented as follows: - Group: KeePassX lets you sort your passwords into pre-defined groups. For example: &#39;Internet&#39; would be a good place to store passwords that relate to website accounts. Click on the drop-down menu to choose a group. - Icon: The icon that will be associated with this account entry. If you click on the icon button, you can see the icons available in the Icon Selection window. You also have the option to add a custom icon by clicking on the ’Add Custom Icon’ button in the bottom left of the Icon Selection window. To select one of the KeePassX icons available, click the Pick button in the bottom right of the window.</p>\n<p>Step 3: Create a new KeePassX entry for your RiseUp account within the Internet Group in your KeePassX database. Select Internet from the Group dropdown menu. Then enter the account information for your RiseUp account.</p>\n<p>Step 4: Click {OK} to save your changes to the Add Entry screen.</p>"
    }
  ,
    {
      "stack": "3-2-howto",
      "title": "Edit an existing entry",
      "type": "howto",
      "subtype": "howto",
      "category": [],
      "contents": "<h1 id=\"step-1-\">Step 1.</h1>\n<p>Select the ’Internet’ Group in the database menu on the left side of the window to see the entries associated with it.</p>\n<p>Step 2. In this example, we’ll use the Riseup account entry we created in Step 4.1 above. Within the ’Internet’ Group, Select the Riseup entry we created by clicking it within the list of entries inside the ’Internet’ Group (at the moment, it’s the only entry in your new KeePassX database, but eventually your database will have many entries within each group).</p>\n<p>Step 3. There are three ways to open up the entry in order to edit it.\nOption 1. You can ‘right click’ on the selected entry by holding down the Control key and clicking the entry, which activates a menu of options.Then scroll down and click on View/Edit Entry.</p>\n<p>Option 2. In the KeePassX menu, select Entries, then New Database.</p>\n<p>Option 3. Use the View/Edit Entry shortcut key combination: Command-E.</p>\n<p>Step 4. With an open entry, you can add new information or edit any existing information, including the password. (In this example, we’ll add some additional information to the Comment field.) To save your changes, click {OK}.</p>\n<p>Note: Remember that making changes to a KeePassX entry only updates that entry in your KeePassX database. It does not automatically update corresponding information elsewhere, such as a new password for an online account, or the same KeePassX entry in any copies or backups of your KeePassX database that you have saved elsewhere. Therefore, you will need to make any relevant updates to your account information, as well as new KeePassX database backups and copies seperately after editing your entry here.</p>"
    }
  ,
    {
      "stack": "5-next",
      "title": "Next",
      "type": "card",
      "subtype": "next",
      "category": [],
      "contents": "<p>If you found this useful, you might be interested in reading the following units:</p>\n<ul>\n<li><a href=\"en/topics/tool-2-signal/0-getting-started/4-howto-install.md\">Install Signal on your smart phone and encrypting messages</a></li>\n<li><a href=\"en/topics/tool-2-signal/1-messaging/1-intro.md\">Send encrypted messages to other Signal users via SMS or the internet (MMS).</a></li>\n</ul>"
    }
  ]
}
  