{
  "slug": "tool-5-veracrypt_0-getting-started",
  "type": "unit",
  "title": "Getting Started with Signal",
  "parentTitle": "Using Signal",
  "locale": "en",
  "categories": [],
  "updatedAt": "2016-06-02T16:48:20.640Z",
  "cards": [
    {
      "stack": "1-1-intro",
      "title": "Getting started with Veracrypt",
      "type": "card",
      "subtype": "intro",
      "category": [],
      "contents": "<p>VeraCrypt encrypts your data and prevents anyone who does not have your passphrase from accessing them. It works like an electronic safe in which you can securely store your files.</p>"
    }
  ,
    {
      "stack": "3-learn",
      "title": "Things you should know about VeraCrypt",
      "type": "card",
      "subtype": "learn",
      "category": [],
      "contents": "<p>VeraCrypt will protect your files by encrypting them with a passphrase. It creates a protected area, called a volume, on your computer or external storage device."
    }
  ,
    {
      "stack": "3-learn",
      "title": "Things you should know about VeraCrypt",
      "type": "card",
      "subtype": "learn",
      "category": [],
      "contents": "This entire volume lives inside a single file called a container, which you can open (or mount) and close (or dismount) using VeraCrypt. You can safely store your files inside this container."
    }
  ,
    {
      "stack": "3-learn",
      "title": "Things you should know about VeraCrypt",
      "type": "card",
      "subtype": "learn",
      "category": [],
      "contents": "VeraCrypt uses on-the-fly encryption to protect your data. On-the-fly encryption transparently encrypts files as they are being written to a volume and transparently decrypts them as they are being read."
    }
  ,
    {
      "stack": "3-learn",
      "title": "Things you should know about VeraCrypt",
      "type": "card",
      "subtype": "learn",
      "category": [],
      "contents": "You can copy files to and from a VeraCrypt volume in the same way that you would copy them to and from a normal folder or USB storage device."
    }
  ,
    {
      "stack": "3-learn",
      "title": "Things you should know about VeraCrypt",
      "type": "card",
      "subtype": "learn",
      "category": [],
      "contents": "VeraCrypt supports both standard encrypted volumes and hidden volumes. Either one will keep your files confidential, but hidden volumes allow you to hide your important information behind less sensitive data in order to protect it even if you are forced to reveal your VeraCrypt passphrase."
    }
  ,
    {
      "stack": "3-learn",
      "title": "Things you should know about VeraCrypt",
      "type": "card",
      "subtype": "learn",
      "category": [],
      "contents": "Remember, if you forget your passphrase, you will lose access to your data! There is no way to recover a lost passphrase. Also, keep in mind that the use of encryption is illegal in some jurisdictions."
    }
  ,
    {
      "stack": "3-learn",
      "title": "Things you should know about VeraCrypt",
      "type": "card",
      "subtype": "learn",
      "category": [],
      "contents": "For detailed instructions on installing and using VeraCrypt, Tactical Technology Collective put together <a href=\"https://securityinabox.org/en/guide/veracrypt-new/windows\">a helpful guide</a>.</p>"
    }
  ,
    {
      "stack": "5-next",
      "title": "Next",
      "type": "card",
      "subtype": "next",
      "category": [],
      "contents": "<hr>\n<ul>\n<li>(en/topics/understand-4-digisec/2-passwords/1-1-intro.md): Learn how to create strong passphrases</li>\n<li>(en/topics/understand-2-security/1-your-security/1-1-intro.md): Understanding your security</li>\n<li>(en/topics/understand-4-digisec/0-getting-started/1-1-intro.md): Digital security basics</li>\n</ul>\n<hr>\n<p>See also:</p>\n<ul>\n<li>Tactical Technology Collective: <a href=\"https://securityinabox.org/en/guide/veracrypt-new/windows\">Security in a Box</a></li>\n</ul>"
    }
  ]
}
  