{
  "slug": "practice-1-emergencies_2-account-hijacked",
  "type": "unit",
  "title": "Account Hijacking",
  "parentTitle": "Dealing with Emergencies",
  "locale": "en",
  "categories": [],
  "updatedAt": "2016-05-02T16:19:48.541Z",
  "cards": [
    {
      "stack": "1-intro",
      "title": "Introduction",
      "type": "card",
      "subtype": "intro",
      "category": [],
      "contents": "<p>This section will provide recommendations on steps to take should you suspect your online accounts are hijacked.</p>\n<p>"
    }
  ,
    {
      "stack": "1-intro",
      "title": "Introduction",
      "type": "card",
      "subtype": "intro",
      "category": [],
      "contents": "</p>\n<p>Key takeaways will include:</p>\n<ul>\n<li>How to mitigate the problem</li>\n<li>Reviewing account activity</li>\n<li>Adjusting account settings</li>\n<li>Changing account passwords</li>\n<li>Next steps"
    }
  ,
    {
      "stack": "1-intro",
      "title": "Introduction",
      "type": "card",
      "subtype": "intro",
      "category": [],
      "contents": "</li>\n</ul>"
    }
  ,
    {
      "stack": "2-scenario",
      "title": "Scenario",
      "type": "card",
      "subtype": "scenario",
      "category": [],
      "contents": "<p>Scenario text...</p>"
    }
  ,
    {
      "stack": "3-learn",
      "title": "Learn",
      "type": "card",
      "subtype": "learn",
      "category": [],
      "contents": "<p>Should you suspect your account has been hijacked, the first step you should take is mitigating the problem."
    }
  ,
    {
      "stack": "3-learn",
      "title": "Learn",
      "type": "card",
      "subtype": "learn",
      "category": [],
      "contents": "If you still have access to the account, move to a different computer that you believe to be safe or uncompromised and take the following 5 Steps:</p>\n<p>If you do not have access to the account, instuctions will be provided after the following"
    }
  ,
    {
      "stack": "3-learn",
      "title": "Learn",
      "type": "card",
      "subtype": "learn",
      "category": [],
      "contents": "Step 1. Log in to your account from the new computer and change the password on your account."
    }
  ,
    {
      "stack": "3-learn",
      "title": "Learn",
      "type": "card",
      "subtype": "learn",
      "category": [],
      "contents": "Once you have changed your password, take the following 4 steps."
    }
  ,
    {
      "stack": "3-learn",
      "title": "Learn",
      "type": "card",
      "subtype": "learn",
      "category": [],
      "contents": "Step 2. Stop using this account for sharing of sensitive information until you better understand the situation."
    }
  ,
    {
      "stack": "3-learn",
      "title": "Learn",
      "type": "card",
      "subtype": "learn",
      "category": [],
      "contents": "Step 3. For some platforms (e.g. Facebook, Gmail), it is possible to review conneciton history and account activity."
    }
  ,
    {
      "stack": "3-learn",
      "title": "Learn",
      "type": "card",
      "subtype": "learn",
      "category": [],
      "contents": "Check to see if your account was accessed at a time when you were not online or if your account was accessed from an unfamiliar location or IP address."
    }
  ,
    {
      "stack": "3-learn",
      "title": "Learn",
      "type": "card",
      "subtype": "learn",
      "category": [],
      "contents": "Be mindful that if you are using the Tor browser or a VPN service, it is possible that the location or IP address may differ from the location you have accessed the platform."
    }
  ,
    {
      "stack": "3-learn",
      "title": "Learn",
      "type": "card",
      "subtype": "learn",
      "category": [],
      "contents": "Step 4. Look at the account settings. Have they changed?"
    }
  ,
    {
      "stack": "3-learn",
      "title": "Learn",
      "type": "card",
      "subtype": "learn",
      "category": [],
      "contents": "For email accounts, check for auto-forwards in email, possible changes to the backup/reset email address of phone numbers, synchronisation to different devices, including phones, computers or tablets, permisions to applications or other account permisions."
    }
  ,
    {
      "stack": "3-learn",
      "title": "Learn",
      "type": "card",
      "subtype": "learn",
      "category": [],
      "contents": "Step 5. Change the passwords for all your other online accounts that are linked to this one."
    }
  ,
    {
      "stack": "3-learn",
      "title": "Learn",
      "type": "card",
      "subtype": "learn",
      "category": [],
      "contents": "For example, if you are looking at an email account and it is the recovery address for another account, change the password for that account as well.</p>\n<p>"
    }
  ,
    {
      "stack": "3-learn",
      "title": "Learn",
      "type": "card",
      "subtype": "learn",
      "category": [],
      "contents": "If you no longer have access to the account, different providers have different recovery procedures or ways to rest passwords."
    }
  ,
    {
      "stack": "3-learn",
      "title": "Learn",
      "type": "card",
      "subtype": "learn",
      "category": [],
      "contents": "Some providers will send a link to change your password to your recovery email address, while other platforms reset it to your last password."
    }
  ,
    {
      "stack": "3-learn",
      "title": "Learn",
      "type": "card",
      "subtype": "learn",
      "category": [],
      "contents": "In the reset case, it is important to change the password immediately after regaining access to your account."
    }
  ,
    {
      "stack": "3-learn",
      "title": "Learn",
      "type": "card",
      "subtype": "learn",
      "category": [],
      "contents": "If these steps do not work and your account is being abused, contact the platform provider directly. Alternatively, contact the following organisations for possible support in shutting the account down."
    }
  ,
    {
      "stack": "3-learn",
      "title": "Learn",
      "type": "card",
      "subtype": "learn",
      "category": [],
      "contents": "Electronic Frontier Foundation: info@eff.org\nFront Line Defenders: info@frontlinedefenders.org\nCommittee to Protect Journalists: info@cpj.org\nReporters Sans Frontieres: internet@rsf.org\nAccess: help@accessnow.org\nDigital Defenders Partnership: ddp@hivos.org\nInternews: info@internews.org</p>"
    }
  ,
    {
      "stack": "4-test",
      "title": "Test",
      "type": "activity",
      "subtype": "test",
      "category": [],
      "contents": "<quiz name=\"Gitbook Quiz\">\n    <question multiple>\n        <p>What is gitbook used for?</p>\n        <answer correct>To read books</answer>\n        <answer>To book hotel named git</answer>\n        <answer correct>To write and publish beautiful books</answer>\n        <explanation>GitBook.com lets you write, publish and manage your books online as a service.</explanation>\n    </question>\n    <question>\n        <p>Is it quiz?</p>\n        <answer correct>Yes</answer>\n        <answer>No</answer>\n    </question>\n</quiz>"
    }
  ,
    {
      "stack": "5-next",
      "title": "Next",
      "type": "card",
      "subtype": "next",
      "category": [],
      "contents": "<ul>\n<li><a href=\"en/topics/_topic/_unit/index.md\">A topic to study next</a></li>\n<li><a href=\"en/topics/_topic/_unit/index.md\">Another topic</a></li>\n<li>...</li>\n</ul>"
    }
  ]
}
  