{
  "slug": "practice-1-emergencies_2-account-hijacked",
  "type": "unit",
  "title": "Hijacked Account",
  "parentTitle": "Dealing with Emergencies",
  "locale": "en",
  "categories": [],
  "updatedAt": "2016-06-14T14:01:43.123Z",
  "cards": [
    {
      "stack": "1-1-intro",
      "title": "Introduction",
      "type": "card",
      "subtype": "intro",
      "category": [],
      "contents": "<p>Steps to take if you suspect your online accounts are hijacked.</p>"
    }
  ,
    {
      "stack": "2-scenario",
      "title": "Scenario",
      "type": "card",
      "subtype": "scenario",
      "category": [],
      "contents": "<p>Breanda just received an email from her service provider alerting her that her social media account password has recently changed. She suspects that her social media account has been hijacked."
    }
  ,
    {
      "stack": "2-scenario",
      "title": "Scenario",
      "type": "card",
      "subtype": "scenario",
      "category": [],
      "contents": "She needs to know if she still has access to the account, and if not, who she can reach out to for help. Brenda is worried that if she doesn&#39;t regain control, her social media account will be used to hurt her reputation.</p>"
    }
  ,
    {
      "stack": "3-1-learn",
      "title": "Learn",
      "type": "card",
      "subtype": "learn",
      "category": [],
      "contents": "<h1 id=\"use-a-different-computer\">Use a different computer</h1>\n<p>Move to a different computer that you believe to be safe or uncompromised. If you continue using an unsafe computer, you risk putting yourself and others at harm."
    }
  ,
    {
      "stack": "3-1-learn",
      "title": "Learn",
      "type": "card",
      "subtype": "learn",
      "category": [],
      "contents": "</p>\n<h1 id=\"change-your-password\">Change your password</h1>\n<p>Log into your account from the new computer and change the password on your account. Changing your password is the fastest way to regain control of your account."
    }
  ,
    {
      "stack": "3-1-learn",
      "title": "Learn",
      "type": "card",
      "subtype": "learn",
      "category": [],
      "contents": "</p>\n<h1 id=\"change-passwords-for-linked-accounts\">Change passwords for linked accounts</h1>\n<p>Change the passwords for all your other online accounts that are linked to your hijacked account. For example, if you are looking at an email account and it is the recovery address for another account, change the password for that account as well."
    }
  ,
    {
      "stack": "3-1-learn",
      "title": "Learn",
      "type": "card",
      "subtype": "learn",
      "category": [],
      "contents": "</p>\n<h1 id=\"is-account-hijacked-\">Is account hijacked?</h1>\n<p>Now time to confirm if your suspicions are founded? The next instructions will help you determine if your account has been hijacked."
    }
  ,
    {
      "stack": "3-1-learn",
      "title": "Learn",
      "type": "card",
      "subtype": "learn",
      "category": [],
      "contents": "</p>\n<h1 id=\"stop-using-account\">Stop using account</h1>\n<p>Until you better understand the situation we recommend you stop using this account for sharing sensitive information.</p>"
    }
  ,
    {
      "stack": "3-2-learn",
      "title": "Learn",
      "type": "card",
      "subtype": "learn",
      "category": [],
      "contents": "<h1 id=\"review-account-history\">Review account history</h1>\n<p>For some platforms (e.g. Facebook, Gmail), it is possible to review connection history and account activity. This will let you know if your account has been accessed by someone else."
    }
  ,
    {
      "stack": "3-2-learn",
      "title": "Learn",
      "type": "card",
      "subtype": "learn",
      "category": [],
      "contents": "</p>\n<h1 id=\"unfamiliar-location\">Unfamiliar location</h1>\n<p>Check to see if your account was accessed at a time when you were not online or if your account was accessed from an unfamiliar location or IP address."
    }
  ,
    {
      "stack": "3-2-learn",
      "title": "Learn",
      "type": "card",
      "subtype": "learn",
      "category": [],
      "contents": "</p>\n<h1 id=\"are-you-using-tor-\">Are you using Tor?</h1>\n<p>Be mindful that if you are using the Tor browser or a VPN service, it is possible that the location or IP address may differ from the location you have accessed the platform.</p>"
    }
  ,
    {
      "stack": "3-3-learn",
      "title": "Other places to check for suspicious activity",
      "type": "card",
      "subtype": "learn",
      "category": [],
      "contents": "<blockquote>\n<p>Step 1</p>\n<h1 id=\"email-forwarding\">Email forwarding</h1>\n</blockquote>\n<p>Check for suspicious addresses which your email might be automatically forwarding your emails to."
    }
  ,
    {
      "stack": "3-3-learn",
      "title": "Other places to check for suspicious activity",
      "type": "card",
      "subtype": "learn",
      "category": [],
      "contents": "</p>\n<blockquote>\n<p>Step 2</p>\n<h1 id=\"password-recovery\">Password recovery</h1>\n</blockquote>\n<p>Also check email addresses or phone numbers listed when you&#39;re resetting your password (this might be called password recovery settings)."
    }
  ,
    {
      "stack": "3-3-learn",
      "title": "Other places to check for suspicious activity",
      "type": "card",
      "subtype": "learn",
      "category": [],
      "contents": "</p>\n<blockquote>\n<p>Step 3</p>\n<h1 id=\"other-account-permissions\">Other account permissions</h1>\n</blockquote>\n<p>Also look at the settings for the synchronisation to your phone, permissions to applications or other account permissions.</p>"
    }
  ,
    {
      "stack": "3-4-learn",
      "title": "Learn",
      "type": "card",
      "subtype": "learn",
      "category": [],
      "contents": "<h1 id=\"password-reset\">Password reset</h1>\n<p>If you cannot log into your account, use the password reset or recovery link."
    }
  ,
    {
      "stack": "3-4-learn",
      "title": "Learn",
      "type": "card",
      "subtype": "learn",
      "category": [],
      "contents": "</p>\n<h1 id=\"changing-your-password\">Changing your password</h1>\n<p>Some providers will send a link to change your password to your recovery email address, while other platforms reset it to your last password."
    }
  ,
    {
      "stack": "3-4-learn",
      "title": "Learn",
      "type": "card",
      "subtype": "learn",
      "category": [],
      "contents": "</p>\n<h1 id=\"contact-your-provider\">Contact your provider</h1>\n<p>If these steps do not work and your account is being abused, contact the platform provider directly. Most providers have a &quot;Support&quot; page where you can find out how to do this."
    }
  ,
    {
      "stack": "3-4-learn",
      "title": "Learn",
      "type": "card",
      "subtype": "learn",
      "category": [],
      "contents": "</p>\n<h1 id=\"helpful-organisations\">Helpful organisations</h1>\n<p>There are a <a href=\"en/topics/practice-1-emergencies/1-seeking-help/3-5-learn.md\">number of organisations</a> who can help you with this process.</p>"
    }
  ,
    {
      "stack": "4-test",
      "title": "Test",
      "type": "activity",
      "subtype": "test",
      "category": [],
      "contents": "<quiz name=\"Gitbook Quiz\">\n    <question multiple>\n        <p>What is gitbook used for?</p>\n        <answer correct>To read books</answer>\n        <answer>To book hotel named git</answer>\n        <answer correct>To write and publish beautiful books</answer>\n        <explanation>GitBook.com lets you write, publish and manage your books online as a service.</explanation>\n    </question>\n    <question>\n        <p>Is it quiz?</p>\n        <answer correct>Yes</answer>\n        <answer>No</answer>\n    </question>\n</quiz>"
    }
  ,
    {
      "stack": "5-next",
      "title": "Next",
      "type": "card",
      "subtype": "next",
      "category": [],
      "contents": "<hr>\n<ul>\n<li>en/topics/practice-1-emergencies/0-getting-started: Find out about other types of emergencies</li>\n<li>en/topics/understand-2-security/0-getting-started: Dig deeper on various aspects of security</li>\n<li>en/topics/understand-3-opsec/0-getting-started: Find out about what operational security or opsec means</li>\n<li>en/topics/understand-4-digisec/0-getting-started: Learn more about important concepts of digital security</li>\n<li>en/topics/pratice-4-safe-social-networks/0-getting-started: Find out more about social networking platforms.</li>\n</ul>\n<hr>\n<p>To learn more about dealing with emergencies, see also:</p>\n<ul>\n<li>RiseUp <a href=\"https://help.riseup.net/en/security\">Communications Security</a></li>\n<li>Guardian Project <a href=\"https://guardianproject.info/howto/\">How to on Mobile Security</a></li>\n</ul>"
    }
  ]
}
  