{
  "slug": "practice-4-safe-social-networks_0-getting-started",
  "type": "unit",
  "title": "Getting started with Social Networks",
  "parentTitle": "Safe Social Networks",
  "locale": "en",
  "categories": [
       "profile:journo"],
  "updatedAt": "2016-06-14T13:31:34.831Z",
  "cards": [
    {
      "stack": "1-1-intro",
      "title": "Safe social networks",
      "type": "card",
      "subtype": "intro",
      "category": [],
      "contents": "<p>Learn how to use social networks safer.</p>"
    }
  ,
    {
      "stack": "2-scenario-journo",
      "title": "Scenario",
      "type": "card",
      "subtype": "scenario",
      "category": [
           "profile:journo"],
      "contents": "<p>Mansour and Magda are journalists from north Africa. They are covering a march, to take place in the middle of a large city."
    }
  ,
    {
      "stack": "2-scenario-journo",
      "title": "Scenario",
      "type": "card",
      "subtype": "scenario",
      "category": [
           "profile:journo"],
      "contents": "They want to use Facebook to publicise the event. They are worried that the authorities could be tipped off and that anyone who shows an interest could be traced."
    }
  ,
    {
      "stack": "2-scenario-journo",
      "title": "Scenario",
      "type": "card",
      "subtype": "scenario",
      "category": [
           "profile:journo"],
      "contents": "They plan to use Twitter during the march to give updates on the progress of the march. But what if the police could monitor the tweets, and deploy squads to intercept marchers?"
    }
  ,
    {
      "stack": "2-scenario-journo",
      "title": "Scenario",
      "type": "card",
      "subtype": "scenario",
      "category": [
           "profile:journo"],
      "contents": "Mansour and Magda plan how to share photos and videos of the march without revealing people&#39;s identities, because they worry that participants could face persecution.</p>"
    }
  ,
    {
      "stack": "2-scenario",
      "title": "Scenario",
      "type": "card",
      "subtype": "scenario",
      "category": [],
      "contents": "<p>Mansour and Magda are from north Africa. They are going to a march, to take place in the middle of a large city."
    }
  ,
    {
      "stack": "2-scenario",
      "title": "Scenario",
      "type": "card",
      "subtype": "scenario",
      "category": [],
      "contents": "They want to use Facebook to publicise the event. They are worried that the authorities could be tipped off and that anyone who shows an interest could be traced."
    }
  ,
    {
      "stack": "2-scenario",
      "title": "Scenario",
      "type": "card",
      "subtype": "scenario",
      "category": [],
      "contents": "They plan to use Twitter during the march to give updates on the progress of the march. But what if the police could monitor the tweets, and deploy squads to intercept marchers?"
    }
  ,
    {
      "stack": "2-scenario",
      "title": "Scenario",
      "type": "card",
      "subtype": "scenario",
      "category": [],
      "contents": "Mansour and Magda plan how to share photos and videos of the march without revealing people&#39;s identities, because they worry that participants could face persecution.</p>"
    }
  ,
    {
      "stack": "3-1-learn",
      "title": "Social networking basics",
      "type": "card",
      "subtype": "learn",
      "category": [],
      "contents": "<p>Social networking websites have greatly expanded the range of possible interactions, allowing you to share messages, pictures, files and even up-to-the-minute information about what you are doing and where you are."
    }
  ,
    {
      "stack": "3-1-learn",
      "title": "Social networking basics",
      "type": "card",
      "subtype": "learn",
      "category": [],
      "contents": "These functions are not new or unique – any of these actions can also be performed via the internet without joining a social networking site."
    }
  ,
    {
      "stack": "3-1-learn",
      "title": "Social networking basics",
      "type": "card",
      "subtype": "learn",
      "category": [],
      "contents": "Although these networks can be very useful, and promote social interaction both online and offline, when using them you may be making information available to people who want to abuse it."
    }
  ,
    {
      "stack": "3-1-learn",
      "title": "Social networking basics",
      "type": "card",
      "subtype": "learn",
      "category": [],
      "contents": "</p>\n<h1 id=\"who-can-access-your-social-networking-data-\">Who can access your social networking data?</h1>\n<p>If you work with sensitive information and topics, and are interested in using social networking services, it is important to be very aware of the privacy and security issues that they raise."
    }
  ,
    {
      "stack": "3-1-learn",
      "title": "Social networking basics",
      "type": "card",
      "subtype": "learn",
      "category": [],
      "contents": "Human rights advocates are particularly vulnerable to the dangers of social networking sites and need to be extremely careful about the information they reveal about themselves AND about the people they work with."
    }
  ,
    {
      "stack": "3-1-learn",
      "title": "Social networking basics",
      "type": "card",
      "subtype": "learn",
      "category": [],
      "contents": "Before you use any social networking site it is important to understand how they make you vulnerable, and take steps to protect yourself and the people you work with."
    }
  ,
    {
      "stack": "3-1-learn",
      "title": "Social networking basics",
      "type": "card",
      "subtype": "learn",
      "category": [],
      "contents": "</p>\n<h1 id=\"who-owns-your-social-networking-data-\">Who owns your social networking data?</h1>\n<p>Social networking sites are owned by private businesses who make their money by collecting data about people and selling that data on, particularly to third party advertisers."
    }
  ,
    {
      "stack": "3-1-learn",
      "title": "Social networking basics",
      "type": "card",
      "subtype": "learn",
      "category": [],
      "contents": "When you enter a social networking site, you are leaving the freedoms of the internet behind and are entering a network that is governed and ruled by the owners of the site."
    }
  ,
    {
      "stack": "3-1-learn",
      "title": "Social networking basics",
      "type": "card",
      "subtype": "learn",
      "category": [],
      "contents": "Privacy settings are only meant to protect you from other members of the social network, but they do not shield your data from the owners of the service. This means that you are giving all your data over to the owners and trusting them with it.</p>"
    }
  ,
    {
      "stack": "3-2-learn",
      "title": "Choose the right lesson",
      "type": "card",
      "subtype": "learn",
      "category": [],
      "contents": "<p>Not sure where to start on controlling which people can see who you are connected to on social media?</p>\n<ul>\n<li>Choose the <a href=\"en/topics/practice-4-safe-social-networks/1-access-friends-contacts/1-intro.md\">Controlling access to friends &amp; contacts</a> lesson</li>\n</ul>\n<p>"
    }
  ,
    {
      "stack": "3-2-learn",
      "title": "Choose the right lesson",
      "type": "card",
      "subtype": "learn",
      "category": [],
      "contents": "Don&#39;t know the right questions to ask to protect your personal details?</p>\n<ul>\n<li>Choose the <a href=\"en/topics/practice-4-safe-social-networks/2-access-personal-details/1-intro.md\">Controlling access to your personal details</a></li>\n</ul>\n<p>"
    }
  ,
    {
      "stack": "3-2-learn",
      "title": "Choose the right lesson",
      "type": "card",
      "subtype": "learn",
      "category": [],
      "contents": "Using social media but don&#39;t want your conversations to be read by the platform or others?</p>\n<ul>\n<li>Choose the <a href=\"en/topics/practice-4-safe-social-networks/3-facebook-chat/1-intro.md\">Learning to chat securely</a></li>\n</ul>\n<ul>\n<li><a href=\"en/topics/practice-4-safe-social-networks/1-access-friends-contacts/1-intro.md\">Controlling access to friends &amp; contacts</a></li>\n</ul>\n<ul>\n<li><a href=\"en/topics/practice-4-safe-social-networks/4-who-controls/1-intro.md\">Who controls and owns your information on Social Networking platforms?</a></li>\n<li><a href=\"en/topics/practice-4-safe-social-networks/5-who-can-access/1-intro.md\">Who can access your information on Social Networking platforms?</a></li>\n<li>Establishing trust with others on Social Networking platforms</li>\n</ul>"
    }
  ,
    {
      "stack": "5-next",
      "title": "Next",
      "type": "card",
      "subtype": "next",
      "category": [],
      "contents": "<p>If you found this section useful, you might be interested in the following sections:</p>\n<ul>\n<li><a href=\"en/topics/practice-4-safe-social-networks/1-access-friends-contacts/1-intro.md\">Controlling access to friends &amp; contacts</a></li>\n<li><a href=\"en/topics/practice-4-safe-social-networks/2-access-personal-details/1-intro.md\">Controlling access to your personal details</a>"
    }
  ,
    {
      "stack": "5-next",
      "title": "Next",
      "type": "card",
      "subtype": "next",
      "category": [],
      "contents": "</li>\n<li><a href=\"en/topics/practice-4-safe-social-networks/3-facebook-chat/1-intro.md\">Learing to chat securely</a></li>\n<li><a href=\"en/topics/practice-4-safe-social-networks/4-who-controls/1-intro.md\">Who controls and owns your information on Social Networking platforms?</a></li>\n<li><a href=\"en/topics/practice-4-safe-social-networks/5-who-can-access/1-intro.md\">Who can access your information on Social Networking platforms?</a></li>\n</ul>"
    }
  ]
}
  