{
  "slug": "practice-2-planning_3-assess-digital-risk",
  "type": "unit",
  "title": "Assessing Digital Security Risks",
  "parentTitle": "Planning and Preparing",
  "locale": "en",
  "categories": [
       "profile:hrd"],
  "updatedAt": "2016-06-07T09:10:13.897Z",
  "cards": [
    {
      "stack": "4-test",
      "title": "Test",
      "type": "activity",
      "subtype": "test",
      "category": [],
      "contents": "<quiz name=\"Gitbook Quiz\">\n    <question multiple>\n        <p>What is gitbook used for?</p>\n        <answer correct>To read books</answer>\n        <answer>To book hotel named git</answer>\n        <answer correct>To write and publish beautiful books</answer>\n        <explanation>GitBook.com lets you write, publish and manage your books online as a service.</explanation>\n    </question>\n    <question>\n        <p>Is it quiz?</p>\n        <answer correct>Yes</answer>\n        <answer>No</answer>\n    </question>\n</quiz>"
    }
  ,
    {
      "stack": "5-next",
      "title": "Next",
      "type": "card",
      "subtype": "next",
      "category": [],
      "contents": "<p>If you found this useful, you might be interested in the following sections:</p>\n<ul>\n<li><a href=\"en/topics/practice-2-planning/1-threats/1-intro.md\">What are threats</a></li>\n<li><a href=\"en/topics/practice-2-planning/2-assess-risk/1-intro.md\">Learn how to assess Risk</a></li>\n<li><a href=\"en/topics/practice-2-planning/3-assess-digital-risk/1-intro-hrd.md\">Learn how to assess Digital Risk</a></li>\n<li><a href=\"en/topics/practice-2-planning/4-emergency-plan/1-intro.md\">How to make an emergency Plan</a></li>\n<li><a href=\"https://securityinabox.org/en/lgbti-africa/security-risk\" title=\"Security box reference\">Security box</a></li>\n</ul>"
    }
  ]
}
  