{
  "slug": "practice-6-manage-website_1-down-site",
  "type": "unit",
  "title": "Down website",
  "parentTitle": "Manage your website",
  "locale": "en",
  "categories": [],
  "updatedAt": "2016-07-01T18:04:10.297Z",
  "cards": [
    {
      "stack": "1-1-intro",
      "stack-index": "1",
      "stack-length": "1",
      "title": "Reasons your site may be down",
      "unit": "1-down-site",
      "images": [],
      "type": "card",
      "subtype": "intro",
      "category": [],
      "contents": "<p>Learn why your website might be down.</p>"
    }
  ,
    {
      "stack": "1-2-takeaways",
      "stack-index": "1",
      "stack-length": "1",
      "title": "Learn about",
      "unit": "1-down-site",
      "images": [],
      "type": "card",
      "subtype": "takeaways",
      "category": [],
      "contents": "<p><a href=\"(en/topics/understand-1-how-it-works/5-down-site/3-1-learn.md\">Questions for your webmaster</a>)\n<a href=\"en/topics/understand-1-how-it-works/5-down-site/3-3-learn.md\">Possible reasons your website might be down</a></p>"
    }
  ,
    {
      "stack": "3-1-learn",
      "stack-index": "1",
      "stack-length": "6",
      "title": "Learn",
      "unit": "1-down-site",
      "images": [],
      "type": "card",
      "subtype": "learn",
      "category": [],
      "contents": "<h1 id=\"1-who-built-website\">1. Who built website</h1>\n<p>Who built your website? Are they available to help?"
    }
  ,
    {
      "stack": "3-1-learn",
      "stack-index": "2",
      "stack-length": "6",
      "title": "Learn",
      "unit": "1-down-site",
      "images": [],
      "type": "card",
      "subtype": "learn",
      "category": [],
      "contents": "</p>\n<h1 id=\"2-hosting-provider\">2. Hosting provider</h1>\n<p>Who is your web hosting provider? This is the company that provides the server where your website lives."
    }
  ,
    {
      "stack": "3-1-learn",
      "stack-index": "3",
      "stack-length": "6",
      "title": "Learn",
      "unit": "1-down-site",
      "images": [],
      "type": "card",
      "subtype": "learn",
      "category": [],
      "contents": "</p>\n<h1 id=\"3-account-details\">3. Account details</h1>\n<p>Do you have your account log in details for this hosting provider?"
    }
  ,
    {
      "stack": "3-1-learn",
      "stack-index": "4",
      "stack-length": "6",
      "title": "Learn",
      "unit": "1-down-site",
      "images": [],
      "type": "card",
      "subtype": "learn",
      "category": [],
      "contents": "</p>\n<h1 id=\"4-domain-name\">4. Domain name</h1>\n<p>Where did you purchase your domain name? In some cases this is also your website host, but it could also be another company."
    }
  ,
    {
      "stack": "3-1-learn",
      "stack-index": "5",
      "stack-length": "6",
      "title": "Learn",
      "unit": "1-down-site",
      "images": [],
      "type": "card",
      "subtype": "learn",
      "category": [],
      "contents": "</p>\n<h1 id=\"5-recovering-your-site\">5. Recovering your site</h1>\n<p>Do you have the log in details for the domain name service? If not, finding these is your first step to recovering your site"
    }
  ,
    {
      "stack": "3-1-learn",
      "stack-index": "6",
      "stack-length": "6",
      "title": "Learn",
      "unit": "1-down-site",
      "images": [],
      "type": "card",
      "subtype": "learn",
      "category": [],
      "contents": "</p>\n<h1 id=\"6-who-else-knows-details-\">6. Who else knows details?</h1>\n<p>Who else knows or may have access to these account details?</p>"
    }
  ,
    {
      "stack": "3-10-learn",
      "stack-index": "1",
      "stack-length": "2",
      "title": "Poor site performance",
      "unit": "1-down-site",
      "images": [],
      "type": "card",
      "subtype": "learn",
      "category": [],
      "contents": "<h1 id=\"slow-site-\">Slow site?</h1>\n<p>Does your site load slowly or only sometimes? Your site may be overwhelmed by the number and speed of requests for pages it is receiving – this is a performance problem."
    }
  ,
    {
      "stack": "3-10-learn",
      "stack-index": "2",
      "stack-length": "2",
      "title": "Poor site performance",
      "unit": "1-down-site",
      "images": [],
      "type": "card",
      "subtype": "learn",
      "category": [],
      "contents": "</p>\n<h1 id=\"don-t-panic-\">Don&#39;t panic!</h1>\n<p>This could be ‘good’ if your site has become more popular and simply needs some improvements to respond to more readers. Check your site analytics for a long-term pattern in growth.</p>"
    }
  ,
    {
      "stack": "3-11-learn",
      "stack-index": "1",
      "stack-length": "1",
      "title": "None of these?",
      "unit": "1-down-site",
      "images": [],
      "type": "card",
      "subtype": "learn",
      "category": [],
      "contents": "<p>If you have determined that none of these are at fault, you may be suffering from a denial of service attack. Refer to the <a href=\"en/topics/practice-1-emergencies/5-ddos/1-1-intro.md\">DDoS lesson</a> to learn more. </p>"
    }
  ,
    {
      "stack": "3-3-learn",
      "stack-index": "1",
      "stack-length": "2",
      "title": "Network problem",
      "unit": "1-down-site",
      "images": [],
      "type": "card",
      "subtype": "learn",
      "category": [],
      "contents": "<h1 id=\"unavailable-website\">Unavailable website</h1>\n<p>To see whether your web host is working but your website is unavailable, visit <a href=\"https://www.isup.me/\">https://www.isup.me/</a>."
    }
  ,
    {
      "stack": "3-3-learn",
      "stack-index": "2",
      "stack-length": "2",
      "title": "Network problem",
      "unit": "1-down-site",
      "images": [],
      "type": "card",
      "subtype": "learn",
      "category": [],
      "contents": "</p>\n<h1 id=\"disturbed-account\">Disturbed account</h1>\n<p>If your site is up but you cant see it, it might be a network problem. It could also be in indication that your account has been disabled.</p>"
    }
  ,
    {
      "stack": "3-4-learn",
      "stack-index": "1",
      "stack-length": "1",
      "title": "Billing problem",
      "unit": "1-down-site",
      "images": [],
      "type": "card",
      "subtype": "learn",
      "category": [],
      "contents": "<h1 id=\"outstanding-balance\">Outstanding balance</h1>\n<p>Make sure your billing information is up to date and that there is no outstanding balance on your hosting services or your domain name to ensure your website is not taken down for billing problems.</p>"
    }
  ,
    {
      "stack": "3-5-learn",
      "stack-index": "1",
      "stack-length": "1",
      "title": "Legal problem",
      "unit": "1-down-site",
      "images": [],
      "type": "card",
      "subtype": "learn",
      "category": [],
      "contents": "<h1 id=\"copyright\">Copyright</h1>\n<p>If your website is taken down due to a legal issue, the resources provided by <a href=\"https://ssd.eff.org/\">Electronic Frontier Foundation</a>, while focused on US copyright laws, are a good place to learn more.</p>"
    }
  ,
    {
      "stack": "3-6-learn",
      "stack-index": "1",
      "stack-length": "2",
      "title": "Hosting problem",
      "unit": "1-down-site",
      "images": [],
      "type": "card",
      "subtype": "learn",
      "category": [],
      "contents": "<h1 id=\"not-loading-at-all-\">Not loading at all?</h1>\n<p>If your website is not loading at all, the company that hosts your website may be having problems."
    }
  ,
    {
      "stack": "3-6-learn",
      "stack-index": "2",
      "stack-length": "2",
      "title": "Hosting problem",
      "unit": "1-down-site",
      "images": [],
      "type": "card",
      "subtype": "learn",
      "category": [],
      "contents": "</p>\n<h1 id=\"look-up-status\">Look up status</h1>\n<p>Visit the website of your hosting company and look for a &#39;status&#39; blog. Alternatively, you can search on Twitter.com for other users with the same host who are having the same problem.</p>"
    }
  ,
    {
      "stack": "3-7-learn",
      "stack-index": "1",
      "stack-length": "2",
      "title": "Censorship problem",
      "unit": "1-down-site",
      "images": [],
      "type": "card",
      "subtype": "learn",
      "category": [],
      "contents": "<h1 id=\"similar-sites-down-\">Similar sites down?</h1>\n<p>Can you visit other sites with similar content to your site? Try visiting websites related to yours or covering similar issues."
    }
  ,
    {
      "stack": "3-7-learn",
      "stack-index": "2",
      "stack-length": "2",
      "title": "Censorship problem",
      "unit": "1-down-site",
      "images": [],
      "type": "card",
      "subtype": "learn",
      "category": [],
      "contents": "</p>\n<h1 id=\"circumvent-it-\">Circumvent it!</h1>\n<p>Also try using Tor or Psiphon to access your site. If this helps, you have a blocking problem – you are still online for other parts of the world, but are being censored in your own country.</p>"
    }
  ,
    {
      "stack": "3-8-learn",
      "stack-index": "1",
      "stack-length": "4",
      "title": "Software problem",
      "unit": "1-down-site",
      "images": [],
      "type": "card",
      "subtype": "learn",
      "category": [],
      "contents": "<h1 id=\"error-messages-\">Error messages?</h1>\n<p>Are you seeing error messages? This could be a software problem."
    }
  ,
    {
      "stack": "3-8-learn",
      "stack-index": "2",
      "stack-length": "4",
      "title": "Software problem",
      "unit": "1-down-site",
      "images": [],
      "type": "card",
      "subtype": "learn",
      "category": [],
      "contents": "</p>\n<h1 id=\"any-recent-changes-\">Any recent changes?</h1>\n<p>Think about any recent changes you or your team may have made and contact your webmaster."
    }
  ,
    {
      "stack": "3-8-learn",
      "stack-index": "3",
      "stack-length": "4",
      "title": "Software problem",
      "unit": "1-down-site",
      "images": [],
      "type": "card",
      "subtype": "learn",
      "category": [],
      "contents": "</p>\n<h1 id=\"sent-your-webmaster-a-screenshot\">Sent your webmaster a screenshot</h1>\n<p>Sending your webmaster a screenshot, the link of the page you are having problems with and any error messages you see will help them figure out what might be causing the problem."
    }
  ,
    {
      "stack": "3-8-learn",
      "stack-index": "4",
      "stack-length": "4",
      "title": "Software problem",
      "unit": "1-down-site",
      "images": [],
      "type": "card",
      "subtype": "learn",
      "category": [],
      "contents": "</p>\n<h1 id=\"helpful-questions\">Helpful questions</h1>\n<p>Here are some <a href=\"en/topics/practice-1-emergencies/5-ddos/3-13-learn.md\">helpful questions</a> to ask your webmaster.</p>"
    }
  ,
    {
      "stack": "3-9-learn",
      "stack-index": "1",
      "stack-length": "2",
      "title": "Account hijacking",
      "unit": "1-down-site",
      "images": [],
      "type": "card",
      "subtype": "learn",
      "category": [],
      "contents": "<h1 id=\"defacement-problems\">Defacement problems</h1>\n<p>Are you seeing a website that is not yours? Are you receiving a warning from your browser about malware on your own site? This could be a defacement problem."
    }
  ,
    {
      "stack": "3-9-learn",
      "stack-index": "2",
      "stack-length": "2",
      "title": "Account hijacking",
      "unit": "1-down-site",
      "images": [],
      "type": "card",
      "subtype": "learn",
      "category": [],
      "contents": "</p>\n<h1 id=\"fix-the-problem\">Fix the problem</h1>\n<p>See <a href=\"en/topics/practice-1-emergencies/5-ddos/3-14-learn\">website defacement</a> for next steps. You will need to work with your web hosting provider and review the <a href=\"en/topics/practice-1-emergencies/2-account-hijacked/1-1-intro.md\">Account Hijacking</a> section.</p>"
    }
  ,
    {
      "stack": "4-test",
      "stack-index": "1",
      "stack-length": "1",
      "title": "Test",
      "unit": "1-down-site",
      "images": [],
      "type": "activity",
      "subtype": "test",
      "category": [],
      "contents": "<quiz name=\"Gitbook Quiz\">\n    <question multiple>\n        <p>What is gitbook used for?</p>\n        <answer correct>To read books</answer>\n        <answer>To book hotel named git</answer>\n        <answer correct>To write and publish beautiful books</answer>\n        <explanation>GitBook.com lets you write, publish and manage your books online as a service.</explanation>\n    </question>\n    <question>\n        <p>Is it quiz?</p>\n        <answer correct>Yes</answer>\n        <answer>No</answer>\n    </question>\n</quiz>"
    }
  ,
    {
      "stack": "5-next",
      "stack-index": "1",
      "stack-length": "1",
      "title": "Next",
      "unit": "1-down-site",
      "images": [],
      "type": "card",
      "subtype": "next",
      "category": [],
      "contents": "<hr>\n<ul>\n<li>en/topics/practice-1-emergencies/2-account-hijacked/1-1-intro.md: What to do if your account has been hijacked</li>\n<li>en/topics/practice-1-emergencies/1-seeking-help/1-1-intro.md: Seeking help safely after an emergency\n-</li>\n</ul>\n<hr>\n<p>See also:</p>\n<ul>\n<li>Electronic Frontier Foundation: Security Self Defense</li>\n</ul>"
    }
  ]
}
  