{
  "slug": "tool-4-keepassx_0-getting-started",
  "type": "unit",
  "title": "Using KeePassX",
  "parentTitle": "Using KeepassX",
  "locale": "en",
  "categories": [],
  "updatedAt": "2016-06-06T13:36:57.631Z",
  "cards": [
    {
      "stack": "1-1-intro",
      "title": "Getting started with KeePassX",
      "type": "card",
      "subtype": "intro",
      "category": [],
      "contents": "<p>Learn how to use KeePassX for securely managing passwords for multiple accounts.</p>"
    }
  ,
    {
      "stack": "3-1-learn",
      "title": "Using KeepassX",
      "type": "card",
      "subtype": "learn",
      "category": [],
      "contents": "<p>Password managers are considered to be the most secure way to use complex and varying passwords and still remember them. KeePassX is an open-source password manager, and once you&#39;ve set your master password, it creates and saves passwords for you."
    }
  ,
    {
      "stack": "3-1-learn",
      "title": "Using KeepassX",
      "type": "card",
      "subtype": "learn",
      "category": [],
      "contents": "To enhance convenience, you can synchronise your password database - for example, by using a cloud service, so that you can access your passwords on various computers as well as your phone. That way, you&#39;ll have round the clock access to strong passwords."
    }
  ,
    {
      "stack": "3-1-learn",
      "title": "Using KeepassX",
      "type": "card",
      "subtype": "learn",
      "category": [],
      "contents": "Refer to <a href=\"https://securityinabox.org/en/guide/keepassx/os-x\">the guide</a> Tactical Technology Collective has created for assistance in downloading, installing, and using KeePassX.</p>"
    }
  ,
    {
      "stack": "5-next",
      "title": "Next",
      "type": "card",
      "subtype": "next",
      "category": [],
      "contents": "<hr>\n<ul>\n<li>(en/topics/understand-4-digisec/2-passwords/1-1-intro.md): Learn how to create strong passphrases</li>\n<li>(en/topics/understand-2-security/1-your-security/1-1-intro.md): Understanding your security</li>\n<li>(en/topics/understand-4-digisec/0-getting-started/1-1-intro.md): Digital security basics</li>\n</ul>\n<hr>\n<p>See also:</p>\n<ul>\n<li>Tactical Technology Collective: <a href=\"https://securityinabox.org/en/guide/keepassx/os-x\">Security in a Box</a></li>\n</ul>"
    }
  ]
}
  