{
  "slug": "practice-5-internet-anonymity_0-getting-started",
  "type": "unit",
  "title": "Getting Started",
  "parentTitle": "Using the Internet Anonymously",
  "locale": "en",
  "categories": [],
  "updatedAt": "2015-12-10T15:39:45.871Z",
  "cards": [
    {
      "stack": "1-intro",
      "title": "Introduction",
      "type": "card",
      "subtype": "intro",
      "category": [],
      "contents": "<p>Concerns about internet privacy are no longer just the domain of terrorists and hackers only but also for anyone who hates the idea third-parties snooping around. </p>\n<p>A compromised internet identity makes you a prime target for identity theft and government surveillance and it makes it easy anyone interested in knowing exactly what you are up to while browsing.    </p>\n<p>If you want to keep yourself safe in this digital age,there are a number of tools available to use. </p>"
    }
  ,
    {
      "stack": "2-scenario",
      "title": "Scenario",
      "type": "card",
      "subtype": "scenario",
      "category": [],
      "contents": "<p>Henry and Grace are journalists in a Kampala suburb who mantain a blog on which they anonymously publicise corruption practices and campaign for political change. </p>\n<p>The authorities in Uganda have not been able to shut down their website, because it is hosted in another country, but they have often tried to learn the identity of the blog&#39;s administrators from other journalists.</p>\n<p>Henry and Grace are concerned that the authorities may be able to monitor their updates and learn who they are.</p>\n<p>In addition,they want to prepare for when the government eventually filters their website so that they can continue updating it and also provide good circumvention advice to readers all over the country who would otherwise lose access to the blog.</p>"
    }
  ,
    {
      "stack": "3-learn",
      "title": "Learn",
      "type": "card",
      "subtype": "learn",
      "category": [],
      "contents": "<p>Learning text...</p>"
    }
  ,
    {
      "stack": "4-test",
      "title": "Test",
      "type": "activity",
      "subtype": "test",
      "category": [],
      "contents": "<quiz name=\"Gitbook Quiz\">\n    <question multiple>\n        <p>What is gitbook used for?</p>\n        <answer correct>To read books</answer>\n        <answer>To book hotel named git</answer>\n        <answer correct>To write and publish beautiful books</answer>\n        <explanation>GitBook.com lets you write, publish and manage your books online as a service.</explanation>\n    </question>\n    <question>\n        <p>Is it quiz?</p>\n        <answer correct>Yes</answer>\n        <answer>No</answer>\n    </question>\n</quiz>"
    }
  ,
    {
      "stack": "5-next",
      "title": "Next",
      "type": "card",
      "subtype": "next",
      "category": [],
      "contents": "<ul>\n<li><a href=\"en/topics/_topic/_unit/index.md\">A topic to study next</a></li>\n<li><a href=\"en/topics/_topic/_unit/index.md\">Another topic</a></li>\n<li>...</li>\n</ul>"
    }
  ]
}
  