{
  "slug": "understand-2-security_5-your-colleagues",
  "type": "unit",
  "title": "Your colleagues",
  "parentTitle": "Understand Security",
  "locale": "en",
  "categories": [],
  "updatedAt": "2016-06-13T16:19:22.738Z",
  "cards": [
    {
      "stack": "1-1-intro",
      "title": "Your colleagues",
      "type": "card",
      "subtype": "intro",
      "category": [],
      "contents": "<p>The security of your colleagues is part of your own security.</p>"
    }
  ,
    {
      "stack": "2-scenario",
      "title": "Scenario",
      "type": "card",
      "subtype": "scenario",
      "category": [],
      "contents": "<p>Scenario text...</p>"
    }
  ,
    {
      "stack": "3-1-learn",
      "title": "Team configurations",
      "type": "card",
      "subtype": "learn",
      "category": [],
      "contents": "<blockquote>\n<p>give out some examples of team configurations, it can be that you are working by yourself, you have people in the field, people in the newsroom, your editor....</p>\n</blockquote>"
    }
  ,
    {
      "stack": "3-2-learn",
      "title": "Sharing of information with your teams",
      "type": "card",
      "subtype": "learn",
      "category": [],
      "contents": "<p>It&#39;s important to think about what kinds of information you share with your colleagues and what information to keep private."
    }
  ,
    {
      "stack": "3-2-learn",
      "title": "Sharing of information with your teams",
      "type": "card",
      "subtype": "learn",
      "category": [],
      "contents": "Sharing information with your colleagues about your sources and research means that they will be able to continue your important investigations should something unexpected arise."
    }
  ,
    {
      "stack": "3-2-learn",
      "title": "Sharing of information with your teams",
      "type": "card",
      "subtype": "learn",
      "category": [],
      "contents": "On the other hand, sharing information only on a &#39;need to know&#39; basis means you might be better able to prevent infiltration by adversaries."
    }
  ,
    {
      "stack": "3-2-learn",
      "title": "Sharing of information with your teams",
      "type": "card",
      "subtype": "learn",
      "category": [],
      "contents": "Whether you share much or little information with your colleagues, it is important that all information shared is done so securely."
    }
  ,
    {
      "stack": "3-2-learn",
      "title": "Sharing of information with your teams",
      "type": "card",
      "subtype": "learn",
      "category": [],
      "contents": "Refer to the <a href=\"en/topics/understand-4-digisec/4-secure-communications/1-1-intro.md\">Secure Communications</a> and <a href=\"en/topics/understand-3-opsec/0-getting-started/1-1-intro.md\">Operational Security</a> lessons to learn how to do do so.</p>"
    }
  ,
    {
      "stack": "3-3-learn",
      "title": "Talking about security with your colleagues",
      "type": "card",
      "subtype": "learn",
      "category": [],
      "contents": "<p>Talking about security is courageous. Failing to talk about security, or or pretending risks do not exist, promotes a culture of carelessness."
    }
  ,
    {
      "stack": "3-3-learn",
      "title": "Talking about security with your colleagues",
      "type": "card",
      "subtype": "learn",
      "category": [],
      "contents": "Sometimes, though, it can be hard to talk about security with your colleagues."
    }
  ,
    {
      "stack": "3-3-learn",
      "title": "Talking about security with your colleagues",
      "type": "card",
      "subtype": "learn",
      "category": [],
      "contents": "You might face opposition from those who feel talking about security takes away valuable time you could spend doing your jobs. Your colleagues might even put on a brave face and pretending these risks do not exist."
    }
  ,
    {
      "stack": "3-3-learn",
      "title": "Talking about security with your colleagues",
      "type": "card",
      "subtype": "learn",
      "category": [],
      "contents": "It&#39;s also possible you might feel this way yourself."
    }
  ,
    {
      "stack": "3-3-learn",
      "title": "Talking about security with your colleagues",
      "type": "card",
      "subtype": "learn",
      "category": [],
      "contents": "When you or other people bring it up, it is important not to take this as a weakness or a worry, but as an opportunity to develop and make sure everyone is on the same page."
    }
  ,
    {
      "stack": "3-3-learn",
      "title": "Talking about security with your colleagues",
      "type": "card",
      "subtype": "learn",
      "category": [],
      "contents": "To learn how to develop security with your colleagues, refer to the <a href=\"en/topics/understand-3-opsec/0-getting-started/1-1-intro.md\">Operational Security</a> and the <a href=\"en/topics/practice-2-planning/0-getting-started/1-1-intro.md\">Planning and Preparing</a> lessons.</p>"
    }
  ,
    {
      "stack": "4-test",
      "title": "Test",
      "type": "activity",
      "subtype": "test",
      "category": [],
      "contents": "<quiz name=\"Gitbook Quiz\">\n    <question multiple>\n        <p>What is gitbook used for?</p>\n        <answer correct>To read books</answer>\n        <answer>To book hotel named git</answer>\n        <answer correct>To write and publish beautiful books</answer>\n        <explanation>GitBook.com lets you write, publish and manage your books online as a service.</explanation>\n    </question>\n    <question>\n        <p>Is it quiz?</p>\n        <answer correct>Yes</answer>\n        <answer>No</answer>\n    </question>\n</quiz>"
    }
  ,
    {
      "stack": "5-next",
      "title": "Next",
      "type": "card",
      "subtype": "next",
      "category": [],
      "contents": "<hr>\n<ul>\n<li>(en/topics/understand-2-security/1-your-security/1-intro.md): Your security</li>\n<li>(en/topics/understand-2-security/2-your-well-being/1-intro.md): Your well-being</li>\n<li>(en/topics/understand-2-security/3-your-mission-hrd/1-intro.md): Your mission</li>\n<li>(en/topics/understand-2-security/3-your-story-journo/1-intro.md): Your story</li>\n<li>(en/topics/understand-2-security/4-your-sources-journo/1-intro.md): Your sources</li>\n</ul>\n<hr>\n<p>See also: </p>"
    }
  ]
}
  