{
  "slug": "practice-4-safe-social-networks_4-who-controls",
  "type": "unit",
  "title": "Who controls and owns your information on Social Networking platforms?",
  "parentTitle": "Safe Social Networks",
  "locale": "en",
  "categories": [],
  "updatedAt": "2016-05-16T12:19:50.054Z",
  "cards": [
    {
      "stack": "1-intro.md",
      "title": "Introduction",
      "type": "card",
      "subtype": "intro",
      "category": [],
      "contents": "<h2 id=\"a-new-post\">A New Post</h2>\n<p>Enter text in <a href=\"http://daringfireball.net/projects/markdown/\">Markdown</a>. Use the toolbar above, or click the <strong>?</strong> button for formatting help.</p>"
    }
  ,
    {
      "stack": "2-scenario",
      "title": "Scenario",
      "type": "card",
      "subtype": "scenario",
      "category": [],
      "contents": "<h2 id=\"a-new-post\">A New Post</h2>\n<p>Enter text in <a href=\"http://daringfireball.net/projects/markdown/\">Markdown</a>. Use the toolbar above, or click the <strong>?</strong> button for formatting help.</p>"
    }
  ,
    {
      "stack": "3-learn",
      "title": "Learn",
      "type": "card",
      "subtype": "learn",
      "category": [],
      "contents": "<h2 id=\"a-new-post\">A New Post</h2>\n<p>Enter text in <a href=\"http://daringfireball.net/projects/markdown/\">Markdown</a>. Use the toolbar above, or click the <strong>?</strong> button for formatting help.</p>"
    }
  ,
    {
      "stack": "4-howto",
      "title": "How-to",
      "type": "howto",
      "subtype": "howto",
      "category": [],
      "contents": "<h2 id=\"a-new-post\">A New Post</h2>\n<p>Enter text in <a href=\"http://daringfireball.net/projects/markdown/\">Markdown</a>. Use the toolbar above, or click the <strong>?</strong> button for formatting help.</p>"
    }
  ,
    {
      "stack": "5-test",
      "title": "Test",
      "type": "activity",
      "subtype": "test",
      "category": [],
      "contents": "<h2 id=\"a-new-post\">A New Post</h2>\n<p>Enter text in <a href=\"http://daringfireball.net/projects/markdown/\">Markdown</a>. Use the toolbar above, or click the <strong>?</strong> button for formatting help.</p>"
    }
  ,
    {
      "stack": "6-next",
      "title": "Next",
      "type": "card",
      "subtype": "next",
      "category": [],
      "contents": "<h2 id=\"a-new-post\">A New Post</h2>\n<p>Enter text in <a href=\"http://daringfireball.net/projects/markdown/\">Markdown</a>. Use the toolbar above, or click the <strong>?</strong> button for formatting help.</p>"
    }
  ]
}
  