{
  "slug": "understand-4-digisec_3-metadata",
  "type": "unit",
  "title": "Metadata",
  "parentTitle": "Understanding Digital Security",
  "locale": "en",
  "categories": [],
  "updatedAt": "2016-05-23T17:06:39.017Z",
  "cards": [
    {
      "stack": "1-intro",
      "title": "Introduction",
      "type": "card",
      "subtype": "intro",
      "category": [],
      "contents": "<p>This unit will provide an overview of what metadata is an why it is important.</p>"
    }
  ,
    {
      "stack": "2-scenario",
      "title": "Scenario",
      "type": "card",
      "subtype": "scenario",
      "category": [],
      "contents": "<p>Henry is a journalist writing about wildlife preservation. While working on a story about poaching recently, he came across a story that park rangers were warning people not to upload pictures to social media, and to turn off the geo-location feature on their phone."
    }
  ,
    {
      "stack": "2-scenario",
      "title": "Scenario",
      "type": "card",
      "subtype": "scenario",
      "category": [],
      "contents": "The reason, he learned, was that shared photos included metadata, revealing the time and location of wild animals. Poachers had been found to be using social media to illegally wildlife and evade detection by wildlife officials.</p>"
    }
  ,
    {
      "stack": "3-learn",
      "title": "What is metadata?",
      "type": "card",
      "subtype": "learn",
      "category": [],
      "contents": "<p>Metadata is data about data. It is information about a file (such as a word document, a PDF, a picture, music file etc.) that is stored within the file itself."
    }
  ,
    {
      "stack": "3-learn",
      "title": "What is metadata?",
      "type": "card",
      "subtype": "learn",
      "category": [],
      "contents": "This information can include the time and date a file was created, the username of the people who created or edited it, information about the device that created it, and other kinds of information."
    }
  ,
    {
      "stack": "3-learn",
      "title": "What is metadata?",
      "type": "card",
      "subtype": "learn",
      "category": [],
      "contents": "As a result of this, the metadata in a file could tell someone who created a file, on what computer or device, when, and in what location."
    }
  ,
    {
      "stack": "3-learn",
      "title": "What is metadata?",
      "type": "card",
      "subtype": "learn",
      "category": [],
      "contents": "While this information is generated automatically by many devices (like cameras, computers, and phones) it can be edited and manipulated by those who know where to look. This can also be a good thing, as it means you can take control over the metadata you choose to share when you share files."
    }
  ,
    {
      "stack": "3-learn",
      "title": "What is metadata?",
      "type": "card",
      "subtype": "learn",
      "category": [],
      "contents": "Let&#39;s take pictures as an example. When you take a picture with your digital camera, what happens?"
    }
  ,
    {
      "stack": "3-learn",
      "title": "What is metadata?",
      "type": "card",
      "subtype": "learn",
      "category": [],
      "contents": "If your camera or phone knows where you are, then that information (in the form of GPS coordinates) can be saved in the metadata of the file."
    }
  ,
    {
      "stack": "3-learn",
      "title": "What is metadata?",
      "type": "card",
      "subtype": "learn",
      "category": [],
      "contents": "If your camera knows what time it is, it records the date and time the picture was taken. If your camera or phone has a serial number that may be recorded in metadata as well."
    }
  ,
    {
      "stack": "3-learn",
      "title": "What is metadata?",
      "type": "card",
      "subtype": "learn",
      "category": [],
      "contents": "Digital image file formats such as TIFF (Tagged Image File Format) and JPEG (Joint Photographic Experts Group) created by digital cameras or smartphones, contain metadata in a format called EXIF (Exchangeable image file format) which could include all of the above information and even a thumbnail of the original image."
    }
  ,
    {
      "stack": "3-learn",
      "title": "What is metadata?",
      "type": "card",
      "subtype": "learn",
      "category": [],
      "contents": "Other files such as text documents include metadata too. A text document&#39;s metadata, for example, may contain information about how long the document is, who the author is, when the document was written, and a short summary of the document."
    }
  ,
    {
      "stack": "3-learn",
      "title": "What is metadata?",
      "type": "card",
      "subtype": "learn",
      "category": [],
      "contents": "Emails contain metadata as well. The author of the email, the email recipient, subject line, and date are all metadata. The content of the email, that is, what you are actually writing, is not metadata."
    }
  ,
    {
      "stack": "3-learn",
      "title": "What is metadata?",
      "type": "card",
      "subtype": "learn",
      "category": [],
      "contents": "Nonetheless, metadata from email communication can be used to track correspondence between various actors, even if the content of those emails is encrypted and unable to be read."
    }
  ,
    {
      "stack": "3-learn",
      "title": "What is metadata?",
      "type": "card",
      "subtype": "learn",
      "category": [],
      "contents": "In many cases, metadata tells a story just as interesting as the content itself.</p>"
    }
  ,
    {
      "stack": "4-test",
      "title": "Test",
      "type": "activity",
      "subtype": "test",
      "category": [],
      "contents": "<quiz name=\"Gitbook Quiz\">\n    <question multiple>\n        <p>What is gitbook used for?</p>\n        <answer correct>To read books</answer>\n        <answer>To book hotel named git</answer>\n        <answer correct>To write and publish beautiful books</answer>\n        <explanation>GitBook.com lets you write, publish and manage your books online as a service.</explanation>\n    </question>\n    <question>\n        <p>Is it quiz?</p>\n        <answer correct>Yes</answer>\n        <answer>No</answer>\n    </question>\n</quiz>"
    }
  ,
    {
      "stack": "5-next",
      "title": "Next",
      "type": "card",
      "subtype": "next",
      "category": [],
      "contents": "<ul>\n<li><a href=\"en/topics/_topic/_unit/index.md\">A topic to study next</a></li>\n<li><a href=\"en/topics/_topic/_unit/index.md\">Another topic</a></li>\n<li>...</li>\n</ul>"
    }
  ]
}
  